date,year,open,gap_pct,pm_range_pct,pos,dist_hi,dist_lo,touch_hi,touch_lo,brk_hi,brk_lo,morn_ret,back_in_hi,back_in_lo,max_up,max_dn,pm_tight,pm_wide
2018-01-03,2018,158.62,0.09465513977409135,0.14513788098694907,0.6086956521739292,0.05673937712773469,0.08833922261484162,True,False,True,False,53.58718950951857,False,False,0.6367418988778129,0.006304375236410031,False,False
2018-01-04,2018,160.59,0.35620547431569616,0.48743907011623616,0.7179487179487198,0.13699483155862335,0.34993438730237525,False,False,False,False,-5.604334018307622,False,False,0.12454075596237679,0.3160221682545594,False,False
2018-01-05,2018,161.05,0.46160563907429175,0.3617990144095715,0.4827586206896704,0.18627755355478115,0.1741618461155614,False,True,False,False,8.072027320706887,False,False,0.12418503570319483,0.17385904998448165,False,False
2018-01-08,2018,161.9,0.012354830738825484,0.2656288608846101,0.39534883720933306,0.16059295861643452,0.10511346070611882,True,False,True,False,27.486102532428003,True,False,0.28412600370599783,0.02470660901791044,False,False
2018-01-09,2018,162.85,0.20921789428343107,0.22152482924128586,0.6111111111110848,0.08596868283696768,0.13527639426920146,False,True,False,True,-20.970217992016813,False,True,0.06754682222904762,0.47896837580595486,False,False
2018-01-10,2018,161.81,-0.47973430100252124,0.5350882588105077,0.43678160919539477,0.30282430010506456,0.23539614693675048,False,True,False,True,-18.54026327173908,False,True,0.1730424572028877,0.42642605524998434,False,False
2018-01-11,2018,162.48,0.18497965223824853,0.3699593044765041,0.4999999999999763,0.18463810930575697,0.18497965223824853,False,False,False,False,-1.2309207287042323,False,False,0.17232890201870354,0.0984736582964052,False,False
2018-01-12,2018,163.03,-0.1653398652786353,0.5572565829761155,0.05494505494506764,0.5275102741826521,0.030678610872514334,False,True,False,False,49.9907992394033,False,False,0.5029749125927685,0.055204563577260224,False,False
2018-01-16,2018,165.55,0.6566547090654851,0.4073691250684112,0.6716417910447856,0.1328903654485014,0.27256208358572565,True,False,True,False,29.296285110238518,True,False,0.5225007550588856,0.006040471156765204,False,False
2018-01-17,2018,164.77,0.47563875846088344,0.3353863040429364,0.3818181818181884,0.20634824300540533,0.12761302868256053,False,True,False,True,-31.86259634642252,False,True,0.06069065970746301,0.4491108818352907,False,False
2018-01-18,2018,165.55,-0.13934045517881577,0.3558912058679845,0.559322033898323,0.15705225007549561,0.1997336884154599,True,True,True,True,-6.644518272426181,True,True,0.20537601932948402,0.2506795530051509,False,False
2018-01-19,2018,166.32,0.3015317814497598,0.41611385840067405,0.739130434782598,0.10822510822510178,0.30758096616609887,True,True,True,True,-16.835016835017313,True,True,0.1743626743626825,0.4088504088504141,False,False
2018-01-22,2018,166.24,-0.0601178309486583,0.19237705903570587,0.34375000000004996,0.12632338787295083,0.06621320652502316,True,True,True,True,55.64244465832368,True,True,0.6015399422521606,0.0902309913378252,False,False
2018-01-23,2018,168.65,0.3212182499553906,0.5175182915947918,0.5172413793103617,0.24903646605394236,0.26753864447088826,True,False,True,False,36.16958197450337,True,False,0.4032018974206908,0.05632967684553458,False,False
2018-01-24,2018,169.81,0.18880169921529077,0.34220307982770903,0.7068965517241514,0.10011188975913576,0.2420306965761565,True,True,True,True,12.3667628526003,True,True,0.18844591013484902,0.30622460396915185,False,False
2018-01-25,2018,169.55,0.6470378724919845,0.8607384542324688,0.786206896551725,0.182836921262175,0.6769194228371411,False,True,False,True,-66.85933352993278,False,True,0.047183721616028684,0.819817163078751,False,False
2018-01-26,2018,169.26,0.540540540540535,0.368280368280371,0.6129032258064397,0.14179369018079147,0.2250118427285619,True,False,True,False,4.135649296941324,True,False,0.14770176060499018,0.17724211272597268,False,False
2018-01-29,2018,170.52,-0.19899332787077784,0.22825705255765816,0.6666666666666909,0.07623739150832698,0.15270762363446266,True,True,True,True,-2.345765892565188,True,True,0.12315270935958633,0.29322073657048753,False,False
2018-01-30,2018,168.59,-0.8818860603210021,0.5996825210182904,0.14705882352941585,0.5160448425173492,0.08905248159583046,False,True,False,True,4.448662435494466,False,True,0.2253988967317211,0.45672934337742666,False,False
2018-01-31,2018,169.67,0.5511437714827316,0.592627711271779,0.9699999999999989,0.017681381505285643,0.5749851807943074,True,False,True,False,5.893793835092254,True,False,0.18854246478459125,0.11198208286673506,False,False
2018-02-01,2018,168.12,-0.708717221828481,1.0453579021970294,0.1920903954802268,0.8505829169640711,0.2026463225652586,False,False,False,False,44.61099214846609,False,False,0.7137758743754441,0.023792529145838515,False,False
2018-02-02,2018,167.34,-0.3750669762457526,0.8572959457046057,0.6388888888888884,0.31074459184894376,0.5528181708929214,False,True,False,True,-47.20927453089496,False,True,0.21513087128002262,1.1174853591490397,False,False
2018-02-05,2018,163.15,-0.856830335439962,1.045211473018959,0.2732558139534879,0.7661661048115276,0.2889107450209094,True,True,True,True,143.42629482071655,False,True,1.5936254980079667,0.3800183879865138,False,False
2018-02-06,2018,155.96,-1.3972308275905565,2.655370803565795,0.28571428571428864,1.9235701461913335,0.7753941586973401,True,False,True,False,109.002308284174,True,False,3.0264170300077,0.5514234419081943,False,False
2018-02-07,2018,161.79,-0.32037459183045236,1.219887868892853,0.7373737373737308,0.3214042895111069,0.9106218424499435,True,False,True,False,22.869151369058205,True,False,0.6675319859076767,0.33994684467518743,False,False
2018-02-08,2018,160.69,0.2996067661194646,1.1484926034579457,0.7391304347826108,0.29871180533946884,0.85357434255946,False,True,False,False,-77.78953264048761,False,False,0.06845478872363753,0.8712427655734656,False,False
2018-02-09,2018,155.63,1.4074411937186504,1.2901544275754337,0.9292929292929225,0.08995694917433017,1.1964366993952869,True,False,True,False,-12.369080511469566,True,False,0.533316198676359,0.5943584141874902,False,False
2018-02-12,2018,157.66,0.9799526035995543,1.3770575802216138,0.7255813953488364,0.3742230115438394,0.9993593850096127,True,False,True,False,-38.056577445134685,True,False,0.6533045794748116,0.7611315489026937,False,False
2018-02-13,2018,157.97,-0.6040395142515642,0.6984206883533538,0.32432432432431535,0.4747736912071865,0.22841190279803136,True,False,True,False,55.70677976830973,True,False,0.7944546432866906,0.15844780654554746,False,False
2018-02-14,2018,158.79,-0.5324480080180383,3.0631420696567373,0.5950920245398748,1.2469299074249207,1.8668206312548064,True,False,True,False,135.3989545941192,True,False,1.4925373134328401,0.497512437810943,False,False
2018-02-15,2018,164.12,0.8665724294757426,0.4793804929014819,0.9358974358974579,0.030465513039223957,0.44678376889650817,True,True,True,True,15.23275651962086,True,True,0.24981720692176523,0.5240068242749252,False,False
2018-02-16,2018,165.2,-0.27767717010744875,1.1952191235059872,0.06565656565656276,1.1198547215496513,0.07875446780154505,False,False,False,False,57.506053268765456,False,False,0.6355932203389925,0.02421307506053072,False,True
2018-02-20,2018,164.37,-0.39992728594800964,0.7089620069078446,0.4957264957264997,0.3589462797347398,0.35411197264791916,True,False,True,False,73.00602299689763,False,False,0.9338687108353172,0.03650301149844548,False,False
2018-02-21,2018,166.05,0.4901960784313708,0.568869523117905,0.9361702127659568,0.03613369467028171,0.5327844039474616,True,False,True,False,28.304727491719195,True,False,0.33122553447755276,0.1505570611261664,False,False
2018-02-22,2018,165.54,0.48561369430617507,1.2201044069442875,0.930348258706461,0.08457170472393472,1.1425429217327476,True,False,True,False,27.183762232694253,True,False,0.3805726712577062,0.205388425758124,False,True
2018-02-23,2018,166.06,0.7278903311900953,0.5155889845929845,0.564705882352933,0.22281103215704423,0.2898900833433915,False,True,False,True,-31.313982897748225,False,True,0.14452607491268754,0.3492713477056597,False,False
2018-02-26,2018,168.93,0.48179871520341866,0.40447299547942356,0.7794117647058763,0.08879417510212484,0.3147268408551174,True,False,True,False,16.278932102054,True,False,0.4617297105310003,0.0651157284082271,False,False
2018-02-27,2018,170.42,0.04109186968006551,0.3287349574405649,0.8214285714285315,0.05867855885459683,0.27065191809836353,True,True,True,True,9.388569416737269,True,True,0.18190353244924573,0.41661776786761084,True,False
2018-02-28,2018,169.2,0.5825704434668788,0.4815123053144705,0.9135802469135538,0.04137115839244476,0.4392734180220792,True,False,True,False,14.775413711582974,True,False,0.2600472813238719,0.2718676122931307,False,False
2018-03-01,2018,167.29,0.11370436864153177,1.747456612806695,0.349315068493146,1.135752286448688,0.6134600348830066,False,True,False,True,1.1955287225773326,False,True,0.3407256859346175,1.004244126965137,False,True
2018-03-02,2018,162.59,-1.1851221587455885,1.3188282484502345,0.07834101382489156,1.2300879512885166,0.10466691294177544,False,True,False,True,22.14158312319192,False,True,0.47973430100252124,0.38747770465588083,False,True
2018-03-05,2018,165.26,-0.43378720327750253,0.873599228822743,0.11724137931033712,0.7745370930654749,0.1029741353201219,False,True,False,True,-3.63064262374424,False,True,0.2904514098995614,0.40542175965144756,False,False
2018-03-06,2018,168.62,0.5006556204553592,0.4648945047085476,0.7948717948717996,0.09488791365199756,0.3690476190476133,True,False,True,False,21.349780571697785,True,False,0.2728027517495013,0.29652473016249514,False,False
2018-03-07,2018,167.26,-0.7476857346309207,0.5637313078566443,0.6315789473684037,0.20925505201483396,0.3600144005760253,True,False,True,False,50.81908406074476,True,False,0.567918211168239,0.09565945234962792,False,False
2018-03-08,2018,169.54,0.3729796933278129,0.4736250074003975,0.6249999999999911,0.17694939247376862,0.29578797917653166,True,False,True,False,-4.128819157720454,True,False,0.21823758405097315,0.17105107939129338,False,False
2018-03-09,2018,171.1,0.7418747056052721,1.0127178520960898,0.7965116279069799,0.20455873758036258,0.807164319802034,True,False,True,False,25.71595558153117,False,False,0.3506721215663422,0.16364699006429229,False,False
2018-03-12,2018,173.65,0.3177354130560417,0.3523974581167034,0.13114754098362413,0.3052116325942933,0.046090914328522636,True,True,True,True,25.914195220269054,True,True,0.3340051828390367,0.1209329110279378,True,False
2018-03-13,2018,174.8,0.5348823833899008,0.5003738425260278,0.8505747126436841,0.0743707093821433,0.42514075606112645,True,False,True,False,-3.432494279176357,True,False,0.23455377574370662,0.13729977116705427,False,False
2018-03-14,2018,172.58,0.47156080805728084,0.46573906968621487,0.47500000000002307,0.24336539575848803,0.22067363530779982,False,True,False,True,-24.91598099432224,False,True,0.0927106269556166,0.504114034071157,False,False
2018-03-15,2018,171.83,0.08154231463686212,0.3494670627293345,0.9000000000000427,0.03491823313739317,0.31525483098839846,True,True,False,True,1.1639411045782921,False,True,0.0465576441831983,0.4655764418320496,True,False
2018-03-16,2018,171.78,0.20416496529194195,0.34999708335763535,0.6166666666666801,0.13389218768191657,0.2158567178111026,True,False,True,False,15.717778553965278,True,False,0.24449877750609694,0.05239259517988426,True,False
2018-03-19,2018,169.19,-1.0874013446360742,0.8827828120432568,0.6092715231788033,0.3487203735445421,0.5467403577583463,False,False,False,False,-26.597316626277845,False,False,0.01773154441750968,0.5142147881080472,False,False
2018-03-20,2018,167.1,-0.02991325157045699,0.7478312892611426,0.12000000000000455,0.6582884500299091,0.08984725965859308,False,True,False,False,31.268701376421237,False,False,0.520646319569118,0.08976660682226134,False,False
2018-03-21,2018,167.23,-0.24457170126461758,0.37580529706513693,0.19047619047615397,0.30496920409017747,0.07180898809167058,True,True,True,True,19.73330144112939,True,True,0.4544639119775207,0.12557555462535674,False,False
2018-03-22,2018,164.7,-1.2944983818770406,1.1266930360781635,0.16489361702127572,0.9532483302975292,0.18857594744206008,False,True,False,False,29.143897996357637,False,False,0.6496660595021408,0.2064359441408481,False,True
2018-03-23,2018,162.6,-0.0430319050839123,1.3401364726132705,0.8715596330275228,0.17220172201721784,1.1823273179838223,True,False,True,False,-11.070110701107971,True,False,0.4305043050430557,0.6088560885608718,False,True
2018-03-26,2018,161.68,2.0449381469326067,1.5652612976521016,0.7782258064516189,0.3401781296387796,1.20813771517998,True,False,True,False,-29.68827313211353,True,False,0.3896585848589762,0.32780801583374153,False,True
2018-03-27,2018,165.6,0.7238002554589062,0.5352472477343373,0.20454545454545675,0.4227053140096748,0.10881392818280489,False,True,False,True,-60.9903381642507,False,False,0.012077294685997053,0.8574879227053023,False,False
2018-03-28,2018,158.21,-0.49059689288634134,1.5158186049437048,0.2863070539419082,1.0871626319448824,0.43803961401727154,False,True,False,True,-22.754566715126323,False,True,0.7458441312179875,1.0239555021806512,False,True
2018-03-29,2018,158.14,0.546795523906396,0.5976602238046781,0.15957446808508258,0.49955735424309644,0.09494271789352027,False,True,False,True,-29.088149740734703,False,True,0.2845579865941694,0.9524471986846916,False,False
2018-04-02,2018,159.0,-0.7304738715115167,0.9177748642067796,0.23129251700680523,0.7106918238993787,0.21429471826548419,False,True,False,True,-103.14465408804985,False,False,0.4654088050314531,1.0943396226415159,False,False
2018-04-03,2018,156.92,0.841848210269247,0.7583060214639205,0.7796610169491375,0.16568952332400855,0.5897435897435743,True,True,True,True,-99.09508029569025,True,True,0.21348457812899735,1.580423145551868,False,False
2018-04-04,2018,154.27,-1.8888323581785826,1.2019842279318154,0.47619047619048266,0.6417320282621208,0.5868161961270157,True,False,True,False,63.524988656251665,True,False,1.0306605302391914,0.1490892590912174,False,True
2018-04-05,2018,161.32,0.989107299361458,0.6823588331037957,0.6605504587155933,0.2293577981651307,0.4483188044831943,False,True,False,True,-55.16984874782915,False,True,0.16117034465659152,0.6632779568559344,False,False
2018-04-06,2018,158.94,-1.0336239103362344,0.7783312577833126,0.3920000000000073,0.47816786208632056,0.30924581887030733,True,False,True,False,46.558449729459106,True,False,0.9563986409966141,0.20133383666791627,False,False
2018-04-09,2018,158.0,0.8424814909369305,1.3147817207046224,0.6650485436893219,0.4367088607594827,0.8746727957607225,True,False,True,False,82.27848101265866,False,False,0.8574683544303907,0.20253164556961467,False,True
2018-04-10,2018,160.11,1.5668612027404327,0.7675716823141385,0.5041322314049667,0.3747423646243142,0.3824451410658458,False,True,False,True,0.62457060770571,False,True,0.21859971269750922,0.6308163137842882,False,False
2018-04-11,2018,160.24,-0.540003724163618,0.7013841474768763,0.8141592920354156,0.13105341987018626,0.5774541802661348,True,False,True,False,68.02296555167287,True,False,0.7239141288067907,0.06240639041439344,False,False
2018-04-12,2018,161.3,0.6050021829975716,0.7734048524917414,0.8225806451612926,0.1363918164910105,0.6363863239331247,True,False,True,False,73.77557346559094,True,False,0.8711717296961963,0.08679479231247234,False,False
2018-04-13,2018,163.01,0.5489760671107735,0.74019245003702,0.9083333333333232,0.06748052266734028,0.6731719367588873,True,True,True,True,-93.85927243727332,True,True,0.15336482424390674,1.0183424329795687,False,False
2018-04-16,2018,162.45,0.6505576208178265,0.5638166047087958,0.6263736263736213,0.2092951677439281,0.35211267605632646,False,True,False,True,0.0,False,True,0.08002462296092805,0.523237919359798,False,False
2018-04-17,2018,164.19,1.015134736064982,0.5044912021656166,0.7195121951219614,0.14008161276568565,0.36063569682152075,True,False,True,False,31.67062549485511,True,False,0.45069736281138084,0.17053413727997624,False,False
2018-04-18,2018,166.13,0.07831325301204117,0.40963855421685447,0.029411764705856536,0.39727923915005015,0.01204021431580049,False,True,False,True,-14.446517787275459,False,True,0.15650394269548507,0.49358935773189394,True,False
2018-04-19,2018,165.65,-0.4507211538461564,0.6790865384615357,0.15929203539823678,0.573498339873213,0.10878104792408916,False,True,False,True,-2.4147298520971194,False,True,0.20525203742831621,0.3320253546634566,False,False
2018-04-20,2018,164.49,-0.29096199308964454,0.6425410680729844,0.3962264150943538,0.38908140312479134,0.2559882976778338,False,True,False,True,-35.26050215818643,False,True,0.07295276308589838,0.693051249316079,False,False
2018-04-23,2018,163.08,0.4249030112691843,0.665065582856095,0.9074074074074138,0.06131959774342555,0.6045650832819272,False,True,False,True,-16.556291390729115,False,True,0.05518763796907855,0.6438557763061126,False,False
2018-04-24,2018,162.6,0.4323656578134605,0.6856084002470745,0.18918918918919403,0.5535055350553542,0.1293183077775817,False,True,False,True,-88.560885608856,False,True,0.18757687576875792,1.014760147601479,False,False
2018-04-25,2018,158.79,0.18296529968453434,0.757097791798118,0.9916666666666507,0.006297625795093076,0.7550761421319718,True,True,False,True,-76.20127212040973,False,True,0.01889287738523482,1.4610491844574525,False,False
2018-04-26,2018,160.72,1.260080645161299,0.756048387096767,0.7333333333333365,0.19910403185663395,0.5505505505505548,True,False,True,False,46.042807366850624,False,False,0.593267794922836,0.33598805375808505,False,False
2018-04-27,2018,164.35,1.4694079150459949,0.5556584552694979,0.5111111111111167,0.2677213264374867,0.28067606321313665,False,True,False,True,-139.336781259507,False,False,0.036507453605105766,1.4420444174018887,False,False
2018-04-30,2018,162.48,0.2344231955582865,0.5243676742751353,0.047058823529402716,0.4985228951255527,0.02462447672986201,True,True,True,True,35.647464303298904,True,True,0.615460364352538,0.08000984736582506,False,False
2018-05-01,2018,160.54,-0.217539934116473,0.44129529492200137,0.16901408450704677,0.36750965491465504,0.07480364044383236,True,True,True,True,44.84863585399346,True,True,0.5730659025787954,0.2491590880777439,True,False
2018-05-04,2018,161.12,0.07453416149068026,0.7757763975155426,0.05524419535629745,0.7323733862959259,0.04284357129109573,True,True,True,False,127.2343594836145,False,False,1.3188927507447934,0.08689175769613922,False,False
2018-05-07,2018,165.6,0.4366812227074135,0.29718583212033545,0.0,0.29589371980676127,0.0,True,True,True,True,52.300724637681654,True,True,0.5797101449275477,0.05434782608695343,True,False
2018-05-08,2018,165.84,-0.1865783930183551,0.40325007523321543,0.7462686567164318,0.10250844187167374,0.30240716100158327,True,True,True,True,-19.89869753979856,True,True,0.1567776169802082,0.4281234925229138,True,False
2018-05-09,2018,166.39,0.22890187338111545,0.28913920848142777,0.1458333333333136,0.24640903900476907,0.042087542087543284,False,True,False,True,-7.812969529418234,False,True,0.1742893202716589,0.2403990624436414,True,False
2018-05-10,2018,168.43,0.3186515381637278,0.41097114267845836,0.7971014492753814,0.08312058421895419,0.3276149630688563,True,False,True,False,24.34245680698277,True,False,0.2529834352549942,0.08312058421897639,True,False
2018-05-11,2018,169.33,-0.1709704044334348,0.37141846480367613,0.04761904761904977,0.3543376838126777,0.017720023626699444,False,True,False,True,12.401818933442943,False,True,0.22736668044645025,0.23622512254178885,True,False
2018-05-14,2018,169.85,0.24197355996222747,0.22426817752596523,0.2894736842104909,0.15896379158080176,0.06480499587604438,True,False,True,False,47.10038269061023,True,False,0.4768913747424275,0.006005298793054781,True,False
2018-05-15,2018,168.4,-0.7894426770354679,0.9426181218333888,0.15625000000000056,0.8016627078384797,0.14867677668748414,False,True,False,True,-38.00475059382524,False,True,0.059382422802856105,0.7719714964370628,False,True
2018-05-16,2018,168.08,0.11316933706595478,0.27398892131753405,0.8478260869565392,0.04164683484055853,0.23257200787167864,True,False,True,False,29.152784388384312,True,False,0.3867206092336817,0.041646834840569635,True,False
2018-05-17,2018,168.4,-0.34323588590364773,0.27813942478399745,0.723404255319158,0.07719714964369295,0.20230869927406747,True,False,True,False,36.2648456057002,True,False,0.4097387173396694,0.0831353919239941,True,False
2018-05-18,2018,167.72,-0.3564638783269958,0.8376901140684391,0.25531914893616037,0.6260434056761355,0.21510516252389866,False,True,False,True,4.990460290961174,False,True,0.17290722632958833,0.24445504412115016,False,False
2018-05-21,2018,168.72,0.7524184879971196,0.2866356144750924,0.6666666666666666,0.0948316737790389,0.19002375296912621,True,False,True,False,17.188240872449967,True,False,0.46230440967283126,0.011853959222385413,True,False
2018-05-22,2018,169.14,0.42750267189168856,0.3621897636860143,0.803278688524578,0.07094714437743121,0.2905425437295994,True,True,True,True,-46.70687004847962,True,True,0.18328012297506024,0.5084545347049718,True,False
2018-05-23,2018,166.9,-0.7551882024142142,0.6005827436522513,0.40594059405940625,0.3594967046135267,0.24626103669889154,True,False,True,False,52.72618334331902,True,False,0.7040143798681786,0.011983223487121997,False,False
2018-05-24,2018,169.56,-0.02358490566036764,0.4362617924528336,0.4864170833896574,0.22410945977824337,0.21270673007875995,False,True,False,True,-60.74545883463123,False,True,0.15923566878981443,0.6487379098844004,False,False
2018-05-25,2018,169.52,0.00884929648092836,0.6430488776142317,0.2844036697247718,0.4601226993865115,0.183204302346196,False,True,False,False,39.523360075506275,False,False,0.44242567248702347,0.18286927796130614,False,False
2018-05-29,2018,168.9,-0.48901196017202553,0.7128969539857467,0.6859504132231463,0.2249851983422202,0.4938418516094556,True,False,True,False,37.30017761989224,True,False,0.6039076376554098,0.1953818827708731,False,False
2018-05-30,2018,169.61,0.3906481207458068,0.36697247706422287,0.3387096774193652,0.24173103001001728,0.12396694214875659,False,True,False,True,-3.5375272684390335,False,True,0.18866812098343733,0.22993927244856494,True,False
2018-05-31,2018,170.14,-0.01762942939413925,0.4701181171769474,0.324999999999984,0.31738568237922316,0.15304921120791182,False,False,False,False,14.10603032796498,False,False,0.2821206065593218,0.09991771482308343,False,False
2018-06-01,2018,170.89,0.5057930953361156,0.5763688760807023,0.8367346938775285,0.0936274796653036,0.48215440700887235,True,False,True,False,57.34683129498652,False,False,0.7197612499268535,0.011703434958154624,False,False
2018-06-04,2018,173.16,0.23733719247467366,0.43415340086830684,0.4799999999999803,0.22522522522523403,0.2083333333333215,True,False,True,False,15.592515592515177,True,False,0.3580503580503658,0.05197505197505059,False,False
2018-06-05,2018,174.67,0.2582941108942638,0.35013201699002044,0.4590163934426145,0.18892769221963146,0.16055966511840936,True,False,True,False,19.465277380201762,True,False,0.2551668861281442,0.12824182744604062,True,False
2018-06-06,2018,175.04,0.12011668477949211,0.3203111594120015,0.3571428571428354,0.20566727605120239,0.11439029970257142,False,True,False,True,-30.850091407678136,False,True,0.10283363802559009,0.468464351005482,True,False
2018-06-07,2018,175.91,0.017057084375715625,0.32408460313851584,0.3684210526315789,0.20465010516741433,0.11952191235060639,False,True,False,True,-67.07975669376421,False,True,0.011369450287079808,0.7162753680859502,True,False
2018-06-08,2018,173.53,-0.5501747951172087,0.5902917072611616,0.8446601941747608,0.09220307727770827,0.503880458704975,True,False,True,False,4.610153863886524,True,False,0.30542269348239337,0.0633896156284286,False,False
2018-06-11,2018,174.3,-0.08025682182984939,0.2923641366659134,0.45098039215688135,0.16064257028112205,0.13213075199633995,True,False,True,False,6.884681583474439,True,False,0.3384968445209191,0.011474469305805535,True,False
2018-06-12,2018,175.15,0.14866487506433046,0.35450854823030253,0.9193548387097018,0.028546959748787515,0.3264978806277963,True,False,True,False,-4.5675135598066685,True,False,0.18270054239222233,0.10847844704539034,True,False
2018-06-13,2018,176.11,0.15924472501849252,0.2673036455667399,0.8085106382979251,0.051104423371750585,0.2162408239913649,True,False,True,False,28.391346317642174,True,False,0.32366134802110924,0.08233490432116852,True,False
2018-06-14,2018,176.62,0.48358650509188195,0.7623599021448503,1.0,0.0,0.7644910999543564,True,False,True,False,52.08923111765351,False,False,0.573717585777378,0.0679424753708524,False,False
2018-06-15,2018,176.99,-0.34346846846845525,0.5912162162162227,0.40000000000001085,0.35595231369003333,0.23786600215212061,False,True,False,True,-14.97259732188394,False,True,0.025425165263559535,0.49720323182100845,False,False
2018-06-18,2018,175.53,-0.8417128008134767,0.44627725680715197,0.4177215189873468,0.26206346493478083,0.18835616438357405,False,True,False,True,5.127328661767017,False,True,0.19939611462427287,0.3361248789380711,False,False
2018-06-19,2018,174.28,-1.2577903682719493,0.7648725212464718,0.2444444444444496,0.5852650906587265,0.18970968669158594,True,True,False,False,-18.93504705072324,False,False,0.5904291943998219,0.21803993573559222,False,False
2018-06-20,2018,176.79,0.4431566388273467,0.3920231805011066,0.7246376811594227,0.10747214208948197,0.2836235747915472,True,False,True,False,0.565642853103121,True,False,0.3111035692064057,0.028282142655122744,False,False
2018-06-21,2018,177.7,0.25387870239774735,0.5133991537376568,0.8461538461538294,0.07878446820483997,0.43520036172497445,True,True,True,True,-91.72763083849178,True,False,0.10129431626337837,1.1986494091164812,False,False
2018-06-22,2018,176.31,0.3357614386523933,0.44388800364215864,0.7564102564102597,0.1077647325733011,0.3357614386523933,False,True,False,True,-83.37587204355957,False,False,0.03346378537802952,0.8961488287675179,False,False
2018-06-25,2018,173.77,-0.7822313577709128,0.7708119218910554,0.2962962962963018,0.5466996604707397,0.23072042452558783,False,True,False,True,-90.3493123093757,False,False,0.12660413189848896,1.1279277205501592,False,True
2018-06-26,2018,171.99,0.3676470588235281,0.46685340802986863,0.7875000000000111,0.09884295598581172,0.3676470588235281,True,False,True,False,-2.9071457642892984,True,False,0.37792894935750887,0.35467178324322113,False,False
2018-06-27,2018,172.77,0.406811181495903,1.5342593130702542,0.9696969696969756,0.04630433524337452,1.504024440397167,True,False,True,False,15.048908954100604,True,False,0.3299183886091406,0.16785321525728536,False,True
2018-06-28,2018,169.52,-0.08251797713072495,1.1611458210538719,0.3299492385786833,0.7786691835771631,0.38491147036181506,False,False,False,False,11.208117036338727,False,False,0.57810287871638,0.1592732420953369,False,True
2018-06-29,2018,172.01,0.4789999415853785,0.5841462702260646,0.37999999999999545,0.36044416022325,0.22140651401270084,True,False,True,False,16.278123364921182,True,False,0.44764839253532696,0.017440846462413173,False,False
2018-07-02,2018,170.04,-0.8166122258516095,1.0674288380774688,0.12021857923497123,0.9468360385791685,0.12954893416559088,False,True,False,True,69.98353328628637,False,True,0.7057163020465884,0.21759585979769236,False,True
2018-07-05,2018,171.91,0.7541764543157026,0.8205214765635657,0.7428571428571341,0.20941190157641731,0.6086498507637428,True,False,True,False,-18.032691524635382,True,False,0.29666686056657454,0.28503286603456246,False,True
2018-07-06,2018,173.29,0.21397177885726926,0.6187832523710347,0.6728971962616854,0.2019735703156611,0.4172219968708424,True,False,True,False,37.50937734433579,True,False,0.496277915632759,0.1673495296901084,False,False
2018-07-09,2018,176.5,0.558340929808554,0.21649954421149947,0.710526315789456,0.06232294617565248,0.15320887476593104,True,True,True,True,-32.861189801700604,True,True,0.18696883852691304,0.38526912181303663,True,False
2018-07-10,2018,177.39,0.11852353538772675,0.4007224291680821,0.28169014084505123,0.2875021139861378,0.11287318697443816,False,True,False,True,-5.073566717400668,False,True,0.07328485258470963,0.21985455775409557,False,False
2018-07-11,2018,175.96,-0.7613783768540938,1.0828492470813758,0.29166666666666974,0.7729029324846426,0.31927023945268473,False,False,False,False,57.96771993634708,False,False,0.6024096385542244,0.09092975676290305,False,True
2018-07-12,2018,177.21,0.4477950345765924,0.5384876998072878,0.8315789473684276,0.0902883584447789,0.4477950345765924,True,False,True,False,62.29332430449652,True,False,0.6320185091134745,0.07335929123638563,False,False
2018-07-13,2018,179.42,0.02787534147292714,0.3623794391481169,0.2769230769230534,0.2619551889421423,0.10042401249719113,False,True,False,True,14.491138111694113,False,True,0.18392598372534152,0.2619551889421423,False,False
2018-07-16,2018,179.64,0.033411293017016064,0.2728588929724806,0.2448979591836344,0.20596749053662933,0.06684491978607987,False,True,False,True,-1.1133377866834326,False,True,0.17256735693609304,0.1614339790692476,True,False
2018-07-17,2018,177.3,-1.043701512529982,1.110677010660272,0.05527638190955434,1.0603496897913178,0.062080252835938765,False,False,False,False,73.82966723068263,False,False,0.7783417935702142,0.011280315848849476,False,True
2018-07-18,2018,180.28,-0.016638012312131245,0.2662081969940601,0.7083333333333556,0.07765697803416849,0.18895187284651005,True,True,False,True,-32.172176614156946,False,True,0.08875083203905287,0.4881295762147797,True,False
2018-07-19,2018,179.34,-0.327905296504194,0.47240593564163524,0.2235294117647047,0.36801605888256983,0.10605637733742679,False,True,False,True,-5.854800936767601,False,True,0.30110404817664804,0.24534403925504655,False,False
2018-07-20,2018,179.57,0.2680216650845946,0.6086325311296015,0.7522935779816428,0.1503591914016944,0.4587412587412576,False,False,False,False,10.023946093444813,False,False,0.12195801080359114,0.1392214735200792,False,False
2018-07-23,2018,178.43,-0.3128666405944447,0.3575618749650742,0.671875000000025,0.11769321302470548,0.24157303370786476,True,True,True,True,1.1769321302468327,True,True,0.18774869696798202,0.38670627136692115,False,False
2018-07-24,2018,181.39,1.050110024790385,0.5459457953817385,0.9183673469387619,0.044103864601141574,0.4986425840766584,True,False,True,False,22.051932300568566,True,False,0.3638568829593902,0.027564915375699606,False,False
2018-07-25,2018,180.36,0.02773002052021134,0.2773002052021518,0.7000000000000455,0.08316699933466065,0.19443364257543116,True,False,True,False,12.75227323131567,True,False,0.35484586382790173,0.03881126635618681,True,False
2018-07-26,2018,180.35,-1.3456594278212441,0.4266725015042947,0.7179487179487198,0.12198502911007214,0.3114744980254658,True,False,True,False,-1.6634322151376502,True,False,0.2827834765733339,0.2994177987246993,False,False
2018-07-27,2018,181.25,0.6050177619893349,0.4384991119005284,0.6835443037974651,0.13793103448276334,0.29882131592053884,False,True,False,True,-74.48275862068976,False,False,0.03310344827587297,0.8772413793103451,False,False
2018-07-30,2018,177.66,0.0,0.6247889226612708,0.9279279279279176,0.04502983226388757,0.5831398969597501,False,True,False,True,-87.24530001125608,False,False,0.03940110323088497,1.305865135652362,False,False
2018-07-31,2018,175.77,0.34825302580498985,0.548070335693069,0.61458333333335,0.2105023610399881,0.33679643794954917,True,True,True,True,-32.428742106163085,True,True,0.5916823121124182,0.5404790351027033,False,False
2018-08-01,2018,176.87,0.40304268846502733,0.31221616712080574,0.7636363636363768,0.07350031096284848,0.23802776990649033,True,True,True,False,36.75015548142646,True,False,0.4410018657771353,0.2544241533329661,True,False
2018-08-02,2018,175.87,-0.7057362240289078,0.6436314363143555,0.27192982456140874,0.47193950076760416,0.17657780815676372,True,False,True,False,92.11349292090665,True,False,0.9666230738613724,0.045488144652305884,False,False
2018-08-03,2018,179.79,0.15040106951871302,0.46234402852050605,0.31325301204817707,0.3170365426330868,0.14482259232440065,False,True,False,True,12.792702597475003,False,True,0.16686133822794158,0.3949051671394255,False,False
2018-08-06,2018,179.97,-0.06108396268326155,0.30541981341626573,0.14545454545456518,0.26115463688392015,0.044471621546504636,True,True,True,True,9.446018780907561,True,True,0.3500583430571691,0.12779907762404674,True,False
2018-08-07,2018,181.63,0.2539051719379737,0.21526742838219062,0.6153846153846154,0.08258547596762256,0.13231159380340252,True,True,True,True,17.067665033310142,True,True,0.2807906182899167,0.1651709519352451,True,False
2018-08-08,2018,181.56,-0.11003521126760063,0.36311619718309673,0.3484848484848348,0.23683630755673146,0.1268405669221817,False,True,False,True,4.130865829476971,False,True,0.16523463317912324,0.2753910552985239,False,False
2018-08-09,2018,181.94,0.010993843447670848,0.2528583992963828,0.4347826086956468,0.14290425414971164,0.11004732034773923,True,True,True,False,25.283060349565734,True,False,0.27893811146531,0.16488952401891854,True,False
2018-08-10,2018,180.68,-0.6433874072037327,0.7478691229034838,0.09558823529411534,0.6807615674119916,0.07200221545278218,False,True,False,True,9.962364401152612,False,True,0.29887093203453396,0.1605047597963316,False,True
2018-08-13,2018,180.85,0.18835521577751368,0.8309788931361145,0.8133333333333326,0.15482444014376373,0.6791738573734829,True,False,True,False,54.74149847940257,True,False,0.6414155377384656,0.04976499861764072,False,True
2018-08-14,2018,181.01,0.36039033045018876,0.38256819693945315,0.07246376811591755,0.35357162587703606,0.027630415561441524,False,True,False,True,-16.573669962984816,False,True,0.10496657643224161,0.5358819954698668,False,False
2018-08-15,2018,180.09,-0.760456273764254,0.914751749600483,0.186746987951809,0.7496251874062887,0.17243297363445098,False,True,False,True,-102.17113665389577,False,True,0.27208617913265787,1.0217113665389577,False,True
2018-08-16,2018,180.57,0.7139271571197536,0.9314518378046829,0.8023952095808328,0.18275461040040408,0.7476426937454761,False,False,False,False,-0.5593398681946748,False,False,0.06091820346680876,0.27690092484908835,False,True
2018-08-17,2018,179.33,-0.2724947169391534,0.4893782671560425,0.22727272727274783,0.37918920426029956,0.11165075643388978,False,True,False,True,-52.41733117716141,False,True,0.22305247309428733,0.5922600791836374,False,False
2018-08-20,2018,180.28,0.2279424028464927,0.34469338967030416,0.27419354838708715,0.24961171510982094,0.09438676364443843,False,True,False,True,-51.586421122697956,False,True,0.02501664078100596,0.6767250942977587,True,False
2018-08-21,2018,180.26,0.31163049526989894,0.2615470228158035,0.723404255319158,0.07211805170308505,0.1889728768341481,True,False,True,False,26.62820370575858,True,False,0.36613780095418047,0.07211805170309615,True,False
2018-08-22,2018,179.96,-0.21071309748252887,0.4158811134523677,0.46666666666665907,0.22227161591465983,0.19486665553143379,True,False,True,False,11.663703045121654,True,False,0.3500777950655731,0.11669259835519474,False,False
2018-08-23,2018,180.77,-0.14362260398828042,0.2320057449041683,0.26190476190478446,0.17148863196327913,0.06088785564044574,True,False,True,False,69.70183105603711,True,False,0.6978480942634091,0.01659567406095963,True,False
2018-08-24,2018,181.39,0.34297726392651384,0.1604248492559562,0.8275862068965077,0.02756491537572181,0.1324868893182396,True,False,True,False,31.424003528310873,False,False,0.34731793373394826,0.01653894922540866,True,False
2018-08-27,2018,183.43,0.5206049978079941,0.20276194651468907,0.8378378378378337,0.03271002562286185,0.16928789864569804,True,True,True,False,39.59003434552688,True,False,0.425230333097093,0.17445346998854472,True,False
2018-08-28,2018,184.8,0.27129679869777323,0.3201302224633768,0.7796610169491616,0.07034632034632615,0.24953889551915243,True,False,True,False,-9.740259740259605,True,False,0.11904761904761862,0.16233766233766378,False,False
2018-08-29,2018,184.91,0.17335716994419936,0.23836610867327468,0.6818181818181466,0.07571250878806168,0.16250473972156954,True,False,True,False,41.641879833433926,True,False,0.421826834676331,0.0270401817100141,True,False
2018-08-30,2018,186.41,-0.17137042789053814,0.18743640550527196,0.25714285714287105,0.13947749584248825,0.04830399313009437,True,True,True,True,15.020653398423178,True,True,0.19258623464406543,0.12338393862989516,True,False
2018-08-31,2018,186.18,-0.09122618728198972,0.3273410249530374,0.24590163934427758,0.2470727253195637,0.08063215610385477,True,False,True,False,41.357825760015565,True,False,0.5371146202599597,0.01611343860780101,False,False
2018-09-04,2018,186.1,-0.27329725095118773,0.7609452869621219,0.1549295774647862,0.6448146157979728,0.11835592855604649,False,True,False,True,-18.807092960773097,False,True,0.10209564750134348,0.6716818914562106,False,True
2018-09-05,2018,185.56,-0.1667832355947696,0.29590574057135793,0.6363636363636458,0.1077818495365257,0.1889746773932277,False,True,False,True,-107.24294028885639,False,True,0.0,1.3472731192067267,False,False
2018-09-06,2018,183.54,0.043606235691684425,0.3815545623024185,0.5428571428571232,0.17434891576768585,0.20746887966804906,False,True,False,True,-64.3456467255088,False,True,0.11441647597254523,0.9044350005448343,False,False
2018-09-07,2018,180.54,-0.7039383477826178,0.8194922557981879,0.20805369127516804,0.6535947712418277,0.172002441324981,True,False,True,False,86.96133820760066,False,False,1.0579372992134628,0.05538938739336752,False,True
2018-09-10,2018,182.12,0.47445658170583993,0.30343153481187873,0.49090909090909934,0.15374478365912658,0.1484740170470289,False,True,False,True,-57.65429387217247,False,False,0.07138150669887544,0.765978475730289,False,False
2018-09-11,2018,180.97,-0.4127228703499908,0.7098833370019767,0.10077519379844671,0.640990219373383,0.07188675071887474,True,True,True,True,67.96706636458927,True,True,0.7294026634248718,0.24865999889484014,False,False
2018-09-12,2018,182.87,-0.13106875648517535,0.5952706023701618,0.14678899082568447,0.5085579920161898,0.0875704668600541,False,True,False,True,-65.48367692896574,False,True,0.06015202056104396,0.74916607426041,False,False
2018-09-13,2018,183.67,0.591489128648881,0.7941289227230345,0.9793103448275853,0.016333641857690928,0.7791495198902432,True,False,True,False,20.689279686394446,False,False,0.6152338433059512,0.01627919638481634,False,True
2018-09-14,2018,184.66,0.11927998265017781,0.3253090435914088,0.06666666666665404,0.30326004548901775,0.021666125013530824,False,True,False,True,-2.1661431820640953,False,True,0.14079930683417174,0.2436911079822357,False,False
2018-09-17,2018,183.64,-0.19022772976793334,0.3152345236154052,0.362068965517216,0.2014811587889298,0.11448508967997206,False,True,False,True,-66.43432803310812,False,False,0.09257242430844581,0.854933565671967,False,False
2018-09-18,2018,181.51,0.09374655343552529,0.5128487923238154,0.5161290322580497,0.2479202247810175,0.26514942274760145,True,False,True,False,82.64007492700065,False,False,0.9586248691532129,0.0606027216131233,False,False
2018-09-19,2018,182.86,0.021496471679638418,0.3445999276887111,0.7777777777777978,0.07656130372961645,0.26868454241377737,True,True,True,True,-57.967844252433395,True,True,0.24062124029311516,0.738269714535722,False,False
2018-09-20,2018,183.94,0.6787082649151621,0.7498631636562696,0.9051094890510986,0.07067522018049388,0.6787082649151621,True,False,True,False,28.993149940197416,True,False,0.5110362074589592,0.2283896922909645,False,False
2018-09-21,2018,185.27,0.34120450606587305,0.4549393414211457,0.6547619047619156,0.1565283100340098,0.2977479428323937,False,True,False,True,-50.73676256274639,False,False,0.11334808657632589,0.6854860473903046,False,False
2018-09-24,2018,182.06,-0.8873645816320996,0.3157493603353544,0.10344827586207066,0.2856201252334545,0.03296703296702397,True,True,True,True,31.30835988135683,True,True,0.47786444029440656,0.41744479841809845,False,False
2018-09-25,2018,183.78,-0.032637075718011666,0.3753263707571789,0.028985507246391738,0.36456632930677024,0.01088376142794889,False,True,False,True,-11.970834693655341,False,True,0.1142670584394434,0.2285341168788646,False,False
2018-09-26,2018,184.26,0.07060229185900102,0.3855971324607657,0.05633802816900224,0.36361662867687716,0.021713169037007596,False,True,False,False,20.628459785085873,False,False,0.33105394551178335,0.04884402474764071,False,False
2018-09-27,2018,185.04,0.4505727159220374,0.5320015200043526,0.9897959183673274,0.00540423692174663,0.5269734340196619,True,False,True,False,54.0423692174663,True,False,0.6268914829226091,0.06485084306095956,False,False
2018-09-28,2018,185.25,-0.30674846625766694,0.5596814121192663,0.44230769230769124,0.31309041835358986,0.24893121922182626,False,False,False,False,9.176788124156676,False,False,0.23211875843454077,0.151147098515525,False,False
2018-10-01,2018,186.82,0.5652150508693499,0.8235990741239173,0.6732026143790852,0.2676372979338426,0.554389364336072,True,False,True,False,33.133497484210125,True,False,0.38004496306605073,0.09099668129749494,False,True
2018-10-02,2018,185.95,-0.1020737079617473,0.4190394326850764,0.9487179487179226,0.0215111589136896,0.39954646077424716,True,False,True,False,26.888948642107557,True,False,0.2742672761495202,0.33880075289055567,False,False
2018-10-03,2018,186.52,0.41453566621802995,0.479138627187072,0.8651685393258675,0.06433626420758731,0.41453566621802995,True,False,True,False,12.33111730645442,True,False,0.24126099077845797,0.12867252841518573,False,False
2018-10-04,2018,185.22,-0.4193548387096735,0.39784946236559626,0.8918918918918763,0.04319187992658513,0.35760728218465765,True,True,False,True,-106.89990281826934,False,False,0.05398984990820921,1.13378684807256,False,False
2018-10-05,2018,182.39,-0.032885722115649774,0.8605097286927889,0.6242038216560472,0.32348264707495744,0.5402127776859,False,True,False,True,-17.54482153626835,False,True,0.31799989034486664,0.6250342672295517,False,True
2018-10-08,2018,179.36,-0.47167193829420473,0.6436934687309231,0.0086206896551891,0.6411685994647476,0.005575689991643706,True,True,True,True,59.09901873327294,True,True,0.7151538804638591,0.3568242640499597,False,False
2018-10-09,2018,179.2,0.06142163158187053,0.7035568708470709,0.8174603174603058,0.12834821428573395,0.5780995678284828,True,False,True,False,73.66071428571486,True,False,0.7589285714285854,0.25111607142856984,False,True
2018-10-10,2018,178.55,-0.5624860770772955,0.8520828692359107,0.1372549019607894,0.7392887146457472,0.11775260737916238,False,True,False,True,-115.93391206944914,False,True,0.03920470456455494,1.6639596751610197,False,True
2018-10-11,2018,171.04,-0.4017935130728456,1.8168054504163373,0.798076923076923,0.368334892422828,1.4773064372589628,True,False,True,False,49.11131898970966,True,False,1.379794200187101,0.5671188026192708,False,True
2018-10-12,2018,173.99,2.57030006484702,1.0316571361197902,0.9371428571428656,0.06322202425426138,0.9515520742674921,True,False,True,False,-56.325076153802556,True,False,0.1954135295131998,0.6034829587907464,False,True
2018-10-15,2018,173.69,-0.3671198302070855,1.2791831583777833,0.7174887892376689,0.36271518222119603,0.929746063106518,False,True,False,True,-82.9063273648456,False,True,0.1727215153434436,1.2263227589383363,False,True
2018-10-16,2018,174.02,1.103881013246566,0.7494771089937372,1.0,0.0,0.7468303132055931,True,False,True,False,-4.022526146421068,True,False,0.5286748649580453,0.114929318469148,False,False
2018-10-17,2018,178.15,0.5758482470501924,0.5476203918026302,0.5670103092783629,0.23575638506876384,0.3096846846846857,False,True,False,True,-88.6893067639638,False,False,0.06090373280942529,1.1956216671344388,False,False
2018-10-18,2018,176.6,-0.3948110547095429,0.5583756345177716,0.09090909090909352,0.5096262740656776,0.050988612543201306,False,True,False,True,-53.22763306908285,False,False,0.045300113250279495,0.7701019252548069,False,False
2018-10-19,2018,174.39,0.6057459328487225,0.9691934925579824,0.7202380952380801,0.2695108664487744,0.6986949994225444,True,False,True,False,63.65043867194275,True,False,0.9633579907104783,0.028671368771138184,False,True
2018-10-22,2018,174.05,0.5836800739713377,0.6819232547387927,0.6694915254237422,0.22407354208560104,0.455962137827548,True,True,True,True,-67.22206262568365,True,True,0.30451019821891023,0.8388394139615118,False,False
2018-10-23,2018,170.8,-1.7939282428702685,1.224701011959519,0.18779342723005002,1.0128805620608805,0.23474178403755097,False,True,False,True,-60.88992974239038,False,True,0.3512880562060783,1.1592505854801094,False,True
2018-10-24,2018,173.12,-0.16147635524798032,1.3725490196078405,0.6932773109243735,0.42167282809610906,0.9622674520324281,False,False,False,False,-73.35951940850349,False,False,0.13863216266174483,0.8144639556377009,False,True
2018-10-25,2018,167.99,1.6027579533083314,1.5483246643280526,0.4648437499999987,0.8155247336151028,0.713429256594722,True,False,True,False,94.0532174534181,True,False,1.2679326150366155,0.49407702839455725,False,True
2018-10-26,2018,165.25,-3.3399625643425357,1.6612072999531908,0.4894366197183094,0.877458396369124,0.8482851214451248,True,False,True,False,18.7594553706516,True,False,1.5189107413010605,0.1512859304084735,False,True
2018-10-29,2018,169.16,1.4209484981114073,1.4149529348282184,0.6271186440677962,0.5202175455190305,0.8826335877862634,False,False,False,False,-2.955781508630073,False,False,0.41380941120834347,0.47292504138093383,False,True
2018-10-30,2018,162.83,-0.5436110432445518,1.978988516980216,0.2438271604938328,1.504636737701892,0.4875339422365066,True,True,True,False,106.85991524903127,True,False,1.6520297242522908,0.5005220168273872,False,True
2018-10-31,2018,168.54,1.6158205715663732,1.416857590739174,0.9361702127659549,0.08899964400141958,1.3225922808705048,True,False,True,False,113.32621336181292,True,False,1.346861279221545,0.0,False,True
2018-11-01,2018,170.11,0.26523635506308096,0.7662383590710733,0.5461538461538594,0.34683440126974663,0.41912632821723417,False,True,False,True,-8.817823761095855,False,True,0.3203809299864746,0.7818470401504962,False,False
2018-11-02,2018,171.53,-0.34278410411341387,1.562863118754356,0.20074349442378903,1.2534250568413619,0.3158079419849136,False,True,False,True,-90.36320177228552,False,True,0.5946481665014991,0.9036320177228552,False,True
2018-11-05,2018,169.61,0.04128819157722674,0.5898313082458417,0.30000000000001137,0.4127115146512539,0.17718977024394622,False,True,False,True,-137.96356346913564,False,False,0.02947939390365306,1.4916573315252646,False,False
2018-11-06,2018,168.93,-0.011837821840765539,0.733944954128429,0.6290322580645269,0.2723021369797962,0.4638715432649487,True,False,True,False,92.34594210619784,False,False,1.337832238205161,0.017758835020420527,False,False
2018-11-07,2018,172.25,1.1688006578174592,1.198167508516382,0.5049019607843163,0.586357039187213,0.60156523770587,True,False,True,False,67.63425253991207,False,False,0.7431059506531223,0.22060957910013945,False,True
2018-11-08,2018,174.76,-0.404627571664673,0.7408673847381222,0.3076923076922942,0.5149919890135024,0.22941041523283356,False,True,False,True,-6.866559853513365,False,True,0.31013962005035367,0.37193865873196286,False,False
2018-11-09,2018,172.83,-0.9513439165568238,0.4584789959310054,0.12500000000002665,0.4050222762251865,0.05789382272913812,False,True,False,True,-48.60267314702349,False,False,0.2430133657351119,0.7290400972053579,False,False
2018-11-12,2018,170.29,-0.7344797435150263,1.3523754007577926,0.0862068965517195,1.2449351106935236,0.11758480804280325,False,True,False,True,-95.7190674731334,False,False,0.20553173997297502,1.2331904398379168,False,True
2018-11-13,2018,167.15,0.40245074483422627,0.756847669389711,0.17460317460317495,0.6221956326652567,0.13179176900497414,True,True,True,True,-32.90457672749048,True,True,0.7956924917738473,0.44271612324260357,False,False
2018-11-14,2018,168.1,0.960960960960966,1.867867867867876,0.98392282958199,0.02974419988102106,1.8540959767329168,True,False,True,False,-76.74003569303922,True,False,0.35693039857227493,1.0618679357525251,False,True
2018-11-15,2018,164.84,-0.18166404263048053,1.592588107060673,0.30038022813687965,1.1162339238049102,0.48156049984759974,False,False,False,False,-35.18563455472079,False,False,0.6309148264984188,0.406454743994189,False,True
2018-11-16,2018,166.5,-0.9459218275923664,1.0411089297400202,0.42857142857142855,0.6006006006006093,0.4524886877828038,True,False,True,False,54.0540540540535,True,False,0.6786786786786791,0.432432432432428,False,False
2018-11-19,2018,166.73,-0.47158548233048325,1.3849092645654377,0.13362068965517215,1.2055418940802642,0.1862756880182781,False,True,False,True,-143.84933725184345,False,False,0.10196125472321516,1.6133869129730694,False,True
2018-11-20,2018,158.37,-2.264872870896062,1.8575660330782469,0.05980066445182969,1.786954599987367,0.11378721790251678,False,True,False,True,37.87964892340678,False,True,0.8776914819725867,0.7829765738460615,False,True
2018-11-21,2018,161.29,1.3000879286521716,0.8918477578193794,0.9647887323943586,0.031000062000141604,0.8566783391695809,True,False,True,False,4.96000992002088,True,False,0.3782007564015144,0.7316014632029133,False,False
2018-11-26,2018,161.44,1.5601409159536894,1.0442878711625545,0.5662650602409637,0.4459861248761188,0.5856697819314638,True,False,True,False,20.44103072349035,True,False,0.6132309217046661,0.3964321110009772,False,False
2018-11-27,2018,162.0,-0.5646943285047779,1.0250429658728135,0.34131736526945955,0.6790123456790198,0.3530942204051257,True,True,True,False,59.2592592592589,True,False,0.9753086419753254,0.5061728395061693,False,False
2018-11-28,2018,164.62,0.7034929956567071,0.6973756652596723,0.8771929824561508,0.08504434455107734,0.6111722283339338,True,False,True,False,-27.943141781071603,True,False,0.16401409306279202,0.3401773782043538,False,False
2018-11-29,2018,168.0,-0.38541357841683777,0.5455084494515362,0.6413043478260796,0.19642857142858627,0.35242817036018614,True,True,True,True,-38.690476190476055,True,True,0.2791666666666526,0.4285714285714226,False,False
2018-11-30,2018,168.35,0.11298763082778773,0.6541389153187407,0.7727272727272716,0.14850014850014137,0.5074626865671616,False,False,False,False,-2.9700029700019392,False,False,0.04752004752004435,0.48114048114048513,False,False
2018-12-03,2018,173.09,2.1662141423680836,0.7378113563923977,0.2880000000000109,0.5141833728118161,0.20841776182483063,False,True,False,True,-17.332023802646425,False,True,0.12710150788606267,0.9185972615402438,False,False
2018-12-04,2018,171.38,-0.5166308701457067,0.7952632495501109,0.7664233576642345,0.1867195705449909,0.6164504197733622,True,False,True,False,8.168981211345017,True,False,0.30925428871513283,0.2625743960788851,False,False
2018-12-06,2018,162.48,-2.0142323000844287,2.3760704378241453,0.17766497461928657,1.9940915805022108,0.432686364198287,False,False,False,False,77.54800590842103,False,False,1.0339734121122657,0.27695716395863546,False,True
2018-12-07,2018,166.13,-0.4553897776978788,1.0186350290610684,0.5117647058823505,0.49960874014327583,0.5264431804429481,True,True,True,True,-63.805453560464855,True,False,0.5959188587250974,0.9450430385842368,False,False
2018-12-10,2018,161.11,-0.14255609272343372,1.3139952894508342,0.38207547169811856,0.8131090559245102,0.5053025577043124,True,False,True,False,24.827757432808184,True,False,1.024144994103393,0.34138166470114584,False,False
2018-12-11,2018,165.66,1.6007359705611623,1.9135234590616401,0.8749999999999954,0.23542194856935872,1.6755661940710764,False,False,False,False,-7.243752263672576,False,False,0.06640106241699861,0.7183387661475304,False,True
2018-12-12,2018,166.06,1.5222840374151891,1.7118053432780969,0.8750000000000012,0.2107671925809962,1.4974634802273679,True,False,True,False,15.656991448873558,True,False,0.41551246537396835,0.4335782247380404,False,True
2018-12-13,2018,166.06,0.6180319922443056,1.0482307319437651,0.5838150289017323,0.4335782247380404,0.6119357770372646,True,False,False,False,-6.624111766831975,False,False,0.4576659038901587,0.40949054558593323,False,False
2018-12-14,2018,163.19,-1.168846899224807,0.7025193798449592,0.7931034482758537,0.14706783503892762,0.5669563073889217,True,False,True,False,-7.966174397940895,True,False,0.34315828175746077,0.5024817697162787,False,False
2018-12-17,2018,160.41,-0.3169276659209519,1.043997017151384,0.17261904761904218,0.8665295181098598,0.18111416437671668,False,True,False,True,-0.8602954927994233,False,True,0.16831868337385814,1.1034224798952774,False,False
2018-12-18,2018,158.67,0.730066023362097,0.7998984255967437,0.5793650793650754,0.33402659607990604,0.4622008357604068,True,False,False,False,20.16764353690137,False,False,0.37814331631689235,0.2647003214218069,False,False
2018-12-19,2018,158.24,-0.12623074981065185,0.6437768240343412,-0.01960784313723687,0.6572295247724957,-0.012637432073792088,True,True,True,True,116.91102123357,False,True,1.3270980788675502,0.19590495449949286,False,False
2018-12-20,2018,154.17,-0.3941077658612291,1.3503036568032067,0.3253588516746303,0.9145748200038994,0.4430256042738723,True,False,True,False,31.140948303822746,True,False,1.102678860997619,0.24648115716416896,False,False
2018-12-21,2018,153.05,0.3804027021709233,1.2854987866465586,0.38775510204082464,0.7840574975498171,0.49904786919694466,False,True,False,True,20.254818686704645,False,True,0.6795164978764978,1.019274746814769,False,False
2018-12-26,2018,145.1,1.6462346760069968,2.367775831873902,0.9201183431952631,0.18607856650587618,2.190295091203587,True,False,True,False,-6.202618883528466,True,False,1.274982770503108,0.5168849069607129,False,True
2018-12-27,2018,150.56,-1.2527054502525115,2.452941562274552,0.33422459893048045,1.6538257173219995,0.8371843814881874,False,True,False,True,-126.52763018065949,False,True,0.4914984059511296,1.368092454835279,False,True
2018-12-28,2018,154.01,0.548410263106347,1.2469804792061088,0.5026178010471106,0.6168430621388277,0.6272459980398493,False,True,False,True,-112.33036815791131,False,True,0.17531329134472529,1.2206999545483987,False,False
2019-01-03,2019,152.6,-1.4784685906126915,1.4461876170185353,0.9642857142857089,0.05242463958061716,1.435788354161116,True,True,True,False,-83.87942332896414,True,False,0.4325032765399639,1.4416775884665722,False,False
2019-01-04,2019,152.18,1.656646626586511,1.3493653974615967,0.688118811881192,0.4139834406623688,0.9218117912328516,True,False,True,False,168.87895912734763,True,False,1.6887895912734763,0.2891312918911759,False,False
2019-01-07,2019,156.54,0.09591406100135647,0.9783234222136974,0.6143790849673183,0.37690047272262994,0.6041131105398501,False,False,False,False,19.803245176952533,False,False,0.3379327967292678,0.2746901750351194,False,False
2019-01-08,2019,159.56,0.9777552763978292,0.6961364427427921,1.0090909090909006,-0.006267234895962481,0.700536446828659,True,True,True,True,-68.31286036600659,True,True,0.3446979192780253,0.8460767109551237,True,False
2019-01-09,2019,160.15,0.3697668588618752,0.4512409125094001,0.6805555555555692,0.14361536059943614,0.3069021671050942,True,False,True,False,27.474242897282952,True,False,0.39338120512020236,0.2872307211988834,True,False
2019-01-10,2019,159.59,-0.7401418086826705,1.1008831944271562,0.3050847457627105,0.7707249827683338,0.33951587551084295,False,True,False,True,30.7036781753256,False,True,0.3383670656056159,0.5576790525722242,False,False
2019-01-11,2019,160.32,-0.5644110897475629,0.6264342864231167,0.10891089108909525,0.561377245508976,0.06865988390236666,False,True,False,True,-28.692614770458036,False,True,0.1870633732534932,0.3305888223552933,True,False
2019-01-14,2019,159.33,-0.8895247574023268,1.2316496640955399,0.31313131313131704,0.85357434255946,0.390649612500793,False,True,False,True,1.8828845791762916,False,True,0.12552563861167876,0.4644448628632447,False,False
2019-01-15,2019,159.94,0.4017576898932784,0.6403013182674264,0.3627450980392165,0.40640240090035196,0.23187315911512574,True,False,True,False,95.66087282731006,False,False,1.3817681630611478,0.019007127672865387,True,False
2019-01-16,2019,162.63,0.12312996367664919,0.3755463892138236,0.7213114754098162,0.10453175920803748,0.27128676243910466,True,False,True,False,28.89995695751102,True,False,0.7071266064071935,0.04919141609788236,True,False
2019-01-17,2019,161.84,-0.33255327010714986,0.9422342653036095,0.6339869281045739,0.34602076124568004,0.6029713433207018,True,False,True,False,45.7241720217505,True,False,0.6117152743450482,0.1668314384577374,False,False
2019-01-18,2019,164.85,0.7517418408507393,0.8556411196675258,0.8714285714285671,0.10919017288444355,0.7455845505103031,False,False,False,False,-23.051258720048207,False,False,0.0849256900212314,0.6248104337276295,False,False
2019-01-22,2019,164.05,-0.696125907990297,1.083535108958833,0.3296089385474894,0.7314843035659768,0.3609445735959893,False,True,False,True,-42.66991770801698,False,True,0.054861322767441045,0.5790917403230789,False,False
2019-01-23,2019,162.76,0.4257419633491688,0.7712716727340039,0.9439999999999827,0.04300811010078398,0.7302884020299327,True,False,True,False,-10.444826738755797,True,False,0.46080117965101586,0.16588842467435416,False,False
2019-01-24,2019,162.65,0.2898014551732553,0.5241090146750489,0.4352941176470671,0.2951122041192633,0.22800098595021634,True,False,True,False,41.19274515831384,True,False,0.4857055026129764,0.190593298493702,True,False
2019-01-25,2019,164.48,0.7904896133341444,0.7537226545744162,0.8780487804877992,0.09119649805446883,0.6609547123622939,True,False,True,False,24.319066147859836,False,False,0.3404669260700377,0.3222276264591484,False,False
2019-01-28,2019,163.03,-1.343419062027229,1.2344931921331268,0.12254901960784362,1.0979574311476448,0.15358152107138867,False,True,False,True,-13.494448874440401,False,True,0.04907072317978933,0.7176593265043163,False,False
2019-01-29,2019,163.2,0.06131207847945852,0.7786633966891366,0.7559055118110183,0.18995098039216174,0.5917159763313418,False,False,False,False,-34.926470588234615,False,False,0.024509803921590745,0.5821078431372473,False,False
2019-01-30,2019,163.39,1.1640146120983186,1.1640146120983192,0.9680851063829774,0.03672195360793218,1.1264467413504953,True,False,True,False,-0.6120325601310928,True,False,0.31825693126874555,0.3060162800661015,False,False
2019-01-31,2019,166.65,0.5066039442735759,1.0071768892105346,0.5808383233532971,0.42004200420040494,0.5854659584741739,True,False,True,False,73.20732073207381,True,False,0.8340234023402227,0.10795079507951444,False,False
2019-02-01,2019,167.37,-0.4697906755470882,0.5292578496669758,0.4157303370786632,0.3106888928720686,0.22155688622755854,True,False,True,False,62.73525721455453,True,False,0.7348987273704921,0.07767222321801714,True,False
2019-02-04,2019,167.51,0.04778116227677209,0.28071432837603705,0.5957446808510677,0.11342606411557377,0.1674340728338164,True,False,True,False,44.77344636141023,True,False,0.6268282490597743,0.1074562712673699,True,False
2019-02-05,2019,169.75,0.1474926253687281,0.56047197640119,0.9789473684210422,0.011782032400597942,0.550882596848723,True,False,True,False,58.32106038291762,False,False,0.6126656848306267,0.03534609720177162,True,False
2019-02-06,2019,171.06,0.01754078231888112,0.5379173244459963,0.9239130434782673,0.04092131415878164,0.4993831149756156,True,True,True,True,-54.95147901321107,True,True,0.18122296270315363,0.7658131649713518,True,False
2019-02-07,2019,169.04,-0.8504897647956033,0.5982755586837998,0.03921568627450161,0.5797444391860029,0.02366863905325367,False,True,False,True,12.423095125415617,False,True,0.1656412683388453,0.4200189304306545,True,False
2019-02-08,2019,166.73,-0.8975273418925456,0.9688540180694218,0.0797546012269913,0.899658129910641,0.07803121248499689,False,True,False,False,13.794757991965056,False,False,0.4318359023571139,0.09596353385713519,False,False
2019-02-11,2019,169.14,0.37386505251912894,0.8842205210373157,0.6644295302013379,0.29561310157266707,0.588760035682423,False,False,False,False,-23.649048125811145,False,False,0.26013952938395146,0.35414449568403894,False,False
2019-02-12,2019,169.57,0.6947743467933476,0.2850356294536756,0.22916666666664076,0.21819897387509446,0.0649120736456954,True,True,True,True,39.51170608008647,False,True,0.4993807866957578,0.141534469540594,True,False
2019-02-13,2019,171.63,0.41539901708402827,0.3978469459396083,0.4852941176470508,0.2039270523801262,0.19264448336251405,True,True,True,True,-1.165297442170532,True,True,0.3088038221756184,0.26801841169958873,True,False
2019-02-14,2019,170.38,-0.3450897818330745,0.988477510674386,0.13609467455620713,0.8569080878037427,0.13517484572436178,False,True,False,True,38.15001760770098,False,True,0.41084634346755244,0.32280784129591344,False,False
2019-02-15,2019,172.51,0.7828474615878989,1.641642811240289,0.8932384341636971,0.1739029621471211,1.476470588235279,False,False,False,False,-33.62123934844252,False,False,0.011593530809816954,0.6434409599443414,False,True
2019-02-19,2019,171.39,-0.33147243545011973,0.5466387531984169,-0.010638297872361011,0.5542913822276674,-0.005834305717633548,True,True,True,False,54.26220899702461,True,False,0.5892992589999535,0.005834646128710652,True,False
2019-02-20,2019,172.43,0.09287745980146589,0.3308759505427487,0.8070175438596727,0.0637940033636708,0.26748851543874075,True,False,True,False,26.67749231572092,True,False,0.28417328771095374,0.04639563880995956,True,False
2019-02-21,2019,171.78,-0.2844372206420198,0.8184826145004913,0.021276595744681708,0.8033531260914994,0.017467248908298316,False,True,False,True,-52.97473512632433,False,True,0.23285597857725104,0.6228897426941438,False,False
2019-02-22,2019,171.98,0.22144522144522671,0.5069930069930096,0.4137931034482567,0.2965461100127964,0.2097657615662385,True,False,True,False,17.443888824282272,True,False,0.3605070357018292,0.046517036864746064,True,False
2019-02-25,2019,174.2,0.7577072126785822,0.6246746486205175,0.8981481481481367,0.06314580941446657,0.5599492004848994,True,False,True,False,2.2962112514357536,True,False,0.2525832376578663,0.09758897818598067,False,False
2019-02-26,2019,173.04,-0.27087775920696666,0.32274796841680725,0.6071428571428608,0.12713823393435408,0.19687319050376573,True,False,True,False,38.71937124364511,True,False,0.5027739251040275,0.1329172445677207,True,False
2019-02-27,2019,172.92,-0.4490500863557845,0.3108808290155395,0.2222222222221813,0.2428868841082732,0.0694444444444331,True,True,True,True,-50.890585241729624,True,True,0.3296321998612184,0.6708304418228117,True,False
2019-02-28,2019,173.04,-0.30535230742639863,0.3283977645906511,0.5614035087719246,0.14447526583449832,0.18527095877720612,True,True,True,False,-5.779010633378823,True,False,0.3207350901525796,0.19648636153490884,True,False
2019-03-01,2019,174.41,0.7160593636311274,0.34070566495351584,0.7966101694915189,0.06880339430079818,0.2702081177417437,True,True,False,True,-40.70867496129837,False,True,0.0917378590677087,0.4930909924889537,True,False
2019-03-04,2019,175.37,0.5446623093682046,0.3783969728242318,0.6363636363636364,0.13685350972230115,0.2400685910260103,True,False,True,False,7.983121400467752,True,False,0.23949364201401036,0.14255573929405907,True,False
2019-03-05,2019,174.52,0.045861041045647255,0.41848199954138376,0.6438356164383636,0.14898005959200766,0.270037345590346,False,True,False,True,-21.77400870960522,False,True,0.05724272289708843,0.4784551913820767,True,False
2019-03-06,2019,174.68,0.08594510972326219,0.36669913481923727,0.8124999999999972,0.06869704602703308,0.29857602204870215,False,True,False,True,-41.790702999772165,False,True,0.04007327684909523,0.4637050606823956,True,False
2019-03-07,2019,173.09,-0.24781005071461415,0.524435223605346,0.3296703296703434,0.3524178173204495,0.17362115863186478,False,True,False,True,-76.83863885839858,False,False,0.05199607140793372,1.0283667456236656,False,False
2019-03-08,2019,169.51,-1.131525226013419,0.968212306794982,0.15662650602409123,0.8259099758126442,0.15361890694238767,False,False,False,False,33.03639903250666,False,False,0.3893575600259602,0.10176390773405375,False,False
2019-03-11,2019,171.84,0.3796950756469464,0.4322682399672765,0.47297297297297763,0.2269553072625552,0.20409353315060663,True,False,True,False,84.77071694599437,False,False,0.8941457169459932,0.0,True,False
2019-03-12,2019,175.17,0.24607989012246367,0.46354583953302175,0.5555555555555399,0.20551464291831412,0.2575549450549275,False,False,False,False,11.417480162130289,False,False,0.13700976194555015,0.22749329223039627,False,False
2019-03-13,2019,176.6,0.512236767216856,0.6317586795674361,0.9459459459459432,0.03397508493772072,0.5981201936769986,True,False,True,False,-1.1325028312558771,True,False,0.20951302378255932,0.14156285390714007,False,False
2019-03-14,2019,177.115,0.053666252400863534,0.5988023952095821,0.27830188679246726,0.4319227620472432,0.16683633073182325,False,True,False,True,-9.880586059904939,False,True,0.08751376224487295,0.25689523755753063,False,False
2019-03-15,2019,177.41,0.3904481665912174,0.4017655047532865,0.47887323943661914,0.2085564511583371,0.19201445755916424,True,False,True,False,34.265261259229796,True,False,0.4452962065272459,0.07327659094752415,True,False
2019-03-18,2019,177.95,-0.17950300106580608,0.31413025186514965,0.10714285714286077,0.2809778027535792,0.03372870875260059,True,False,True,False,42.708626018546084,True,False,0.5394773812868792,0.005619556055069808,True,False
2019-03-19,2019,179.17,0.42598509052182987,0.38674962165797755,0.6956521739130309,0.1172071217279802,0.2686216352342008,True,False,True,False,-8.399843723837508,True,False,0.16743874532567649,0.13953228777139337,True,False
2019-03-20,2019,179.05,0.005585344057212893,0.3462913315460258,0.6129032258064856,0.13404077073442267,0.21268259920526056,False,True,False,True,-3.9095224797558448,False,True,0.07819044959507249,0.31276179838034546,True,False
2019-03-21,2019,179.2,-0.32816063184827327,0.684131486734518,0.34146341463413904,0.4520089285714235,0.2349256068911343,True,False,True,False,89.84375000000044,True,False,0.9486607142857206,0.0,False,False
2019-03-22,2019,181.76,-0.4382120946538226,0.6737510955302309,0.11382113821137196,0.5996919014084501,0.0770840215835289,False,True,False,True,-31.360035211267512,False,True,0.28058978873239937,0.6767165492957639,False,False
2019-03-25,2019,177.93,-0.31374306683847886,0.8291781052159886,0.5608108108108124,0.36531220142752563,0.4686617730096154,True,True,True,True,-26.41488225706756,True,True,0.5114370819985448,0.5620187714269642,False,False
2019-03-26,2019,179.58,0.7517953321364512,0.8191202872531462,0.9315068493150728,0.055685488361723046,0.7631017843115373,True,False,True,False,23.387905111926788,True,False,0.6181089208152191,0.011137097672353491,False,False
2019-03-27,2019,179.27,0.12287070650656151,0.5194079865959267,0.6129032258064704,0.20081441401238465,0.31897034135424107,True,True,True,True,1.6734534501039455,True,True,0.2510180175154808,0.3402688681876542,False,False
2019-03-28,2019,178.38,0.21348314606741692,0.5056179775280931,0.9333333333333312,0.033636057854025125,0.4731328151402536,True,False,True,False,12.893822177375558,True,False,0.33636057854018464,0.34196658818251846,False,False
2019-03-29,2019,179.61,0.7121229112930338,0.56072670180554,0.9700000000000273,0.01670285618839973,0.542991491267375,True,False,True,False,-7.800233839987403,True,False,0.08351428094202085,0.36389956015813185,False,False
2019-04-01,2019,181.38,0.9236590251502363,0.34498108168261993,0.3387096774193652,0.22604476789060968,0.1159132306673305,False,True,False,True,-16.175984121732377,False,True,0.18193847171683597,0.33631050832505505,True,False
2019-04-02,2019,182.23,0.04941253980454974,0.3239266498298031,0.7118644067796357,0.09328870109204246,0.2310103954677789,True,True,True,False,13.175657136585972,True,False,0.13718926631181017,0.24694067936124053,True,False
2019-04-03,2019,183.74,0.5527280687352976,0.23258359327969297,0.43529411764708165,0.1306193534341915,0.1007872299855661,True,True,True,True,16.871666485251957,True,True,0.19592903015128726,0.17415913791227755,True,False
2019-04-04,2019,183.81,0.01632386549135223,0.28838829034715485,0.4150943396226385,0.1686524128175826,0.11983223487117556,True,True,True,True,-20.06963712529175,True,True,0.3753876285294666,0.21848648060497355,True,False
2019-04-05,2019,184.29,0.3075248333106462,0.4082188052796299,0.5999999999999849,0.1627869119322778,0.2447780678851208,True,False,True,False,9.767214715936667,True,False,0.24960659829615928,0.14743067990665715,False,False
2019-04-08,2019,184.37,-0.15704538069966079,0.2003682443409534,0.45945945945949684,0.10847751803437777,0.09229098805647595,False,True,False,True,-13.017302164126665,False,True,0.027119379508588892,0.4013668167272333,True,False
2019-04-09,2019,184.5,-0.35106670267350815,0.35646772886849853,0.07575757575759011,0.3306233062330799,0.02710761724045163,False,True,False,True,26.558265582656837,False,True,0.2794037940379468,0.15176151761517875,False,False
2019-04-10,2019,184.75,0.14635732870771356,0.4282307025151735,0.8101265822784719,0.08119079837618504,0.3476182716853904,True,False,True,False,-2.1650879566981196,True,False,0.12990527740190938,0.12449255751014743,False,False
2019-04-11,2019,185.77,0.15635108906622008,0.3773991805046305,0.7571428571428711,0.09151100823598934,0.2861153098682845,False,True,False,True,-26.118318350649705,False,True,0.0053830004844712676,0.4252570382731413,False,False
2019-04-12,2019,185.86,0.43229222954717095,0.5241543283259477,0.6391752577319642,0.18831378456902748,0.33470092852516675,False,False,False,False,-1.614118153449029,False,False,0.04842354460345977,0.17755299687938209,False,False
2019-04-15,2019,185.81,-0.016142918639694415,0.17757210503659734,0.5151515151515439,0.0861094666594786,0.09157509157509125,True,True,True,True,-43.592917496367846,True,True,0.1399278833216666,0.43856627738011467,True,False
2019-04-16,2019,186.51,0.3389283408650634,0.4465246395524061,0.7590361445782964,0.10723285614713252,0.3389283408650634,True,False,True,False,13.940271299126561,True,False,0.21446571229424283,0.10299715832929879,False,False
2019-04-17,2019,187.75,0.6486544440870601,0.49855258925699947,0.8602150537634468,0.06924101198402255,0.4279219042524707,True,True,False,True,-20.239680426098474,False,True,0.09587217043942609,0.5938748335552635,False,False
2019-04-18,2019,187.48,0.18168216308647178,0.7641338035695087,0.8671328671328667,0.10134414337528153,0.6658075601374547,False,False,False,False,-53.87241305739199,False,False,0.021335609131645228,0.5867292511201216,False,False
2019-04-22,2019,186.54,-0.44828690361832235,0.47497064788131865,0.14606741573032955,0.40741932025303296,0.06973874792124413,True,False,True,False,38.59761981344523,True,False,0.4395840034309151,0.058968585826091324,False,False
2019-04-23,2019,188.37,0.21279991488003525,0.3617598552960615,0.8970588235294228,0.03716090672611916,0.32488282914360234,True,False,True,False,55.2104899930983,False,False,0.5680310028136182,0.12740882306100376,False,False
2019-04-24,2019,190.44,0.07882705344475216,0.3415838982605527,0.5692307692307712,0.14702793530771974,0.1946651233756036,False,True,False,True,-1.5700483091785067,False,True,0.10501995379121887,0.288804872925863,False,False
2019-04-25,2019,191.15,0.7696768411618926,0.37956666139490686,0.40277777777776735,0.22495422443107316,0.15194383317613802,False,True,False,True,-58.77059900601611,False,True,0.03662045513994627,0.8893539105414683,False,False
2019-04-26,2019,190.2,-0.11028832519300868,0.5671971009925866,0.6018518518518396,0.22607781282859563,0.342917436032697,False,True,False,True,-35.75184016824329,False,True,0.02103049421662284,0.8464773922187141,False,False
2019-04-29,2019,190.62,-0.02097975453686507,0.3723906430294808,0.35211267605633406,0.24131780505718403,0.13132321269107017,False,True,False,False,9.9674745567091,False,False,0.16262721645157185,0.14688909873046274,False,False
2019-04-30,2019,189.48,-0.7958115183246073,0.3403141361256574,0.2923076923076863,0.2427696854549355,0.1003750858471042,False,True,False,True,-16.888325944690585,False,True,0.19527126873548628,0.20582647245090957,False,False
2019-05-01,2019,190.76,0.6383539963070284,0.23740437879186949,0.08888888888887345,0.2149297546655493,0.020973154362402546,False,True,False,True,-6.290626965821389,False,True,0.13629691759280416,0.2621094569092097,True,False
2019-05-02,2019,188.88,0.026478843404120767,0.3759995763384947,0.19718309859153577,0.3017789072427002,0.07417611529085821,True,True,True,True,24.354087251166057,True,True,0.5135535789919432,0.1429479034307346,False,False
2019-05-03,2019,189.68,0.7917530155693742,0.4941814124023629,0.93548387096774,0.0316322226908472,0.4607806789894697,True,False,True,False,21.61535217207966,True,False,0.2899620413327586,0.1845212990299383,False,False
2019-05-06,2019,187.1,-2.103390539974892,0.648807032231049,0.33870967741935004,0.43826830571886966,0.22498392971930237,True,False,True,False,88.7226082308934,True,False,1.0154997327632254,0.18172100481026465,False,True
2019-05-07,2019,187.86,-1.121111637454597,1.2105900310542719,0.17826086956522738,1.0060683487703503,0.21872499333157602,False,True,False,True,-16.501650165016144,False,True,0.43117214947299143,0.48552113275843745,False,True
2019-05-08,2019,185.66,-0.3221303554171606,1.2455707076130256,0.2801724137931033,0.8994936981579382,0.35133236041295923,False,True,False,False,8.488635139503042,False,False,0.4201228051276429,0.37703328665301683,False,True
2019-05-09,2019,183.76,-1.0073802725852565,0.8888649463987532,0.18787878787878862,0.7292120156726201,0.16898337421640264,False,True,False,True,-74.28167174575395,False,True,0.21223334784501446,0.9087940792337768,False,True
2019-05-10,2019,184.06,-0.40582219576862366,1.0930144472701748,0.43069306930693074,0.6247962620884451,0.47491675309787595,False,True,False,True,-66.28273389112205,False,True,0.3531457133543414,0.7823535803542336,False,True
2019-05-13,2019,180.3,-2.545808334684596,1.8377385006215756,0.0176470588235302,1.8524681087076944,0.03328894806924332,False,True,False,True,-51.02606766500317,False,False,0.5324459234608891,0.7154742096505906,False,True
2019-05-14,2019,179.5,0.5208041664333418,0.6496051968415729,0.43103448275862194,0.36768802228412945,0.27932960893854997,True,True,True,True,46.23398328690964,True,True,0.5237325905292467,0.35654596100277436,False,False
2019-05-15,2019,179.38,-0.6149925203612461,1.2743088259737445,0.13913043478260503,1.1038019846136837,0.1787110465765629,True,False,True,False,141.60441520793876,True,False,1.4884602519790402,0.03902330248634067,False,True
2019-05-16,2019,183.12,0.04917226684151288,1.0817898705130407,0.4646464646464684,0.5788553953691489,0.5049396267837736,True,False,True,False,120.95893403232915,False,False,1.2095893403232916,0.09283529925732115,False,True
2019-05-17,2019,183.1,-0.9842093878433933,1.0382868267358945,0.10937500000000323,0.9339158929546842,0.11482311772104126,False,False,False,False,72.09175314035976,False,False,0.8137629710540661,0.010922992900042061,False,True
2019-05-20,2019,180.51,-1.3714348158671341,2.1582340727789404,0.18987341772151817,1.7727549720237157,0.41722296395194647,False,True,False,True,10.608830535705494,False,True,0.2105146529278068,0.6481635366461624,False,True
2019-05-21,2019,181.5,0.8557457212713837,0.766837074905532,0.7318840579710103,0.20385674931129305,0.5595877887971668,False,False,False,False,-10.468319559228112,False,False,0.18732782369146328,0.31955922865014585,False,False
2019-05-22,2019,180.81,-0.544554455445545,0.957095709570962,0.413793103448273,0.5641280902604962,0.39980009995002064,True,False,False,False,38.133952768100166,False,False,0.6968641114982521,0.011061335103157433,False,True
2019-05-23,2019,179.02,-1.1157755192222618,1.485859478568271,0.2565055762081778,1.1171936096525448,0.3869231200583245,False,True,False,True,-29.04703385096741,False,True,0.0016757904144792946,0.59769858116413,False,True
2019-05-24,2019,179.3,0.5664927926412044,0.64501654607662,0.913043478260875,0.0557724484104849,0.5890603085554114,True,False,True,False,-21.19353039598537,True,False,0.30674846625766694,0.21550474065812342,False,False
2019-05-28,2019,178.67,0.308780597350089,0.7298450482820634,0.7307692307692156,0.19589186768904643,0.5345487283366923,True,False,True,False,7.275983657022422,True,False,0.554094140034711,0.06996138131751817,False,False
2019-05-29,2019,176.46,-0.5859154929577448,0.6366197183098566,0.4424778761061965,0.35702142128526404,0.2841554898840748,False,True,False,True,27.768332766631154,False,True,0.28901734104045396,0.37402244134647766,False,False
2019-05-30,2019,176.54,0.2669392855114472,0.40892826716646724,0.7083333333333218,0.11895321173671647,0.28972334261205823,True,False,True,False,23.224198481930358,True,False,0.3851818284807962,0.03965107057890549,False,False
2019-05-31,2019,174.72,-1.176470588235301,0.7748868778280569,0.5401459854014647,0.36057692307691624,0.4253362455454601,False,True,False,False,-3.2337454212449934,False,False,0.06868131868131844,0.4521520146520075,False,False
2019-06-03,2019,173.52,-0.2185163887291508,0.833812535940189,0.7034482758620816,0.24781005071459195,0.5913043478260827,True,True,False,True,-49.56201014292394,False,True,0.24781005071459195,1.2188796680497993,False,False
2019-06-04,2019,171.98,1.0398918982433392,1.3042711944069083,0.8378378378378316,0.20932666589139615,1.0933458735010504,True,False,True,False,47.6799627863711,False,False,0.5727410163972602,0.3546924060937262,False,True
2019-06-05,2019,176.6,0.9662111943285145,1.0233834543479459,0.9441340782122934,0.05662514156286047,0.9662111943285145,False,False,False,False,-91.16647791619359,False,False,0.00566251415630159,0.9399773499433772,False,True
2019-06-06,2019,176.52,0.1702417432754677,0.6525933492225499,0.43478260869566077,0.3682302288692263,0.28405862970117823,False,True,False,True,-37.17992295490635,False,True,0.14729209154769052,0.382053025152973,False,False
2019-06-07,2019,178.5,0.5010979111536473,0.6474860649738062,0.6608695652173965,0.21848739495797798,0.42759086305839134,True,False,True,False,107.28291316526528,False,False,1.0868347338935491,0.09523809523809268,False,False
2019-06-10,2019,182.23,0.6739959118280847,0.4198663057289603,0.973684210526302,0.010975141304947478,0.4077359634139466,True,False,True,False,86.70361630906065,False,False,0.9473741974427963,0.010975141304936376,False,False
2019-06-11,2019,185.09,1.0923589491506958,1.0541263859304204,1.0051813471502544,-0.0054027770273856746,1.0592410592410673,True,False,True,False,-13.777081419849013,True,False,0.16748608784915575,0.4646388243557231,False,True
2019-06-12,2019,182.88,-0.27809586127923724,0.47439882218223706,0.6206896551724014,0.18044619422572516,0.29615004935834577,True,True,False,True,-31.714785651792976,False,True,0.21872265966753623,0.31714785651792976,False,False
2019-06-13,2019,183.12,0.41675806097827284,1.0035095415661242,0.7540983606557418,0.24574049803407494,0.7593265103994717,True,False,True,False,22.93577981651307,True,False,0.40956749672345083,0.10332022717344236,False,True
2019-06-14,2019,182.4,-0.5723630417007297,0.7522485690923933,0.42028985507247424,0.43859649122806044,0.31899681003191294,False,False,False,False,-3.8432017543854613,False,False,0.07675438596490558,0.2521929824561453,False,False
2019-06-17,2019,183.01,0.23551319969328244,0.2683755066272213,0.7346938775510192,0.07103436970656851,0.19709827539007296,True,False,True,False,52.45614993716341,False,False,0.639309327359161,0.09562318998961317,True,False
2019-06-18,2019,185.85,1.1593729588504242,1.3389941214892271,0.9390243902439003,0.08071025020177647,1.258581235697931,True,False,True,False,76.13666935700758,False,False,0.8824320688727516,0.22647296206617096,False,True
2019-06-19,2019,186.73,0.17703862660942704,0.26287553648069156,0.7142857142856894,0.07497456220211252,0.18778838931214903,False,True,False,True,-39.093878862528356,False,False,0.06426391045895041,0.5248219354147654,True,False
2019-06-20,2019,189.74,1.4001710132535372,1.6460025651987942,0.8538961038961068,0.2371666490987634,1.4055902944791754,False,False,False,False,-46.906292821756736,False,False,0.010540739959941092,0.521766628017295,False,True
2019-06-21,2019,188.57,-0.1271119114453767,0.5455219532863731,0.5533980582524199,0.2439412419791065,0.30319148936170937,False,False,False,False,9.015219812271713,False,False,0.18560746672322548,0.21021371374025932,False,False
2019-06-24,2019,188.52,-0.05301664722722199,0.3180998833633731,0.20000000000000948,0.25461489497136114,0.06369426751593465,False,True,False,True,4.243581582854539,False,True,0.10608953957138567,0.23870146403565107,True,False
2019-06-25,2019,188.05,-0.04783671733813444,0.44116083767406405,0.8192771084337589,0.07976601967560892,0.36291829001442455,False,True,False,True,-45.20074448285172,False,True,0.04785961180535647,0.6229194363201351,False,False
2019-06-26,2019,186.14,0.6543016276428837,0.9787487157302776,0.6243093922651901,0.3653164284946886,0.6107777957948146,True,False,True,False,23.63812184377423,True,False,0.6393037498657161,0.010744600838064056,False,False
2019-06-27,2019,186.47,0.37140704058564733,0.7912584777694042,0.5034013605442242,0.39148388480720886,0.3984278253378548,False,False,False,False,11.261865179386099,False,False,0.2520512683005238,0.08580468708102584,False,False
2019-06-28,2019,186.95,0.2412868632707621,0.3002680965147465,0.8749999999999619,0.03744316662210867,0.2627909471200063,True,True,True,True,-32.629045199250584,True,True,0.10698047606312322,0.4707140946777155,True,False
2019-07-01,2019,190.3,1.9063939166755972,1.0656527792652783,0.9547738693467458,0.04729374671570419,1.0084925690021285,True,False,True,False,-44.78717813978017,True,False,0.14182869153966937,0.46242774566475076,False,True
2019-07-02,2019,189.19,-0.01585456082866532,0.417503435154842,0.797468354430382,0.08457106612400622,0.3341111582520151,True,False,True,False,9.5142449389507,True,False,0.095142449389507,0.16782070933981652,False,False
2019-07-05,2019,190.15,-0.725696982353552,0.8457763391458727,0.1049382716049478,0.7625558769392526,0.08948310348457778,False,True,False,True,-26.820930844071444,False,True,0.15777018143570132,0.3103339468840449,False,False
2019-07-08,2019,189.86,-0.6488749345892053,0.3819989534275195,0.12328767123288312,0.33709048772778694,0.04742583126944311,False,True,False,True,-27.38860212788463,False,False,0.00526703887073765,0.48983461497946745,False,False
2019-07-09,2019,188.79,-0.4901960784313708,0.4268922622812561,0.851957031732311,0.0635097197944745,0.3668261562998376,True,False,True,False,54.02828539647242,False,False,0.568197468086229,0.07415647015200921,False,False
2019-07-10,2019,191.79,0.576852483087742,1.2323666684147017,0.8425531914893594,0.19291933886020907,1.04314841156945,True,False,True,False,19.291933886020907,True,False,0.6778247041034469,0.08863861515198135,False,True
2019-07-11,2019,192.88,0.17138405608931873,0.44144378083614344,0.3764705882352886,0.27478224802985896,0.16618196925632933,False,False,False,False,-5.703027789297765,False,False,0.19701368726670054,0.1088759850684351,False,False
2019-07-12,2019,192.63,0.11954261954261192,0.2702702702702608,0.09615384615381672,0.24399107096506611,0.025963236057724437,True,True,False,False,6.229559258683626,False,False,0.26994756787623864,0.03633909567564153,True,False
2019-07-15,2019,193.97,0.23253410500205796,0.32038032244729464,0.9193548387096597,0.025777182038466684,0.2947259565666993,False,False,False,False,-12.373047378461122,False,False,0.015466309223066688,0.2732381296076669,True,False
2019-07-16,2019,193.86,-0.12364760432765909,0.25244719216898975,0.020408163265345187,0.24760136180748127,0.005158627805013083,False,True,False,True,-0.5158361704327152,False,True,0.11864231919942458,0.1289590426080678,True,False
2019-07-17,2019,193.2,0.03624501631025456,0.2796044115362668,0.37037037037035475,0.1759834368530111,0.10362694300518616,False,True,False,True,-11.387163561076274,False,True,0.1501035196687539,0.16045548654244346,True,False
2019-07-18,2019,191.3,-0.4630834070451062,0.6503980436026848,0.6560000000000172,0.22477783585990174,0.43049139017221627,True,False,True,False,30.580240460009733,True,False,0.4391008886565517,0.06795608991114754,False,False
2019-07-19,2019,193.83,0.6752194463200523,0.524593569833268,0.8514851485148727,0.07738740133105271,0.44566512929471447,False,True,False,True,-44.36877676314399,False,True,0.0,0.5365526492287165,False,False
2019-07-22,2019,191.5,0.3090461473993056,0.555235451259757,0.7641509433962269,0.13054830287206887,0.42477319209188735,True,False,True,False,32.3759791122713,False,False,0.5430287206266149,0.03133159268929875,False,False
2019-07-23,2019,193.58,0.519264721154844,0.441375012981615,0.9411764705882549,0.025829114577935464,0.41498080713766594,False,True,False,True,-47.52557082343345,False,True,0.007748734373369537,0.6044012811240895,False,False
2019-07-24,2019,193.07,-0.37153619897827284,0.5366633985241716,0.3076923076923035,0.3729217382296479,0.1660181582360476,True,False,True,False,46.097270420055736,True,False,0.5075879214792689,0.02071787434608785,False,False
2019-07-25,2019,194.49,-0.33820138355111773,0.5739174993594695,0.2232142857142848,0.44732376985963107,0.1287067545304721,False,True,False,True,-50.902360018509896,False,True,0.015424957581378074,0.6529898709445314,False,False
2019-07-26,2019,194.52,0.6415562913907324,0.38803807947019864,0.2533333333333303,0.2878881348961526,0.09777183142076762,True,False,True,False,17.4789224758376,True,False,0.4472547809993621,0.04626773596545508,True,False
2019-07-29,2019,195.16,-0.051213766260371774,0.24070470142374215,0.6170212765957293,0.09223201475712095,0.14881716015804347,False,True,False,True,-69.94261119081857,False,False,0.010248001639689974,0.9069481451117078,True,False
2019-07-30,2019,193.16,-0.7603781339909577,1.0275380189066996,0.14000000000000057,0.8904535100434874,0.1451679800912542,False,False,False,False,28.99150962932362,False,False,0.4555808656036442,0.08800993994615425,False,False
2019-07-31,2019,194.31,0.2683316992621032,0.4231384488363658,0.6463414634146409,0.14924605012607284,0.27350603777480664,False,False,False,False,-12.62415727445898,False,False,0.06175698625907611,0.24702794503628223,False,False
2019-08-01,2019,191.51,0.16737277054239552,0.6904126784873651,0.5757575757575718,0.292412928828778,0.39842726081258384,True,False,True,False,124.27549475223287,False,False,1.2427549475223287,0.04699493499034091,False,False
2019-08-02,2019,188.82,-0.6785545210667654,0.9836410499184557,0.42780748663101237,0.5666772587649582,0.4254866503563326,False,True,False,True,-72.64061010486157,False,True,0.09003283550472752,0.8976803304734604,False,False
2019-08-05,2019,183.51,-2.091447473723529,0.9176759323480759,0.13372093023255227,0.811944853141533,0.12549105194237242,False,True,False,True,-58.30744918532971,False,True,0.0,0.7683504986104261,False,False
2019-08-06,2019,182.4,0.9519592649988917,1.3725924286030495,0.9596774193548409,0.05482456140351033,1.3220753249638895,True,False,True,False,-12.60964912280782,True,False,0.5811403508771962,0.3782894736842124,False,True
2019-08-07,2019,181.35,-1.0368349249659015,2.0354706684856696,0.20375335120643243,1.6377171215880892,0.42084279306715544,False,True,False,True,31.94375516956338,False,True,0.6672180865729294,0.8050730631375846,False,True
2019-08-08,2019,185.15,0.5921981962403677,0.7714875584048612,0.7323943661971839,0.20523899540911827,0.5648796914887733,True,False,True,False,46.988927896300936,True,False,0.5130974885228179,0.3132595193086729,False,False
2019-08-09,2019,187.32,-0.5098789037603635,0.9347779902273161,0.46590909090908944,0.5018150758061113,0.4396782841822988,False,True,False,True,-59.79073243647215,False,True,0.36301516122143607,0.6406149903907643,False,False
2019-08-12,2019,185.35,-0.5899705014749235,1.528559935639594,0.22807017543859667,1.1869436201780603,0.3519220357336206,False,True,False,False,12.408956029135165,False,False,0.25357431885622006,0.3884542756946274,False,True
2019-08-13,2019,184.28,-0.04339336081580214,0.7865046647862814,0.8689655172413798,0.10310397221620082,0.6884493497978372,True,False,True,False,277.2954200130218,False,False,2.9303234208812645,0.14108964619057307,False,False
2019-08-14,2019,185.31,-1.6610061558055556,1.9900233496073019,0.07200000000000273,1.8779342723004744,0.14591439688715901,False,True,False,True,-9.346500458691231,False,True,0.34536722249203233,0.36155631104636266,False,True
2019-08-15,2019,183.11,0.21892616715013524,2.4355536095451744,0.6943820224719126,0.7427229534159752,1.716475947116991,False,False,False,False,-22.93703238490652,False,False,0.2621375129703507,0.7263393588553435,False,True
2019-08-16,2019,184.11,0.8324661810614087,1.4239553097102766,0.6000000000000022,0.5648796914887733,0.8545603944124958,True,False,False,False,34.21867361903086,False,False,0.6463527239150446,0.0054315354950928985,False,True
2019-08-19,2019,188.02,1.380351558287507,1.4774075272295961,0.9270072992700774,0.1063716625890887,1.3694198835453975,True,False,True,False,-9.573449633017983,True,False,0.3616636528028794,0.2765663227316306,False,True
2019-08-20,2019,188.0,-0.15932023366967973,0.5310674455655867,0.19999999999998863,0.42553191489362874,0.10649627263044081,False,True,False,True,-5.319148936170359,False,True,0.06914893617020468,0.4521276595744639,False,False
2019-08-21,2019,188.66,0.8930958874806105,1.0214449970586645,0.884816753926702,0.11661189441323216,0.9038883243301044,True,False,True,False,10.07102724477793,True,False,0.3021308173433601,0.14841513834411568,False,False
2019-08-22,2019,188.98,0.18554842813973682,0.8853310714096313,0.6886227544910095,0.2751613927399754,0.612255763190106,False,True,False,False,-56.619748121493615,False,False,0.25399513175998756,0.650862525134932,False,False
2019-08-23,2019,186.76,-0.6859877692103278,1.5368253124169031,0.1903114186851161,1.2529449560933825,0.2953654476129053,False,True,False,True,27.84322124651961,False,True,0.4497751124437732,0.43906618119511354,False,True
2019-08-26,2019,184.19,1.1088543668002382,2.2835812702420957,0.6057692307692296,0.8903849286063359,1.3871305113667631,False,False,False,False,-36.91839947879916,False,False,0.114012704272759,0.6026385797274436,False,True
2019-08-27,2019,186.08,0.6708504652672698,1.179398398615022,0.8853211009174315,0.13435081685295724,1.0480586478414322,True,False,True,False,-26.332760103181528,True,False,0.18271711092001652,0.2955717970765326,False,False
2019-08-28,2019,183.85,-0.3793010024383703,0.9265781630994353,0.2690058479532198,0.6799020940984501,0.2508315611538192,False,True,False,True,9.790590155018819,False,True,0.39162360620070835,0.5112863747620322,False,False
2019-08-29,2019,187.37,1.2208956836475604,1.7232996596618213,0.8683385579937343,0.2241554144206681,1.5005417118093334,True,False,True,False,29.353685221753523,True,False,0.5176922666382033,0.026685168383422386,False,True
2019-08-30,2019,188.94,0.5481347453568208,0.9685487733489401,0.7252747252747243,0.26463427543135243,0.7035497281739689,False,False,False,False,-53.985392187996254,False,False,0.015878056525875373,0.6218905472636926,False,False
2019-09-03,2019,186.26,-0.671928327645066,0.8692406143344685,0.6809815950920174,0.2791796413615488,0.599513907642435,True,False,True,False,-14.495865993771062,True,False,0.4939332116396411,0.536883925695264,False,False
2019-09-04,2019,187.42,0.9479694064418842,0.9425832166325542,0.38285714285713573,0.5762458649023694,0.35876840696116297,False,False,False,False,-11.204780706434159,False,False,0.2534414683598385,0.2774517127307585,False,False
2019-09-05,2019,190.39,1.0884570457682763,0.7220983328023859,0.5588235294117524,0.3151426020274295,0.40078046722564764,True,False,True,False,82.98755186721962,True,False,1.0163348915384285,0.02626188350227654,False,False
2019-09-06,2019,192.03,0.10947763528308396,0.4170576582212402,0.4,0.24996094360256738,0.16691878357935064,False,True,False,True,-13.53955111180527,False,True,0.0364526376086971,0.41665364786752646,True,False
2019-09-09,2019,192.18,0.3079492666631989,0.2296570802233925,0.6818181818182112,0.07284837131855681,0.1563477173233352,False,True,False,True,-23.935893433240096,False,True,0.04683109584764367,0.44749713809970615,True,False
2019-09-10,2019,190.18,-0.5074548783677746,0.5283808527334655,0.32673267326733285,0.3575559995793398,0.1738214379773506,False,True,False,True,-18.929435271848316,False,True,0.04206541171520861,0.6677884109790755,False,False
2019-09-11,2019,190.96,0.12058931473812873,0.6134326010590823,0.7521367521367562,0.15186426476747616,0.4629629629629539,True,False,True,False,41.89359028068607,False,False,0.49748638458315675,0.20946795140344143,False,False
2019-09-12,2019,193.64,0.6183424266043014,0.5352039490776832,0.718446601941728,0.14976244577566966,0.3836184551581079,True,False,True,False,41.830200371824056,True,False,0.5525717826895482,0.34600289196445866,False,False
2019-09-13,2019,192.95,-0.13456860410953064,0.6210858651208618,0.03333333333332623,0.6011920186576925,0.020735057798959566,False,True,False,True,1.5548069448034774,False,True,0.13993262503240178,0.29023062969681934,False,False
2019-09-16,2019,191.3,-0.664658843078203,0.5659985460587678,0.6880733944954286,0.17773131207525772,0.3935974809761156,True,False,True,False,15.68217459487542,True,False,0.40773653946679644,0.08363826450602518,False,False
2019-09-17,2019,191.7,0.03130870381966577,0.3913587977457733,0.8266666666666348,0.06781429316642384,0.3244714255808967,True,False,True,False,-4.694835680749687,True,False,0.17214397496088107,0.2138758476786573,True,False
2019-09-18,2019,192.2,-0.16621649698733698,0.27010180760441,0.6153846153845901,0.10405827263268996,0.16677089847820792,False,True,False,True,-6.763787721123515,False,True,0.026014568158183593,0.22892819979187795,True,False
2019-09-19,2019,192.86,0.17660502804903722,1.0076875129856626,0.8350515463917559,0.16592346780046618,0.8471031165028231,True,False,True,False,47.70299699263569,False,False,0.5599917038266122,0.0,False,False
2019-09-20,2019,193.11,0.14520562153192973,0.36301405382979235,0.3857142857143066,0.2226710165190715,0.1400124455507301,False,False,False,False,-6.73191445290322,False,False,0.103567914660041,0.1242814975920492,True,False
2019-09-23,2019,190.36,-0.2567461357086631,0.8750327482316038,0.28742514970060695,0.6251313301113726,0.252791236570471,False,True,False,True,-0.751208237025347,False,True,0.1733557470056546,0.33620508510191494,False,False
2019-09-24,2019,191.37,0.47779061220203367,0.2835240995484574,0.5370370370370302,0.1306369859434664,0.15176889261041548,True,True,True,True,-28.740136907562388,True,True,0.21947013638501378,0.36578356064169704,True,False
2019-09-25,2019,187.79,-0.04258263692979991,0.7611646351200334,0.7482517482517399,0.1917034985888577,0.5730505569837119,False,True,False,True,-18.10533042228002,False,True,0.14910272112467204,0.8413653549177225,False,False
2019-09-26,2019,189.87,-0.10522439101383618,0.4945546377650328,0.3297872340425564,0.331805972507504,0.16353661109937967,False,True,False,True,-41.607415600146695,False,False,0.0,0.6952125138252496,False,False
2019-09-27,2019,189.68,0.16370069176743218,0.7128901093098288,0.7259259259259272,0.1950653732602392,0.5193428722840565,False,True,False,True,-50.61155630535663,False,True,0.079080556727118,0.7749894559257675,False,False
2019-09-30,2019,187.75,0.32595917494924187,0.5824516404830626,0.3119266055045893,0.3994673768308976,0.18142041513260487,False,True,False,False,13.84820239680451,False,False,0.35153129161118457,0.18641810918774704,False,False
2019-10-01,2019,189.54,0.40258501959953286,0.36020764911536096,0.44117647058822423,0.20048538567056795,0.15852885225109414,True,True,True,True,-19.52094544687144,True,False,0.5538672575709613,0.5223171889838452,True,False
2019-10-02,2019,186.03,-0.630308210031516,1.0042198600502086,0.2606382978723459,0.7471913132290453,0.26409399590385796,False,True,False,True,-68.26855883459659,False,False,0.0,0.9084556254367548,False,False
2019-10-03,2019,184.07,0.03804347826086296,0.5597826086956528,0.5339805825242547,0.26077035910252455,0.29969485614647073,False,True,False,True,-35.31265279513307,False,True,0.23224860107569079,1.2223610582930422,False,False
2019-10-04,2019,186.99,0.4620426583570758,0.9025949605114741,0.8869047619047637,0.10160971174928424,0.803234501347716,True,False,True,False,20.856730306433313,True,False,0.5187443178779505,0.058826675223278,False,False
2019-10-07,2019,188.23,-0.3494097093546533,0.4288210069352545,0.3950617283950522,0.260319821494992,0.1702942898195836,True,True,True,False,29.21957180045842,True,False,0.34000956276896144,0.17000478138446962,False,False
2019-10-08,2019,187.01,-0.6375856755751697,0.956378513362739,0.24444444444444163,0.7272338377626975,0.23583641528648336,False,True,False,True,-54.00780706913966,False,True,0.09892519116625476,0.7860542216993727,False,False
2019-10-09,2019,186.96,0.8903998704872906,1.3005234471965876,0.6846473029045677,0.40650406504063596,0.8903998704872906,False,False,False,False,5.3487376979033385,False,False,0.1765083440308013,0.28348309798887916,False,True
2019-10-10,2019,187.27,-0.037365218319629356,0.5978434931141264,0.6071428571428608,0.23495487798366188,0.364435393107887,True,False,True,False,72.88941101083913,False,False,0.8597212580765623,0.08009825385807412,False,False
2019-10-11,2019,190.8,1.1343157002014381,0.9328951553058363,0.744318181818187,0.2358490566037652,0.6913293577497592,True,False,True,False,61.844863731654875,True,False,0.6394129979035545,0.0,False,False
2019-10-14,2019,190.82,-0.09947123187267204,0.9214177268205805,0.48863636363635776,0.4716486741431769,0.4527268898715464,False,False,False,False,13.101352059532445,False,False,0.39304056178597335,0.09170946441672267,False,False
2019-10-15,2019,191.65,0.2825597823243209,0.47616555910208597,0.17582417582417273,0.3913383772502055,0.08355527703796106,True,False,True,False,58.96164883902877,False,False,0.6626663188103121,0.04696060527002999,True,False
2019-10-16,2019,192.89,-0.3255477470029078,0.37205456800330655,0.11111111111108918,0.3317953237596649,0.041491623878431305,False,True,False,True,11.923894447614103,False,True,0.1399761522111076,0.23847788895223765,True,False
2019-10-17,2019,194.18,0.5957623167383241,0.7149147800859946,0.7391304347826185,0.18539499433514184,0.5280596396769477,False,False,False,False,-16.9945411473893,False,False,0.16479555052013595,0.25749304768771797,False,False
2019-10-18,2019,193.32,-0.11367159243567126,0.3410147773070149,0.48484848484847703,0.17587419822056027,0.1658031088082934,True,True,False,True,-21.725636250775615,False,True,0.18104696875647086,0.28450237947443835,True,False
2019-10-21,2019,192.65,0.5060517529215325,0.636477462437395,0.7868852459016465,0.13495977160653538,0.500808597214264,True,False,True,False,8.305216714248331,True,False,0.26472878276666556,0.26472878276668776,False,False
2019-10-22,2019,194.06,0.33088615448249037,0.5376900010340299,0.8846153846153825,0.0618365453983305,0.47633840737288935,True,False,True,False,-12.882613624651817,True,False,0.1855096361949915,0.2061218179944424,False,False
2019-10-23,2019,191.43,-0.22932193672798862,0.44300828686090726,0.8588235294117631,0.06268609935746738,0.3828002097535421,True,False,True,False,6.790994097058967,True,False,0.2900799247766761,0.1462675651674239,True,False
2019-10-24,2019,193.62,0.7283321194464731,0.44740401623140863,0.9651162790697667,0.01549426712117441,0.43052025519996207,True,True,True,False,-25.307302964570066,True,False,0.09296560272700205,0.45449850222084587,True,False
2019-10-25,2019,193.08,-0.5152514427040344,0.623454245671892,0.19008264462811295,0.5075616324839327,0.11926367643246838,True,False,True,False,76.13424487259212,False,False,0.8183136523720602,0.015537600994408596,False,False
2019-10-28,2019,196.56,0.4907975460122671,0.562372188139071,0.8363636363636335,0.09157509157509125,0.47025148231445435,True,False,True,False,34.595034595035216,True,False,0.4171245421245473,0.005087505087497668,False,False
2019-10-29,2019,197.24,-0.1771344703679345,0.3694518953388278,0.6712328767123507,0.12167917258161243,0.2490470139771439,True,True,False,True,-26.536199553843787,False,True,0.14956398296490647,0.33968769012371336,True,False
2019-10-30,2019,196.42,0.1682900708858126,0.3059819470651203,0.7166666666666375,0.08654923123918579,0.2193989489259529,False,True,False,True,-15.782506873025515,False,True,0.0050911312493795435,0.5752978311780899,True,False
2019-10-31,2019,197.56,0.3148166954402454,0.6702548999695304,0.5681818181818211,0.28851994330836295,0.3810781972460653,False,True,False,True,-58.96942700951535,False,True,0.045555780522366085,0.68839846122698,False,False
2019-11-01,2019,197.94,0.46185860021317193,0.5075369233111708,0.7700000000000102,0.11619682732140202,0.3905259420804441,True,False,True,False,29.80701222592641,False,False,0.41931898555118696,0.12124886329191176,False,False
2019-11-04,2019,200.19,0.6637501885653929,0.6084376728516157,0.7933884297520675,0.12488136270543126,0.4818551422978601,True,False,True,False,3.4966781557521642,True,False,0.16739097857036978,0.17982916229580814,False,False
2019-11-05,2019,200.35,0.13995101714399105,0.28989853551256267,0.06896551724136749,0.2695283254305014,0.019969047975632037,False,True,False,True,-25.95457948589841,False,True,0.0998253057150178,0.3993012228599824,True,False
2019-11-06,2019,199.98,-0.059970014992505316,0.25987006496752135,0.2692307692307377,0.19001900190021015,0.07005604483585337,False,True,False,True,-29.50295029502947,False,False,0.010001000100023916,0.3000300030002956,True,False
2019-11-07,2019,200.76,0.5056320400500525,0.6558197747183991,0.6793893129770876,0.20920502092049986,0.44528943813477717,True,False,True,False,24.73600318788627,False,False,0.29024706116758114,0.0796971508268518,False,False
2019-11-08,2019,200.03,-0.1995709225165898,0.46400239485107364,0.3548387096774302,0.29995500674897535,0.1652478718077166,False,True,False,False,14.497825326200697,False,False,0.27495875618657184,0.24496325551167653,False,False
2019-11-11,2019,200.23,-0.5068322981366502,0.1987577639751581,0.17499999999998045,0.16481046796184007,0.03497202238209596,True,True,True,True,20.975877740598836,True,True,0.22973580382561476,0.14483344154222477,True,False
2019-11-12,2019,201.13,0.08459394904458684,0.2836385350318437,0.3508771929824404,0.1839606224829815,0.0995371522420685,True,False,True,False,35.30055188186721,True,False,0.3828369711132096,0.03977526972603895,True,False
2019-11-13,2019,200.84,-0.33248970274427636,0.5061783534315825,0.529411764705884,0.23899621589325015,0.2695956065901006,True,False,True,False,25.891256721768396,True,False,0.3030770762796342,0.06472814180441544,False,False
2019-11-14,2019,200.83,-0.26816308288225565,0.38238069225803756,0.10389610389611875,0.34357416720609546,0.03985056039850221,False,False,False,False,11.950405815863707,False,False,0.27884280237016057,0.036448737738392634,False,False
2019-11-15,2019,202.62,0.5957700327673621,0.6603117863171404,0.8947368421052722,0.06909485736845689,0.5907759519436118,False,False,False,False,-5.428881650381134,False,False,0.029612081729357698,0.30599151120324075,False,False
2019-11-18,2019,202.61,-0.05426203630622961,0.4488950276243077,0.15384615384617067,0.3800404718424577,0.06914604632786148,False,True,False,True,-29.613543260452737,False,True,0.004935590543397872,0.4145896056463205,False,False
2019-11-19,2019,203.84,0.37423675398857714,0.3594642505416674,0.5753424657534322,0.15208006279434638,0.20646937370958351,False,True,False,True,-23.856946624803975,False,True,0.0,0.4071821036106815,True,False
2019-11-20,2019,202.85,-0.25078678206137406,0.6195908733280836,0.5873015873015762,0.25634705447374895,0.36613725199148295,False,False,False,False,11.338427409417484,False,False,0.18432339166871703,0.06901651466599823,False,False
2019-11-21,2019,201.94,-0.08905600633287714,0.7470809420146403,0.622516556291393,0.2822620580370305,0.4676616915422871,False,False,False,False,-29.21659898979967,False,False,0.0495196593047309,0.3546102802812756,False,False
2019-11-22,2019,202.17,0.24295914319714118,0.34708449028162863,0.38571428571426597,0.21269228866795942,0.13372956909361022,False,True,False,True,-37.5921254389866,False,True,0.07419498441905148,0.3808675866844635,True,False
2019-11-25,2019,202.66,0.4162124665543665,0.17342186106431193,0.7428571428571289,0.04440935557090686,0.12845849802372022,True,False,True,False,56.74528767393605,False,False,0.5773216224217892,0.0,True,False
2019-11-26,2019,204.32,0.034271725826195976,0.27906976744187106,0.5438596491227904,0.12725137039937273,0.1519533356208136,True,False,False,False,7.8308535630378096,False,False,0.13214565387626998,0.13214565387625887,True,False
2019-11-27,2019,205.13,0.2590420332355903,0.1759530791788923,0.0,0.17549846438844607,0.0,False,True,False,True,13.1623848291329,False,True,0.13649880563544325,0.11699897625896405,True,False
2019-12-02,2019,205.11,-0.0438596491227905,0.5263157894736765,0.04629629629630751,0.5021695675491156,0.024383107383219027,False,True,False,True,-117.985471210571,False,False,0.034128028862556725,1.3261176929452612,False,False
2019-12-03,2019,200.32,-1.2520950409149245,1.582372079266493,0.06853582554517082,1.492611821086265,0.1099450274862468,False,True,False,True,-11.980830670925702,False,True,0.12480031948882697,0.5441293929712487,False,True
2019-12-04,2019,202.49,0.5462038830130744,1.072545806643838,0.8564814814814821,0.1530939799496256,0.9220494417862879,True,False,True,False,0.0,True,False,0.2074176502543379,0.172848041878626,False,True
2019-12-05,2019,203.15,0.37055335968378955,0.5928853754940655,0.7500000000000119,0.14767413241445482,0.4449938195302927,False,True,False,True,-45.14890475018518,False,True,0.0,0.6448437115431971,False,False
2019-12-06,2019,204.22,0.7051629764781353,0.6558508802209104,0.827067669172938,0.11262364117128332,0.5415517920441149,True,False,True,False,10.346684947604157,True,False,0.2546273626481188,0.03422779355596317,False,False
2019-12-09,2019,204.63,-0.14151864142103454,0.17079836033575188,0.3428571428571336,0.11239798660998002,0.05867683731846096,True,False,True,False,33.4066363680785,True,False,0.47094756389582937,0.0,True,False
2019-12-10,2019,204.17,0.06371299745147052,1.0047049598118074,0.8292682926829167,0.17142577264046555,0.8396305625524736,True,False,True,False,28.407699466130865,True,False,0.3020032326002786,0.3575451829357812,False,True
2019-12-11,2019,204.37,0.23050514958313784,0.3384011770475712,0.6666666666666804,0.11254097959583209,0.22558972095532148,True,False,True,False,11.498752263050527,True,False,0.22997504526105494,0.1614718402896731,True,False
2019-12-12,2019,204.77,-0.13168162309792342,0.5364806866952762,0.19090909090909913,0.43463397958685146,0.10265936644504592,True,True,True,False,119.64643258289831,False,False,1.2452996044342246,0.13625042730868175,False,False
2019-12-13,2019,206.38,-0.09681479330042597,1.0068738503243218,0.24999999999999317,0.7558871983719406,0.2525988535898138,False,False,False,False,49.66566527764282,False,False,0.7413509060955503,0.20350809186936436,False,True
2019-12-16,2019,208.49,0.6274434094309722,0.47299580095563964,0.8979591836734742,0.0479639311237845,0.42387168248156915,True,False,True,False,46.04537387884244,False,False,0.4892320974626996,0.004796393112393993,False,False
2019-12-17,2019,209.49,0.15777395295468732,0.3537961369286714,0.6621621621621663,0.1193374385412227,0.2344497607655649,False,False,False,False,-5.179244832690388,False,False,0.10501694591626975,0.2148073893742053,False,False
2019-12-18,2019,209.6,0.14811983372353676,0.23412489846624737,0.9795918367346548,0.0047709923664207565,0.22953328232593329,True,False,True,False,-1.187977099236237,True,False,0.10973282442749976,0.12881679389311618,True,False
2019-12-19,2019,209.64,0.10027216731125499,0.262187843193421,0.6721908577672321,0.08586147681739487,0.17637425939296403,True,False,True,False,21.942377408892266,True,False,0.22414615531387572,0.009540164090815484,True,False
2019-12-20,2019,211.83,0.4457300014225618,0.682820427711128,0.7152777777777797,0.19355143275268105,0.488614800759013,False,False,False,False,-8.497379974508057,False,False,0.047207666525039826,0.2643629325402408,False,False
2019-12-23,2019,212.03,0.12277470841006721,0.321103083534026,0.6323529411764742,0.11790784322973646,0.20321361058601717,False,False,False,False,-9.432627458377807,False,False,0.028203556100558913,0.13677309814648098,True,False
2019-12-26,2019,212.26,0.16043790109474543,0.17931294828236857,0.42105263157894346,0.10364647130878257,0.07543611504008396,True,False,True,False,24.969377178931662,False,False,0.2991614058230674,0.014133609723920859,True,False
2019-12-27,2019,214.55,0.3601833660772824,0.4677706052951633,0.7600000000000193,0.11186203682125306,0.3554890312923886,False,True,False,True,-29.36378466558032,False,True,0.004660918200882769,0.5897459799580673,False,False
2019-12-30,2019,213.51,-0.04213483146067176,0.29026217228464635,0.4354838709677094,0.16392674816168018,0.1266178953291952,False,True,False,True,-86.17863331928265,False,False,0.056203456512582406,1.1006510233712685,True,False
2020-01-03,2020,213.3,-1.3139631720181288,1.0317386878874757,0.3856502242152545,0.6422878574777302,0.40482018452270285,True,False,True,False,64.46319737458906,True,False,0.7735583684950642,0.009376465072674645,False,True
2020-01-06,2020,212.48,-0.8029878618113884,0.6629318394024218,0.2535211267605552,0.49887048192771566,0.1697152555157455,True,False,True,False,89.89081325301296,False,False,0.9083207831325435,0.11295180722891152,False,False
2020-01-07,2020,215.63,0.04175559060963785,0.44075345643499525,0.347368421052619,0.287529564531841,0.15327450069668735,False,True,False,True,-0.8162129573796584,False,True,0.12057691415849892,0.36173074247554116,False,False
2020-01-08,2020,215.47,-0.018560623636953988,0.9651524291216111,0.677884615384619,0.3109481598366326,0.6586938241614382,True,False,True,False,25.525595210471597,True,False,0.41305054067852787,0.1438715366408272,False,True
2020-01-09,2020,218.9,0.8244668601169902,0.5757450140481783,0.9440000000000055,0.031978072179073,0.5419805254455401,True,False,True,False,4.339881224302289,True,False,0.23298309730470645,0.09593421653723011,False,False
2020-01-10,2020,219.76,0.34245011643303513,0.32418611022328114,0.36619718309857463,0.20476883873317142,0.1184510250569426,False,True,False,True,-7.494539497633346,False,True,0.05005460502367498,0.35038223516562494,False,False
2020-01-13,2020,219.31,0.3936827649347663,0.2243076218814416,0.5510204081632759,0.10031462313619954,0.12326515704894625,True,True,True,False,15.50316903013993,True,False,0.218868268660799,0.15047193470431042,True,False
2020-01-14,2020,220.76,-0.08599230595157659,0.5431093007467701,0.6166666666666564,0.20837108171769536,0.33633306063083346,False,True,False,True,-9.965573473454947,False,True,0.10418554085886989,0.4620402246783728,False,False
2020-01-15,2020,220.17,0.03180372557927136,0.3362108132667011,0.31081081081079315,0.23163918790025662,0.10457397472036778,True,False,True,False,29.522641595132182,True,False,0.41785892719263806,0.022709724303937584,False,False
2020-01-16,2020,221.26,0.49507198982603473,0.6040786664849946,0.819548872180446,0.10846967368707272,0.49507198982603473,True,False,True,False,10.395010395010118,True,False,0.2576154750067783,0.08587182500225943,False,False
2020-01-17,2020,223.21,0.4093567251461927,0.5218173639226255,0.8017241379310427,0.10304197840598217,0.41839121828324277,False,False,False,False,-12.096232247659211,False,False,0.04032077415887514,0.376327225482731,False,False
2020-01-21,2020,222.73,-0.3043731256434423,0.6490309296808507,0.551724137931027,0.29183316122660674,0.36047402334069556,True,False,False,False,20.203834238765594,False,False,0.30081264311050404,0.017958963767783498,False,False
2020-01-22,2020,224.39,0.47013521984418105,0.23730634906420756,0.2641509433962001,0.17380453674407104,0.06243032329988907,True,True,True,True,22.073176166497177,True,True,0.24466330941663728,0.124782744329055,True,False
2020-01-23,2020,223.71,-0.06700616456714048,0.3752345215759865,0.5000000000000169,0.1877430602118757,0.18809619776971598,False,True,False,True,12.292700371017151,False,True,0.14751240445218805,0.4514773590809651,False,False
2020-01-24,2020,225.62,0.4854585133389655,0.21377989578230888,0.2291666666666864,0.16399255385162181,0.04877832468628274,False,True,False,True,-42.549419377715395,False,True,0.11523801081463336,0.432009573619363,True,False
2020-01-27,2020,217.72,-2.2318020566707064,1.131617944227406,0.023809523809524617,1.129891603894917,0.027565928512363058,False,True,False,True,48.65423479698761,False,True,0.5328862759507613,0.24802498622082947,False,True
2020-01-28,2020,219.6,0.7108461362072882,0.8667736757624466,0.7936507936507874,0.17759562841530574,0.687757909215958,True,False,True,False,30.054644808743536,False,False,0.38251366120218844,0.24590163934425924,False,True
2020-01-29,2020,222.66,0.5554802872239417,0.37032019148264533,0.7926829268292543,0.07634959130513597,0.29277960452231966,True,True,False,True,-55.79358663433065,False,True,0.12126111560226693,0.8218808946375611,False,False
2020-01-30,2020,220.37,-0.608876059895358,1.12303806602923,0.42168674698795483,0.6534464763806369,0.47875250775124556,True,False,False,False,33.8067795071928,False,False,0.6897490584017785,0.08168080954757961,False,True
2020-01-31,2020,223.51,0.40880503144653524,1.100628930817605,0.3999999999999977,0.6576886940181659,0.440390059767215,False,True,False,True,-120.79996420741756,False,True,0.022370363742130195,1.216947787571021,False,True
2020-02-03,2020,220.14,0.5159581754257792,0.9862563353271524,0.495370370370368,0.4951394567093592,0.4884283562331726,True,False,True,False,122.649223221587,False,False,1.231034796038899,0.06813845734531254,False,True
2020-02-04,2020,225.39,1.3900134952766319,0.9626630679262196,0.9485981308411148,0.048804294777937685,0.908846704871058,True,False,True,False,23.514796574826136,True,False,0.25067660499580313,0.32729934779714975,False,True
2020-02-05,2020,230.23,1.2355993316331082,1.4554568639521601,0.9577039274924427,0.060808756460928315,1.396106755923543,False,False,False,False,-108.5870651088039,False,False,0.008686965208704045,1.1988011988011915,False,True
2020-02-06,2020,228.78,0.23220153340635097,0.889375684556408,0.2758620689655182,0.6425386834513436,0.24537726754885192,False,True,False,True,0.8742022904106861,False,True,0.2360346184107076,0.349680916164008,False,True
2020-02-07,2020,229.16,-0.4388060998392507,0.6821045314332855,0.22929936305731644,0.5280153604468429,0.15734265734264063,False,True,False,True,10.363937860011774,False,True,0.13964042590328685,0.2705533251876391,False,False
2020-02-10,2020,228.43,-0.3229043941178955,0.5585373303661043,0.007812500000015092,0.5559690058223543,0.004377900358987219,True,True,True,False,86.24961695048894,True,False,0.8733528870988883,0.021888543536319194,False,False
2020-02-11,2020,233.21,0.5388860148301422,0.6035523366097627,0.8857142857142886,0.06860769263754563,0.5345518817088557,True,False,True,False,20.582307791261467,False,False,0.22297500107197887,0.3902062518759908,False,False
2020-02-12,2020,233.34,0.5862574359858597,0.6249676696266965,0.9242654159194329,0.047055798405759575,0.5775862068965631,True,False,True,False,-7.285506128397179,True,False,0.22927916345247823,0.2314219593725908,False,False
2020-02-13,2020,232.62,-0.7127918391736654,0.7469375560203168,0.5257142857142948,0.3568050898461017,0.39706517047908285,True,False,True,False,35.349497033787536,True,False,0.44708107643367523,0.11177026910841326,False,False
2020-02-14,2020,234.28,0.14533641104557127,0.3462426263144406,0.0987654320987806,0.3115929656820837,0.0341588385994962,False,True,False,True,1.7073587160654213,False,True,0.22622502987876825,0.2561038074099353,False,False
2020-02-18,2020,233.47,-0.4646998635743582,1.0146657571623448,0.5084033613445421,0.5011350494710243,0.5209678808232088,False,False,False,False,12.42129609799969,False,False,0.44759498008308807,0.09423052212275129,False,True
2020-02-19,2020,236.05,0.5580642412882364,0.6262247593081702,0.8979591836734848,0.06354585892818232,0.5623482298811489,True,False,True,False,27.536538868881966,True,False,0.34734166490149043,0.0847278119042616,False,False
2020-02-20,2020,236.46,-0.22363812819106155,0.4725937803282858,0.2946428571428671,0.3340945614480173,0.13975352560031684,False,True,False,False,-1.691618032648723,False,False,0.2072232089993964,0.19453607375454762,False,False
2020-02-21,2020,233.65,-0.46010309717546827,0.5666084437438813,0.6766917293233062,0.18403595120908278,0.38668098818475105,False,True,False,True,-70.61844639417947,False,False,0.15407661031456854,1.1298951423068804,False,False
2020-02-24,2020,221.84,-3.677651860535802,2.3055881203595163,0.026365348399249477,2.330508474576276,0.06314839873704514,False,True,False,True,44.175982690226604,False,True,1.086368553912731,0.7122250270465202,False,True
2020-02-25,2020,223.19,0.8130448529743983,1.6170558742490686,0.5837988826815632,0.6675926340785843,0.9452736318408039,False,True,False,True,-115.59657690756731,False,True,0.35749809579281866,1.3038218558179104,False,True
2020-02-26,2020,216.67,0.5662566720816997,2.422835924808553,0.8199233716475055,0.4338394793926392,2.0151607891143675,True,False,True,False,114.4597775418843,True,False,1.4169012784418733,0.10153689943231958,False,True
2020-02-27,2020,211.05,-2.4857921729889543,2.619784687889843,0.042328042328044026,2.5728500355366,0.11384659171767009,False,True,False,True,-84.814025112534,False,True,0.7438995498696865,1.0045013030087646,False,True
2020-02-28,2020,198.92,-3.249027237354085,3.6040856031128388,0.09311740890688233,3.378242509551588,0.3480805125359421,False,True,False,False,22.571888196261103,False,False,2.0108586366378356,0.3770359943696011,False,True
2020-03-02,2020,208.87,1.0644989596942045,3.6096191996903317,0.6474530831099206,1.2591564130798982,2.3671829053126814,False,False,False,False,-91.44922679178435,False,False,0.38301335759083344,1.4027864221764719,False,True
2020-03-03,2020,217.12,0.2956393200295615,1.9863266814486378,0.9116279069767455,0.17501842299190162,1.8386491557223383,True,False,True,False,-1.3817243920410949,True,False,1.146831245394253,1.7593957258658754,False,True
2020-03-04,2020,213.32,1.7650987501192539,2.5760900677416303,0.711111111111111,0.7312957059816272,1.8331105594806107,False,False,False,False,43.12769548096895,False,False,0.6141008813050908,0.9141196324770284,False,True
2020-03-05,2020,212.67,-2.525437711980938,2.181684847373724,0.22058823529411448,1.7444867635303618,0.49617238446271195,False,False,False,False,76.17435463393996,False,False,1.1567216814783565,0.1692763436309752,False,True
2020-03-06,2020,204.67,-3.265904149730614,3.1808299461196796,0.2659732540861794,2.4136414716372734,0.882294952681395,False,False,False,False,147.06600869692775,False,False,1.5292910538916349,0.2736111789710116,False,True
2020-03-10,2020,201.11,3.8523108701265185,2.365091660211714,0.44104803493450156,1.2729352095867785,1.0146165050981981,False,True,False,True,-53.20471383819858,False,True,0.19392372333548735,1.2232111779623134,False,True
2020-03-11,2020,199.35,-2.3990208078335407,3.432068543451662,0.32097004279600483,2.3877602207173387,1.1415525114155223,False,False,False,False,-36.11738148984189,False,False,0.7022824178580356,0.4715324805618204,False,True
2020-03-13,2020,187.0,5.500705218617763,7.136812411847676,0.921739130434782,0.5294117647058894,6.649937264742789,True,False,True,False,-94.11764705882342,True,False,0.951871657754011,2.4973262032085497,False,True
2020-03-17,2020,175.4,3.4320084915673954,5.796674136100945,0.4415055951169899,3.1299885974914288,2.53712147784404,False,True,False,True,-44.35575826681859,False,True,0.9977194982896176,3.204104903078675,False,True
2020-03-19,2020,175.73,-0.3911121188073907,5.923364697880069,0.6516746411483245,2.0713594719171446,4.0314941984371355,True,False,True,False,222.40368747510342,True,False,2.9078700278836855,2.333124679906673,False,True
2020-03-20,2020,181.74,2.250478226623165,6.346348599077305,0.5354609929078031,2.8832397931110254,3.4376778599886304,False,False,False,False,-26.521404203807553,False,False,0.4732034774953098,1.9203257400682294,False,True
2020-03-23,2020,170.96,0.12885088438561176,8.498301511069457,0.46243969676085545,4.5624707533926,4.08523592085237,False,False,False,False,2.3397285914827926,False,False,0.9592887225081892,2.4274684136640134,False,True
2020-03-24,2020,179.91,5.45102866186038,3.2354492702655238,0.961956521739129,0.11672502918125272,3.0412371134020733,True,False,True,False,63.64293257740128,True,False,1.139458618197997,0.8615418820521303,False,True
2020-03-25,2020,184.41,0.337341531095281,4.973067087436741,0.4770240700218809,2.5920503226506186,2.4215495695639966,False,True,False,False,-149.1242340437071,False,False,1.4587061439184312,2.402255842958634,False,True
2020-03-26,2020,183.83,0.9444841030146645,3.0640821481522225,0.9372759856630836,0.19039329815591088,2.928331466965295,True,False,True,False,172.44193004406273,False,False,2.382636131208171,0.11967578741228779,False,True
2020-03-27,2020,186.98,-2.6956702747710226,2.2949625312239785,0.17913832199546317,1.9360359396726867,0.42429776035233235,False,True,False,True,-60.96908760295116,False,True,0.4599422398117614,1.026847791207608,False,False
2020-03-30,2020,187.1,1.1679463609819418,2.40077863090732,0.8806306306306303,0.2832709780865805,2.1343959823134417,True,False,True,False,107.96365579903933,True,False,1.3522180652057791,0.4058792089791541,False,False
2020-03-31,2020,191.55,-0.2966895690193594,2.4307724338954757,0.41327623126338586,1.4304359175149939,1.0178251239320701,True,False,True,False,144.6097624641074,True,False,1.6496998172800925,0.5847037327068705,False,False
2020-04-01,2020,184.78,-2.9822534915467824,2.2419405649480257,0.21779859484777625,1.8075549301872496,0.5058471580092538,False,False,False,False,66.56564563264355,False,False,0.9146011473103233,0.048706569975109915,False,False
2020-04-02,2020,181.57,-0.4495860518668793,2.872964526563946,0.24809160305343278,2.1699619981274454,0.7211405114550207,False,False,False,False,121.16539075838651,False,False,1.2832516384865489,0.3304510657046844,False,True
2020-04-03,2020,185.47,-0.29566713256640176,1.7955058595849924,0.5988023952095802,0.7224888122068229,1.0900964735379048,True,False,True,False,-36.124440610341146,True,False,0.8635358818137595,0.4852536798404139,False,False
2020-04-06,2020,190.38,3.7380122057541376,0.9753705318221558,0.2569832402234652,0.698602794411185,0.24220724515586767,True,True,True,True,65.65815736947256,True,True,0.8824456350456922,0.6250656581573644,False,False
2020-04-07,2020,202.18,2.848712992166047,4.115372876182726,0.9493201483312736,0.20278959343158487,3.948586118251929,True,False,False,False,-185.47828667524024,False,False,0.23741220694430964,1.9640419428232248,False,True
2020-04-08,2020,198.1,0.9581082458465007,1.9060238507797274,0.8663101604278068,0.25239777889953796,1.6627322180026605,True,False,True,False,-18.677435638566607,True,False,0.4694598687531526,0.8732963149924222,False,False
2020-04-09,2020,202.27,0.8978899585972977,2.5290567167157145,0.8717948717948761,0.3213526474514117,2.234015668435685,True,False,True,False,-92.45068472833351,True,False,0.46966925396745296,1.5622682553023126,False,False
2020-04-13,2020,199.92,-0.4432050196703452,1.4541108510532423,0.7499999999999951,0.3651460584233712,1.1075709300561343,True,False,True,False,-10.254101640655433,True,False,0.6652661064425747,0.4001600640256009,False,False
2020-04-14,2020,207.17,2.0340819542947086,2.1944444444444464,0.9192028009695634,0.17377033354251115,2.0167977844573137,True,False,True,False,133.71144470724516,False,False,1.443259159144672,0.36202152821354083,False,False
2020-04-15,2020,208.53,-1.5671465659664818,2.0108567382582105,0.21830985915493017,1.5968925334484352,0.4479768786127103,False,True,False,True,-16.784155756964793,False,True,0.25416007289118525,0.6761617033520295,False,False
2020-04-16,2020,211.78,1.1220933008642575,1.7046268442916452,0.8683473389355743,0.22192841628103643,1.4855280812727578,True,False,False,False,-17.003494192086023,False,False,0.22192841628103643,0.9868731702710409,False,False
2020-04-17,2020,215.96,1.2233419264120027,1.331146004218422,0.11267605633803564,1.1668827560659345,0.14839547393805663,False,True,False,True,-62.97462493054296,False,True,0.25467679199850934,0.9585108353398875,False,False
2020-04-20,2020,213.27,-0.8922347692736587,1.4870579487894497,0.2968750000000037,1.0550007033337971,0.4474378296910331,False,False,False,False,57.673371782247514,False,False,0.6939560181928872,0.0844000562667091,False,False
2020-04-21,2020,210.64,-0.9405568096312988,1.1662904439428095,0.3266129032257973,0.7928218761868777,0.3860267835867015,False,True,False,True,-106.34257500949373,False,False,0.24686669198632494,1.315039878465618,False,False
2020-04-22,2020,209.14,2.1291141713057904,1.797050493212231,0.9184782608695623,0.1434445825762687,1.6426905132192804,True,False,True,False,5.259634694463333,True,False,0.3538299703547798,0.38730037295590103,False,False
2020-04-23,2020,211.78,0.33638129530488836,1.1654901217605438,0.8048780487804903,0.2266502974785034,0.9437559580552923,True,False,True,False,87.8269902729234,False,False,0.916044952308992,0.16559637359523371,False,False
2020-04-24,2020,210.94,0.18522916171930248,1.7478033721206396,0.7989130434782588,0.3508106570588865,1.4134615384615357,False,False,False,False,-7.111026832274936,False,False,0.279700388736126,0.6826585758983539,False,False
2020-04-27,2020,216.18,0.9903765299448697,0.6119779501074476,0.30534351145038546,0.420945508372661,0.18537399202891436,False,True,False,True,-10.176704598020558,False,True,0.20815986677769072,0.4301970580072201,True,False
2020-04-28,2020,217.27,0.891571859763185,1.3791502205711628,0.6531986531986527,0.4740645280066236,0.90094273905168,False,True,False,True,-142.67961522529626,False,True,0.023012841165370723,1.7029502462374113,False,False
2020-04-29,2020,216.24,2.2314674735249618,1.5412254160363177,0.6564417177914117,0.5179430262671092,0.9995329285380716,True,False,True,False,77.13651498335139,True,False,0.790788013318533,0.5086940436552112,False,False
2020-04-30,2020,220.01,0.5759999999999987,1.8468571428571394,0.24999999999999825,1.3772101268124226,0.46118721461185785,False,True,False,True,-14.544793418480584,False,True,0.01363574382982069,0.8590518612790254,False,False
2020-05-01,2020,214.55,-2.1079527307569346,1.0813523748688254,0.573839662447262,0.4707527382894483,0.6379286082836888,True,False,True,False,44.744814728501225,True,False,0.9881146585877243,0.13050570962479524,False,False
2020-05-04,2020,211.58,-0.4984951091045797,0.8370955605718591,0.6629213483146101,0.2835806787030881,0.5608365019011519,True,False,True,False,85.07420361092643,False,False,1.1579544380376117,0.21741185367237792,True,False
2020-05-05,2020,217.4,1.0129170151472966,1.143016448285479,0.8211382113821153,0.2023919043238287,0.9378772402265811,True,False,True,False,42.31830726770802,True,False,0.7267709291628233,0.13109475620974864,False,False
2020-05-06,2020,219.37,0.7856289626022361,0.983184783607455,0.7757009345794426,0.21880840588959227,0.7624822010932064,True,False,True,False,3.642248256370273,True,False,0.4467338286912481,0.5743720654601825,False,False
2020-05-07,2020,221.75,1.2695803078047296,1.0846234644015162,0.8526315789473708,0.15783540022547005,0.9216065536466145,True,False,True,False,-18.263810597519694,True,False,0.23900789177000448,0.4870349492671955,False,False
2020-05-08,2020,223.55,0.7481184370634164,1.406102122673399,0.5544871794871845,0.621784835607242,0.7799116400685424,False,False,False,False,25.05032431223464,False,False,0.2907626929098628,0.47864012525162813,False,False
2020-05-11,2020,223.5,-0.5650220225119074,1.7662499443875954,0.236775818639798,1.3557046979865817,0.4223580158159601,False,False,False,False,85.61521252796523,False,False,0.9619686800894867,0.11185682326622093,False,False
2020-05-12,2020,227.48,0.3662033973086176,0.8427090227222575,0.9214659685863843,0.06593986284508802,0.7797270955165692,True,True,True,True,-39.56391770705059,True,True,0.27035343766486086,0.8879901529804779,True,False
2020-05-13,2020,222.65,0.22958494643019467,1.1209147384532319,0.5381526104417664,0.516505726476546,0.6054855180515961,True,True,True,True,60.633280934201395,True,True,0.6647204132045781,0.8758140579384732,False,False
2020-05-14,2020,218.09,-0.6152023332118062,1.6224024790375542,0.3006010898264134,1.1417304782429305,0.49313472779903833,False,True,False,True,-91.70525929662054,False,True,0.4585262964831083,0.9308083818607038,False,False
2020-05-15,2020,218.77,-1.374988729600568,2.3126859615904767,0.1676413255360652,1.9518215477442036,0.39465834518839227,False,False,False,False,65.82255336655018,False,False,1.0650454815559707,0.20112446862000644,False,False
2020-05-18,2020,226.28,1.34360444285202,1.1241490505195229,0.7609561752988062,0.2651582110659412,0.851272451753804,True,False,True,False,21.65458723705216,True,False,0.3668021919745579,0.3579635849390139,False,False
2020-05-19,2020,227.66,0.07472855949710588,0.896742713965458,0.4117647058823505,0.5271018185012855,0.37033771272374505,True,False,True,False,58.20082579284902,True,False,0.755688307124669,0.14934551524202755,True,False
2020-05-20,2020,229.48,1.2039691289966958,1.0231532524807025,0.8836206896551677,0.11765731218407183,0.9013762476366205,True,False,True,False,54.906745685898706,False,False,0.7582360118528975,0.0,True,False
2020-05-21,2020,231.47,0.04754495159058347,0.765041493775938,0.9717514124293722,0.02160107141315759,0.7486398258977234,True,False,True,False,-38.01788568712938,True,False,0.28729424979478946,0.5529874281764435,True,False
2020-05-22,2020,228.44,-0.18787958229562474,1.1928168829466588,0.901098901098898,0.11819296095254561,1.088591910788561,True,False,True,False,17.94781999649775,True,False,0.42899667308702316,0.41148660479776167,False,False
2020-05-26,2020,233.31,1.6158536585365812,1.6027874564459959,0.7282608695652178,0.4286142900004286,1.1620344274378969,False,False,False,False,-36.86082894003739,False,False,0.11143971540010789,0.7972225794008025,False,False
2020-05-27,2020,228.51,-0.274941084053415,1.553635332111374,0.01404494382021992,1.5360378101614947,0.021885669263754792,False,True,False,True,-75.27022887401036,False,False,0.24506586145025544,1.0634107916502433,False,False
2020-05-28,2020,229.03,-0.5428174396386987,1.2245961438249058,0.5248226950354586,0.585076190892031,0.6504065040650264,True,False,True,False,94.78670916473808,True,False,0.9998690127930754,0.004366240230535556,False,False
2020-05-29,2020,230.43,0.2741514360313335,1.0835944299390827,0.5180514838761552,0.5208089224493229,0.5629746006808212,False,True,False,True,-36.453586772555724,False,True,0.43397127110185174,0.6379377685197252,True,False
2020-06-01,2020,232.4,-0.20611473720371087,1.060632085194091,0.39676113360324644,0.6411359724612709,0.4234724742891771,True,False,False,False,46.47160068846689,False,False,0.6540447504302938,0.1721170395869165,True,False
2020-06-02,2020,234.42,0.1024852677427468,1.0120420189597765,0.3333333333333293,0.6740039245798135,0.33814150579976054,False,True,False,True,2.132923811961618,False,True,0.07251940960668612,0.4735090862554303,True,False
2020-06-03,2020,236.22,0.23337717995501883,0.449781474095134,0.6415094339622692,0.16086698840063196,0.288698310265767,True,False,True,False,-1.2700025400047554,True,False,0.26670053340105415,0.2794005588011128,True,False
2020-06-04,2020,236.31,-0.15632922088896217,0.47743789082306226,0.7610619469026508,0.11425669671194516,0.36525801656404067,True,False,True,False,45.76192289788894,True,False,0.6262959671617718,0.11848842621979827,True,False
2020-06-05,2020,236.06,0.4510638297872349,2.382978723404253,0.2964285714285711,1.6690671863085704,0.7081911262798668,False,False,False,False,89.80767601457273,False,False,1.0971786833855912,0.18215707870881115,False,False
2020-06-08,2020,239.45,-0.06260434056761799,0.6260434056761269,0.38666666666665606,0.38421382334516974,0.24280989659646313,False,True,False,True,-34.66276884526942,False,True,0.1962831488828476,0.6431405303821247,True,False
2020-06-09,2020,240.63,-0.3891211657076621,0.8651736556691538,0.5167464114832522,0.4197315380459532,0.45084533500312496,True,False,True,False,43.63545692557036,True,False,0.5527157877238897,0.06649212483896827,True,False
2020-06-10,2020,245.02,0.7483552631579071,0.8840460526315813,0.8930232558139586,0.09386988817239317,0.7897984368572697,True,False,True,False,-3.2650395886058003,True,False,0.38364215166108995,0.1510080809729808,True,False
2020-06-11,2020,242.29,-1.5961335391113662,1.4011859312809636,0.22318840579709692,1.106112509802304,0.3188141768797559,False,True,False,True,4.540014032772266,False,True,0.42923769037104265,0.5159106855421203,False,False
2020-06-12,2020,239.09,2.122842986502649,1.1788826242952415,0.9782608695652167,0.02509515245305849,1.142180295274775,True,False,True,False,-42.243506629302544,True,False,0.5479108285582734,0.43080011711070787,False,False
2020-06-15,2020,232.44,-1.41239343427918,1.5905331467107775,0.7839999999999994,0.3484770263293857,1.2810457516339913,True,False,True,False,70.55584236792312,True,False,1.1831010153157795,0.4173119944931969,False,False
2020-06-16,2020,243.78,2.1453113215452957,1.4749015335623943,0.8522727272727249,0.21330708015423472,1.245950660353845,True,False,False,False,8.204118467469712,False,False,0.2502256132578484,0.367134301419314,False,False
2020-06-17,2020,244.39,0.5927145503189957,1.0002058036633081,0.6584362139917653,0.3396210974262459,0.6590057251122383,False,False,False,False,-46.23757109537996,False,False,0.15344326690944765,0.6504357788780224,True,False
2020-06-18,2020,243.29,-0.10675425990557263,0.964894272223372,0.26382978723404193,0.7110855357803425,0.255490996002794,False,False,False,False,-1.644128406428358,False,False,0.34526696534999957,0.13564059353035063,True,False
2020-06-19,2020,246.74,1.0029063817593942,1.1011502722174455,0.8661710037174775,0.14590256950635094,0.9533161490937303,False,False,False,False,1.2158547458862579,False,False,0.10537407797681642,0.2269595525654533,False,False
2020-06-22,2020,243.77,-0.15973132372214538,0.8641874180865063,0.48341232227488323,0.4471427985396126,0.4201853759011387,True,False,True,False,53.73918037494319,True,False,0.6194363539401948,0.15998687287197555,True,False
2020-06-23,2020,248.39,0.6564817441341964,0.9766179033107738,0.7842323651452237,0.2093482024236204,0.7667342799188681,True,False,True,False,34.22037924232235,True,False,0.3422037924232235,0.22947783727202964,False,False
2020-06-24,2020,247.99,-0.2975113576970889,1.2905560246049967,0.4454828660436147,0.7177708778579817,0.5799805321220042,False,True,False,True,-41.13069075366016,False,True,0.5383281583934751,0.9355215936126537,False,False
2020-06-25,2020,243.91,0.05332677003855313,1.3700877840676033,0.6646706586826338,0.45918576524128785,0.9185320038065381,False,True,False,True,0.40998729039287696,False,True,0.19269402648518508,1.1356647943913778,False,False
2020-06-26,2020,245.75,-0.13410273081925217,0.8371261378413533,0.4611650485436833,0.4516785350966446,0.3880718954248241,False,True,False,True,-141.2004069175987,False,False,0.08545269582909132,1.7578840284842245,True,False
2020-06-29,2020,239.98,-0.041652782405876554,0.7497500833055696,0.3333333333333281,0.5000416701391952,0.2506475060573221,False,True,False,True,4.583715309609548,False,True,0.19584965413783628,1.0959246603883588,True,False
2020-06-30,2020,242.73,-0.016476500391326976,0.7620381430984036,0.12432432432431917,0.6674082313681939,0.09484536082473571,True,False,True,False,76.6283524904221,True,False,0.976393523668273,0.06179705846001138,True,False
2020-07-01,2020,247.61,0.13345195729537185,0.8007117437722493,0.8535353535353589,0.11711966398773033,0.6872153545868676,True,False,True,False,57.34824926295401,True,False,0.5936755381446668,0.21396551027826893,True,False
2020-07-02,2020,252.97,1.0142554805734116,1.1699876212913816,0.9044368600682592,0.11068506146973967,1.0586449344838655,True,False,True,False,-4.54599359607899,True,False,0.5138949282523564,0.07115468237340883,False,False
2020-07-06,2020,255.42,1.3129189639442984,0.28558962357700957,0.0972222222222129,0.2544828126223475,0.027413354219696373,True,False,True,False,60.68436300994628,False,False,0.6890611541774394,0.0,True,False
2020-07-07,2020,258.1,-0.11223344556676729,0.688881148651253,0.6179775280899099,0.2634637737310985,0.4280155642023331,True,False,True,False,73.61487795428002,True,False,0.8446338628438355,0.2169701666020929,True,False
2020-07-08,2020,258.0,0.561272217025266,0.6470221390707924,0.8614457831325213,0.08914728682172246,0.5573527692247726,True,False,True,False,26.356589147287224,True,False,0.6279069767441969,0.06589147286821806,True,False
2020-07-09,2020,261.89,0.754049167083437,0.8194513907590487,0.9530516431924775,0.03818397036925436,0.7811898714692456,True,False,True,False,-21.673221581578474,True,False,0.12027950666311238,0.5116652029477975,True,False
2020-07-10,2020,261.91,-0.057238800274739265,0.8623979241395066,0.8495575221239042,0.12981558550646533,0.7384899419208502,True,True,False,True,-16.799664006720285,False,True,0.14126990187466326,1.011797945859283,False,False
2020-07-13,2020,266.87,1.083292299534122,0.7158819741676615,0.8783068783068715,0.0861842844830818,0.6259190829908556,True,False,True,False,55.49518492149686,True,False,0.5714392775508559,0.07119571326863472,True,False
2020-07-14,2020,256.07,-0.9515336711406697,2.162224886860316,0.1270125223613565,1.9057289022532897,0.2780388471177897,False,True,False,True,-24.37614714726477,False,True,1.2848049361502856,1.2926153005037744,False,True
2020-07-15,2020,261.68,0.4876924849276154,0.8064206443684826,0.6571428571428657,0.2751452155304035,0.5301575105647327,True,False,True,False,10.317945582389854,True,False,0.3859675940079521,0.43564659125648886,True,False
2020-07-16,2020,257.97,-1.077536620906494,1.1618989186287298,0.6798679867986898,0.37601271465672603,0.804970497440527,False,False,False,False,-25.58437027561422,False,False,0.2791022211884986,0.6163507384579714,False,False
2020-07-17,2020,259.73,0.2895976523283661,0.8108734265194311,0.8714285714285814,0.10395410618719847,0.7095773555641838,False,True,False,True,-85.4733761983606,False,True,0.053902129134097976,0.9856389327378423,False,False
2020-07-20,2020,260.12,0.2852957051430405,1.1913023363404946,0.8543689320388375,0.17299707827156396,1.0253223551343726,True,False,True,False,97.26280178379065,True,False,1.0072274334922415,0.5113024757804063,False,False
2020-07-21,2020,268.41,0.6072191611379729,0.6559466246860826,0.21714285714288703,0.5104131738757678,0.14177517442079957,False,True,False,True,-92.76852576282634,False,False,0.0,1.0804366454305159,True,False
2020-07-22,2020,264.44,0.14769929937510362,1.0073849649687439,0.5,0.5029496294055358,0.5054919995439056,True,False,False,False,6.8068370896989805,False,False,0.5483285433368623,0.1701709272424745,False,False
2020-07-23,2020,264.55,-0.13966480446927498,0.8040163068096011,0.1173708920187796,0.7106407106407087,0.09458948164964287,False,True,False,True,-26.64902664902602,False,True,0.26082026082026033,0.6720090720090721,True,False
2020-07-24,2020,254.13,-1.477087694812751,0.9963557416453414,0.16731517509727936,0.8420886947625217,0.16949152542373724,False,True,False,True,29.90595364577242,False,True,0.4484319049305574,1.1057332861134084,False,False
2020-07-27,2020,257.31,0.7320701534607066,0.7516442217350516,0.5052083333333434,0.36920446154442566,0.3784036826090409,True,False,True,False,34.199992227275104,True,False,0.8316816291632501,0.3070226574948598,True,False
2020-07-28,2020,259.37,-0.27682725210502745,0.9996539659348775,0.276923076923085,0.724833249797574,0.2783684515754947,False,True,False,True,-15.42198403824524,False,True,0.13108686432508065,0.6978447777306607,False,False
2020-07-29,2020,258.33,0.6114659604299799,0.9541984732824385,0.7265306122448902,0.25935818526692245,0.6938218670824225,True,False,True,False,29.41973444818613,True,False,0.41032787519839076,0.1625827430031146,False,False
2020-07-30,2020,257.79,-0.7851287380210015,1.6356848708771121,0.35294117647058826,1.0667597657007644,0.5852744937375531,False,False,False,False,-8.14616548353464,False,False,0.5120058962721385,0.48101167617052853,False,True
2020-07-31,2020,265.81,1.7805176903047837,0.6317965997855634,0.4303030303030238,0.35363605582934277,0.26782346284419667,False,True,False,True,-144.08788232195823,False,False,0.052669199804356026,1.662841879538024,True,False
2020-08-03,2020,268.05,0.8313271140535816,0.9216069816430894,0.8367346938775595,0.14922589069201742,0.7706766917293217,True,False,True,False,31.710501772055366,True,False,0.7237455698563711,0.0671516508114145,False,False
2020-08-04,2020,268.76,-0.2042256136051468,0.8688871560654914,0.3333333333333252,0.5804435183807133,0.2910664974997923,True,False,True,False,36.46375948801905,True,False,0.6027682690876723,0.09301979461229237,False,False
2020-08-05,2020,270.83,0.1442094364738855,0.5324656115959169,0.3124999999999926,0.365542960528753,0.16643242843406014,False,True,False,True,15.138647860282184,False,True,0.24369530701917608,0.32123472288889676,True,False
2020-08-06,2020,270.78,-0.12172181033530682,0.5385267972409647,0.7602739726027208,0.12925622276387383,0.4116141951273633,True,False,True,False,31.39079695694047,True,False,0.43947115739717546,0.217889061230514,True,False
2020-08-07,2020,274.04,-0.19848134457453037,0.5899812444234043,0.6296296296296517,0.2189461392497316,0.37359900373601374,False,False,False,False,-4.743833017077925,False,False,0.1678587067581283,0.23719165085390737,True,False
2020-08-10,2020,271.74,0.08839779005525017,0.3793738489871195,0.9417475728155335,0.022079929344220872,0.3582376186431313,True,True,True,True,-67.34378449988921,True,True,0.0883197173769057,0.8243173621844457,True,False
2020-08-11,2020,269.08,-0.4439840165753939,1.491046322332407,0.23573200992555376,1.1446409989594342,0.354305747212158,False,True,False,True,-26.01456815816805,False,True,0.133789207670576,0.77300431098557,False,True
2020-08-12,2020,267.37,0.8144489272651878,0.7805135552958008,0.6280193236715051,0.2879904252533816,0.48859322734620125,True,False,True,False,121.55440026929031,True,False,1.2940868459438093,0.0,False,False
2020-08-13,2020,272.62,0.2537417717795032,0.9119994116132686,0.7620967741935548,0.21641845792677028,0.6981125106194419,True,False,True,False,45.11774631354992,True,False,0.49152666715572835,0.08436651749689217,False,False
2020-08-14,2020,273.02,0.19817968291249155,0.6972988843217975,0.6631578947368254,0.23441506116770316,0.46364439211068476,False,True,False,True,-75.8186213464218,False,True,0.13918394256831057,0.794813566771646,True,False
2020-08-17,2020,273.92,0.6244948938358696,0.5546984057012885,0.8807947019867542,0.06571261682242202,0.4879122491654231,True,False,True,False,26.102511682242202,True,False,0.4198306074766345,0.06571261682243312,True,False
2020-08-18,2020,276.41,0.4141388454971695,0.5703491117811579,0.764331210191115,0.13385912231826946,0.43603066749029473,True,True,True,True,-44.860895047212914,True,True,0.44499113635541043,0.46669802105568925,True,False
2020-08-19,2020,277.94,-0.007914750937176862,0.4784826702930764,0.36090225563910033,0.3058214003022419,0.17299790960860761,False,True,False,True,6.479815787578946,False,True,0.187090739008422,0.5360869252356681,True,False
2020-08-20,2020,275.29,-0.30781487651190265,0.6880567827913295,0.3263157894736905,0.4649642195502901,0.22572541595369255,True,False,True,False,71.56089941516174,False,False,0.8572777797958286,0.15619891750517922,False,False
2020-08-21,2020,280.07,0.067886236958703,0.8682292411033324,0.7407407407407434,0.22494376405899352,0.6468537751105119,True,False,True,False,37.551326454099424,False,False,0.41418216874353764,0.21744563859034116,False,False
2020-08-24,2020,285.14,1.16728756430724,0.6847613979066903,0.9015544041450793,0.06663393420776043,0.6139731827805361,True,True,True,True,-47.34516377919551,True,True,0.3016062285193355,0.8276636038437313,False,False
2020-08-25,2020,282.78,-0.2926554070731058,0.9096999400585254,0.06976744186044616,0.8487163165711964,0.06369426751591245,False,True,False,True,19.626564820709458,False,True,0.4667939741141769,0.14498903741423375,False,False
2020-08-26,2020,287.11,0.4513330067875021,0.4303407739136583,0.7073170731707249,0.12538748214969697,0.3039407490218027,True,False,True,False,31.346870537423133,True,False,0.3448155759116833,0.05050329142142207,True,False
2020-08-27,2020,293.03,0.39399753323283715,0.7811429354529166,0.7280701754385912,0.21158243183292402,0.5697223461577972,False,True,False,True,-12.626693512607368,False,True,0.01706309934137451,0.904344265092305,False,False
2020-08-28,2020,292.27,0.4398776590260667,0.8522629643630427,0.5846774193548299,0.35241386389297524,0.498590193246673,False,False,False,False,20.186813562803607,False,False,0.31135593800253325,0.27371950593627625,False,False
2020-08-31,2020,293.16,0.2256410256410435,0.7316239316239269,0.30841121495328466,0.5048437713194076,0.2256410256410435,False,False,False,False,27.62996316004962,False,False,0.39568836130439156,0.1841997544003382,False,False
2020-09-01,2020,297.6,0.8847757551103452,0.7084985931726414,0.42105263157895023,0.4065860215053618,0.29657589646805427,True,True,True,True,57.45967741935365,True,True,0.5779569892472969,0.6081989247311848,False,False
2020-09-02,2020,303.26,1.123745373303553,1.3671679615859034,0.8146341463414641,0.25061003759150324,1.1136303014136928,False,True,False,True,-69.90701048605219,False,True,0.023082503462368287,1.53333773000065,False,True
2020-09-03,2020,298.2,-1.496382915469241,1.3807683414263556,0.019138755980857406,1.3749161636485763,0.026834831611433074,False,True,False,True,-133.80281690140828,False,True,0.14084507042253502,1.5694164989939696,False,True
2020-09-04,2020,285.76,-0.5048570732216762,1.5702795863653938,0.5365853658536563,0.7313829787234161,0.8540975506458715,True,True,True,True,-304.10134378499487,True,True,1.109322508398658,3.0935050391937224,False,True
2020-09-08,2020,272.24,-3.958230438157051,3.5243067804981334,0.018018018018018684,3.603438142815163,0.06616187605674728,False,True,False,True,191.74258007640165,False,True,2.0974140464296243,0.36364972083455793,False,True
2020-09-09,2020,275.54,2.0480722936187634,2.0480722936187448,0.9927667269439486,0.01451694853740193,2.0329568598407732,True,False,True,False,47.905930173477444,True,False,0.5806779414966767,0.9218262321260107,False,True
2020-09-10,2020,280.97,1.1483908128735232,2.253581971344247,0.9792332268370616,0.046268284870265575,2.230388589724952,True,False,True,False,0.5338648254249456,True,False,0.43598960743138626,0.5160693312453501,False,True
2020-09-11,2020,274.36,0.7972372239979375,1.322605532899821,0.2666666666666751,0.9622393934975992,0.3511338697878674,False,True,False,True,-39.451815133401126,False,True,0.31345677212422096,1.3048549351217575,False,True
2020-09-14,2020,274.28,1.4124084892405575,0.8481845744287447,0.633827375762843,0.30625638034127434,0.5329404089053025,True,False,True,False,101.72086918477596,True,False,1.0718973311944158,0.2898497885372442,False,False
2020-09-15,2020,278.9,1.3850012723108707,1.170526009669552,0.9627329192546566,0.04302617425600008,1.124002900652643,True,False,True,False,3.2269630692005613,True,False,0.4804589458587527,0.19720329867334296,False,False
2020-09-16,2020,279.76,0.25443468912380585,0.9029206235441768,0.2182886172408342,0.7040320274521061,0.19698434869812598,False,True,False,True,-34.31512725192931,False,True,0.2144695453245804,0.5826422647983942,False,False
2020-09-17,2020,267.5,-2.5270100388070094,2.357571009528678,0.1638330757341573,2.022429906542067,0.39783816243808,False,False,False,False,79.62616822429824,False,False,1.4616822429906584,0.04485981308411935,False,True
2020-09-18,2020,271.62,0.45861380279605957,0.8691471262667441,0.5574468085106339,0.3828878580369732,0.4846287595723364,False,True,False,True,-63.36057727707845,False,True,0.17303585892054496,0.8799057506810981,False,False
2020-09-21,2020,262.52,-1.5894436947068602,1.893087419403213,0.22376237623762235,1.49321956422368,0.4323042197482696,False,True,False,True,-48.37726649398078,False,True,0.7923205850982828,0.518055767179626,False,True
2020-09-22,2020,270.08,0.9493907453091088,1.5063168124392723,0.9454094292803906,0.08145734597158061,1.4308784316671153,False,False,False,False,-25.54798578199069,False,False,0.05553909952606961,1.0626481042654068,False,True
2020-09-23,2020,272.15,-0.10644545588019971,0.9543385699603456,0.35384615384614276,0.6173066323718501,0.3391955167201033,False,True,False,True,-70.91677383795569,False,True,0.06981444056586295,1.0839610508910469,False,False
2020-09-24,2020,261.58,-0.9466828233868574,1.4843986670705906,0.34183673469386977,0.9863139383745168,0.5149093144789285,True,False,True,False,118.51058949461147,True,False,2.0299717103754222,0.13762520070340623,False,True
2020-09-25,2020,265.82,0.15070454374197517,1.2583452641097128,0.5748375699871207,0.5341960725302908,0.7275101449374155,False,False,False,False,40.25280264840836,False,False,0.48529079828456556,0.5718531336994959,False,False
2020-09-28,2020,276.6,1.8334437817539184,1.671452764892136,0.8700440528634422,0.21330441070135375,1.4487438107464001,False,False,False,False,-38.32248734634835,False,False,0.010845986984797662,0.840744757772971,False,True
2020-09-29,2020,276.72,-0.11190123813303865,0.9276973612966082,0.10505836575877019,0.8311650766117173,0.09766684753120813,False,True,False,True,10.118531367446781,False,True,0.357762359063285,0.13732292570108884,False,False
2020-09-30,2020,276.09,0.08337562531717246,1.7490756180671518,0.6880829015543962,0.5451121011264659,1.2171426476518699,True,False,True,False,119.52624144300871,False,False,1.408960846100915,0.0760621536455397,False,True
2020-10-01,2020,281.84,1.3448399856166748,1.7511686443725294,0.8213552361396296,0.3086857791654962,1.4396775122372585,False,False,False,False,-44.35140505251178,False,False,0.10999148453023633,0.6102753335225586,False,True
2020-10-02,2020,276.05,-2.2000991993197716,2.4232976688159766,0.12573099415204925,2.1662742256837397,0.3125113557905568,False,False,False,False,132.94692990400313,False,False,1.3511320412968653,0.14127875384893906,False,True
2020-10-05,2020,276.34,0.7326942004155512,0.6196916122917613,0.5117647058823256,0.300354635593858,0.31582386466764145,True,False,True,False,71.2889918216697,True,False,0.7997394514004608,0.03980603604254451,True,False
2020-10-06,2020,279.29,-0.3709913316448321,0.6171298112938388,0.5895953757225595,0.25421604783557594,0.3665504725626434,True,False,True,False,29.71821404275099,True,False,0.45472447993124554,0.24605249024312048,True,False
2020-10-07,2020,277.83,0.974014174086868,0.9994548428130112,0.9272727272727314,0.07198646654429375,0.9263295553618267,True,False,True,False,-7.91851131987098,True,False,0.4527948745636001,0.1439729330885764,False,False
2020-10-08,2020,282.32,0.7889757595230362,0.5961943522187768,0.8922155688622724,0.06375743836781744,0.530570095787497,False,True,False,True,-57.38169453102904,False,True,0.05313119863985527,0.7119580617738652,True,False
2020-10-09,2020,283.05,0.5613386861832437,0.5329164742246065,0.7599999999999909,0.12718600953895987,0.40438437799297233,True,False,True,False,24.730612965906396,True,False,0.37095919448861814,0.1201201201201263,True,False
2020-10-12,2020,290.56,1.690407027613472,1.5469149196794232,0.7624434389140254,0.36137114537444504,1.1734391866011995,False,False,False,False,4.129955947136388,False,False,0.2753303964757814,0.375137665198233,False,True
2020-10-13,2020,296.31,0.607768572592704,1.5788401466793542,0.4924731182795707,0.7964631635786867,0.7788585810489135,False,True,False,True,-43.535486483751164,False,True,0.026998751307738544,0.9820795788194836,False,True
2020-10-14,2020,295.34,0.30566499116966295,0.8490694199157723,0.43599999999999,0.47741585968714695,0.37043330501274063,False,True,False,True,-47.402993160424735,False,True,0.3419787363716509,0.5552922055935494,False,False
2020-10-15,2020,287.24,-1.6772780173889168,1.4171287738755345,0.24637681159419933,1.086199693635992,0.35636922646913316,False,False,False,False,15.318200807687976,False,False,0.8738337278930475,0.1949589193705581,False,False
2020-10-16,2020,291.83,0.6275645667390695,1.1103065411537627,0.9099378881987522,0.09937292259192265,1.0141917618553098,True,False,True,False,43.17582153993804,True,False,0.49309529520611406,0.30151115375388615,False,False
2020-10-19,2020,290.49,0.7072282891315673,0.5234876061709302,0.39072847682120077,0.3167062549485511,0.20351845463955076,True,True,False,True,-36.14582257564835,False,True,0.3408034699989626,0.8502874453509723,True,False
2020-10-20,2020,284.56,0.30667277662237424,0.8847685854277724,0.16334661354582358,0.7379814450379607,0.1442899876825665,False,True,False,True,12.296176553274751,False,True,0.60795614281699,0.28464998594320834,False,False
2020-10-21,2020,284.67,0.07030618342882544,1.2619959925475357,0.54038997214485,0.579618505638102,0.6861670144660881,True,False,True,False,63.75803562019166,True,False,0.9309024484490669,0.11592370112764039,False,False
2020-10-22,2020,285.05,0.3026144480805071,0.6368978500299103,0.8674033149171222,0.08419575513067823,0.5538309580922718,True,True,True,True,-81.74004560603353,True,False,0.32625855113137536,0.9507104016839296,False,False
2020-10-23,2020,284.86,0.21107436853584627,0.4889889537747085,0.7625899280575631,0.11584638067823061,0.3735024665257214,False,True,False,True,-58.625289615952255,False,False,0.003510496384184769,0.9232605490416379,True,False
2020-10-26,2020,282.42,-0.8670012987468723,1.0319772543788823,0.2108843537414983,0.8214715671694517,0.2200141944641576,True,False,True,False,39.18631824941565,True,False,1.0197578075207048,0.08852064301395624,False,False
2020-10-27,2020,281.41,0.3601997146933211,0.531383737517835,0.5167785234899557,0.25585444724778306,0.2743728620296704,True,True,True,True,-29.849685512243205,True,True,0.35890693294480247,0.42997761273587676,True,False
2020-10-28,2020,278.11,-1.5888181174805394,1.525123849964615,0.09744779582366954,1.3987271223616426,0.15124779430299995,False,True,False,True,-148.64621912193064,False,False,0.19060803279278282,1.6684045881126153,False,True
2020-10-29,2020,273.04,0.48949247359317827,1.3507047955540894,0.3814713896457842,0.8313800175798303,0.5153880135473576,True,False,True,False,94.30852622326347,True,False,0.9852036331672975,0.19044828596543883,False,False
2020-10-30,2020,274.375,-0.6715418310828003,1.7232016797596172,0.9485294117647048,0.08929384965832288,1.6730897502408526,True,True,True,True,-161.64009111617307,True,True,0.3152619589977146,1.72574031890661,False,True
2020-11-02,2020,271.73,0.7489525786956497,1.3570130881316853,0.5273224043715912,0.636661391822746,0.7153446997776092,True,False,False,False,25.76086556508317,False,False,0.6587421337356902,0.26496890295515385,False,False
2020-11-03,2020,271.85,0.6665432327346732,0.9220514719496423,0.6586345381526254,0.3126724296486971,0.6069353465822935,True,False,True,False,142.2917049843675,False,False,1.6608423763104563,0.37152841640611944,False,False
2020-11-04,2020,283.56,3.2516476714124387,3.5975676364563216,0.7439271255060755,0.8922273945549453,2.6610187900510507,True,False,True,False,117.7881224432209,True,False,1.4652630836507363,0.5959937932007331,False,True
2020-11-05,2020,293.44,2.29736796234965,1.6663761547847211,0.5627615062761534,0.7122410032715187,0.9251934651762772,False,False,False,False,-9.201199563794171,False,False,0.6406761177753628,0.4907306434023928,False,True
2020-11-06,2020,293.55,-0.2582311168495721,1.6547178145492865,0.8213552361396296,0.2963719979560464,1.3814539803142845,False,False,False,False,-33.769374893545255,False,False,0.1226366888094077,1.2672457843638352,False,True
2020-11-09,2020,297.31,0.9027659935516796,6.618021381299847,0.7338461538461539,1.7456526857488885,5.056537102473491,False,False,False,False,33.29857724260865,False,False,0.5785207359321864,1.2007668763243773,False,True
2020-11-10,2020,285.27,-1.0990153931493607,2.4892525308556395,0.4651810584958178,1.3460931748869642,1.1846912354130268,False,False,False,False,-111.99915869176569,False,False,0.48722263119149734,1.1252497633820524,False,True
2020-11-11,2020,285.92,0.8678473153178601,1.6651379383334406,0.6758474576271224,0.5351147174034621,1.1282849361581748,True,False,True,False,87.78679350867291,True,False,0.9198377168438743,0.13640179071070513,False,False
2020-11-12,2020,290.74,0.31051614683965667,1.3317692520011088,0.7202072538860155,0.3714659145628296,0.965411862758736,True,False,False,False,6.878998417829685,False,False,0.37490541377174225,0.31299442801129285,False,False
2020-11-13,2020,290.01,0.551279384231318,0.5547465501698793,0.33124999999999,0.36895279473121434,0.18308691446731196,False,True,False,True,-16.861487534911568,False,True,0.2861970276886838,0.4861901313747641,True,False
2020-11-16,2020,290.67,-0.13742398735698824,1.5528910571340167,0.3296460176991184,1.042419238311476,0.5152500172902696,False,False,False,False,66.74235387208904,False,False,0.753431726700371,0.23394227130423273,False,False
2020-11-17,2020,293.4,0.11943354376384718,0.467497014161388,0.5401459854014456,0.21472392638035576,0.2528531401626344,False,True,False,True,-27.334696659848667,False,True,0.10565780504430133,0.5589638718473067,True,False
2020-11-18,2020,291.7,-0.1437765301930738,0.8113104203751899,0.34599156118143104,0.5313678436750235,0.28190319031902167,False,True,False,True,-3.4281796366120165,False,True,0.24340075419952978,0.4010970174837203,False,False
2020-11-19,2020,289.48,-0.20339917950839004,0.7515427310649178,0.6834862385321121,0.23835843581594407,0.5173790756623609,True,False,True,False,35.92648887660532,True,False,0.4974436921376224,0.2176316153102098,False,False
2020-11-20,2020,292.3,0.02053107035313584,0.4243087872981143,0.30645161290321987,0.2942182689018136,0.130172650041116,False,True,False,True,2.665070133425207,False,True,0.04789599726309213,0.31816626753335964,True,False
2020-11-23,2020,291.41,0.36162005785920215,0.41328006612480667,0.5916666666667025,0.16814797021376116,0.24423804609563504,True,True,True,True,-53.18966404721959,True,True,0.45983322466627286,0.6245496036512255,True,False
2020-11-24,2020,291.5,0.38915865964115337,0.42015359713468,0.47540983606557224,0.2195540308747912,0.1993675237178527,False,True,False,True,-31.21783876500972,False,True,0.04802744425385086,0.6415094339622618,True,False
2020-11-25,2020,295.46,0.3191633844900066,0.48553578704330774,0.5594405594405472,0.21322683273539145,0.2714993551890199,True,True,False,False,-16.245853922695062,False,False,0.2572260204427135,0.2944561023488834,True,False
2020-11-30,2020,299.3,0.0033412409368827056,0.8921113301480031,0.7078651685393316,0.2606080855328985,0.6354863656232057,False,False,False,False,-51.78750417641154,False,False,0.2238556632141675,0.5607083194119622,False,False
2020-12-01,2020,301.87,0.8384553714591014,0.9186264029930518,0.8181818181818182,0.1656342134031208,0.7509512048594846,True,False,True,False,22.191671911748756,True,False,0.4438996919203575,0.34451916387849835,False,False
2020-12-02,2020,302.18,-0.48738720937892,0.6125271685437704,0.2311827956989267,0.4732278774240539,0.1425020712510383,False,True,False,True,22.50314382156393,False,True,0.32100072804288615,0.6055993116685365,True,False
2020-12-03,2020,304.07,0.07240414678293394,0.28961658713180694,0.2499999999999677,0.21705528332292,0.07240414678293394,True,False,True,False,40.78337224981077,True,False,0.5952576709310264,0.0032887164139849823,True,False
2020-12-04,2020,304.27,0.026299352378433838,0.3977777047240144,0.016528925619819956,0.3911000098596684,0.006573541495469293,False,True,False,True,0.9859664114109101,False,True,0.3483747986985142,0.21033950110098676,True,False
2020-12-07,2020,305.71,0.03599476439788418,0.4646596858638795,0.8943661971830758,0.049066108403406083,0.4171593745893931,True,False,True,False,44.15622648915818,False,False,0.5299139707565903,0.06215040397762328,True,False
2020-12-08,2020,306.78,-0.15621948838118183,0.5435136366595118,0.6766467065868171,0.17602190494818704,0.36970390970063605,False,True,False,True,-44.983375708976816,False,True,0.08149162266120058,0.5965186778799092,True,False
2020-12-09,2020,308.11,-0.03244541059665984,0.2400960384153691,0.48648648648649895,0.1233325760280346,0.11697806661250532,False,True,False,True,-16.55252994060552,False,True,0.0811398526500362,0.5128038687481906,True,False
2020-12-10,2020,299.21,-0.7266091572660893,1.1247511612475072,0.19469026548671706,0.9124026603388957,0.22106849773906312,True,True,True,True,102.26930918084243,True,True,1.2633267604692522,0.3743190401390373,False,False
2020-12-11,2020,300.81,-0.535661144727706,1.0911615911119779,0.48181818181818087,0.5684651441108857,0.5313815921395459,False,False,False,False,12.632558758018941,False,False,0.22938067218509772,0.45211262923440243,False,False
2020-12-14,2020,303.06,0.37425893419005263,0.6458450634252935,0.6205128205128136,0.24417607074507242,0.400861354977633,True,False,True,False,89.42123671880076,False,False,0.9569062231901126,0.01649838315845864,False,False
2020-12-15,2020,306.35,0.829411183885731,0.816245926998638,0.9596774193548518,0.03264240248082029,0.7829720038161625,True,False,True,False,-9.241064142322397,True,False,0.15668353190794182,0.17626897339645398,False,False
2020-12-16,2020,307.72,0.15296989422295404,0.3612693246541763,0.38738738738740863,0.22098011178992572,0.1399329623482659,False,True,False,True,-3.8996490315867938,False,True,0.056869881710630565,0.357142857142867,True,False
2020-12-17,2020,310.61,0.5177825960325011,0.6148668327885756,0.8578947368421131,0.08692572679565025,0.5275422357434056,True,False,True,False,0.7018447570894537,True,False,0.20282669585653945,0.2318019381217673,False,False
2020-12-18,2020,311.66,0.21221864951770364,0.5980707395498436,0.811827956989267,0.11230186741961745,0.48686119619540946,False,True,False,True,-49.09195918629372,False,True,0.1026759930693677,0.721940576269009,False,False
2020-12-21,2020,306.49,-1.084395675326777,2.3495239632079947,0.3859890109890127,1.458448889033881,0.9253161222339212,False,False,False,False,-59.05576038369942,False,False,0.5383536167574698,0.8026363013475257,False,True
2020-12-22,2020,309.85,0.2718358629170581,0.8640497071292244,0.6179775280898967,0.32919154429562614,0.5353666450357064,False,False,False,False,-8.846215910925936,False,False,0.27771502339841714,0.31305470388898193,False,False
2020-12-23,2020,309.81,0.019370460048429017,0.24858757062146303,0.2597402597402511,0.18398373196475415,0.06459739672490805,False,True,False,True,-25.338110454795615,False,False,0.06132791065491805,0.522901132952458,True,False
2020-12-28,2020,312.25,0.9276617751632354,0.4460533971168128,0.8188405797101443,0.08006405124099114,0.3632039084597638,False,True,False,True,-40.000000000001144,False,True,0.028823058446758587,0.605284227381897,True,False
2020-12-29,2020,314.08,0.45738045738046296,0.19510634895250717,0.6557377049179809,0.0668619460010289,0.12751849018106665,True,True,True,True,-31.2022414671409,True,True,0.19262608252674784,0.6399643402954625,True,False
2020-12-30,2020,314.17,0.39946312156462493,0.22689505304871416,0.7323943661972,0.06047681191712062,0.16578989319306903,True,True,False,True,-28.965209918198063,False,False,0.10185568322882421,0.47426552503422315,True,False
2021-01-05,2021,308.29,-0.30720476005691166,0.8988487905833527,0.33443660958411536,0.6000843361769759,0.30244624876853976,True,False,True,False,75.2538194557073,True,False,1.0574459113172674,0.0,False,False
2021-01-06,2021,307.08,-1.5043140776854758,1.1803573146871114,0.6114130434782598,0.46567669662629374,0.7381163271331648,True,False,True,False,82.06330597889888,True,False,0.9085580304806662,0.35821284355866956,False,False
2021-01-07,2021,310.28,0.8811002373443344,0.5884839223591385,0.8729281767955702,0.07412659533325705,0.511823777129905,True,False,True,False,112.15676163465416,False,False,1.2537063297666684,0.009668686347807931,False,False
2021-01-08,2021,317.34,0.7332634987144093,0.5428054471002697,0.9649122807017526,0.01890716581585128,0.5226646393613921,True,False,True,False,-47.26791453961043,True,False,0.26785151572445987,0.5073422827251428,False,False
2021-01-11,2021,315.99,-0.9684091763820901,0.8117086624044226,0.11196911196911849,0.7278711351625056,0.09185936015205787,False,True,False,True,20.253805500174415,False,True,0.25633722586158036,0.5522326655906795,False,False
2021-01-12,2021,314.46,0.047723584995695845,0.6713117622729016,0.3791469194312658,0.41658716529924256,0.2550532423643226,False,True,False,True,-3.393118361635361,False,True,0.35616612605737785,0.4483877122686386,False,False
2021-01-13,2021,314.19,0.06688324097074982,0.8440028027262991,0.6264150943396241,0.31509596104268844,0.5311490096950866,True,False,True,False,30.2364811101552,True,False,0.413762373086346,0.19733282408733732,False,False
2021-01-14,2021,316.5,0.15822784810126667,0.4968354430379725,0.9745222929936175,0.012638230647721294,0.48576054862365936,True,False,True,False,13.270142180095146,True,False,0.2211690363349117,0.13586097946287623,False,False
2021-01-15,2021,314.13,-0.03818615751790544,0.48369132856005786,0.7039473684210565,0.1432527934294603,0.34178751676994246,True,True,True,True,-76.40148982905104,True,True,0.31515614554484817,1.0568872759685433,False,False
2021-01-19,2021,314.23,0.747034305867289,0.35267714010901663,0.0909090909091097,0.3182382331413214,0.03183395409545042,False,True,False,True,-9.228908761099719,False,True,0.2736848805015235,0.28959679215861955,True,False
2021-01-20,2021,320.14,1.1724552033625102,1.188256486426695,0.9920212765957368,0.009370900231164825,1.1788502259726164,True,False,True,False,71.21571812332084,True,False,0.7621665521334364,0.11557443618417373,False,False
2021-01-21,2021,325.16,0.43862358682893454,0.8309136961759429,0.5167286245353325,0.39980317382211084,0.4293171078234792,False,True,False,False,16.299667855823596,False,False,0.2644851765284617,0.43978349120433746,False,False
2021-01-22,2021,325.3,-0.3675344563552785,0.6768759571209912,0.5203619909502332,0.3258530587150421,0.35477402437145145,True,False,False,False,0.3074085459564557,False,False,0.3258530587150421,0.15063018751921842,False,False
2021-01-25,2021,328.91,1.0600380999201242,1.1491427517974586,0.9331550802139039,0.07600863458088192,1.0724602052731846,True,False,True,False,14.50852816879955,True,False,0.428688699036206,0.006080690766485652,False,False
2021-01-26,2021,328.86,0.1553220648698117,0.7370184254606413,0.9752066115702471,0.01824484583106134,0.7228177641653843,True,False,True,False,-6.689776804720271,True,False,0.11250988262483386,0.4986924527154324,False,False
2021-01-27,2021,326.26,-0.7121119902617212,1.5581253804017055,0.15625000000000208,1.3240973456752236,0.24580593621337243,False,True,False,True,-26.052841292220073,False,True,0.012260160608112969,1.6122111199656675,False,True
2021-01-28,2021,320.67,0.2877247849882858,2.1454261141516677,0.8848396501457771,0.2463591854554359,1.929434202161473,True,False,True,False,60.342408083076116,True,False,0.9293042691863818,0.19958212492594551,False,True
2021-01-29,2021,319.54,-0.5694370974266394,1.8296667392724884,0.6972789115646303,0.5570507604681696,1.2997717474004578,False,False,False,False,25.035989234523104,False,False,0.3690617763034254,0.8418351380108935,False,True
2021-02-01,2021,318.14,1.0834683697137137,1.096050583039441,0.814587198515763,0.2010435657257892,0.8911299273776763,True,False,True,False,22.63154586031435,True,False,0.3929087822970967,0.6663732947758905,False,False
2021-02-02,2021,325.47,0.9303190994511157,1.1101807920116549,0.8519553072625768,0.16284142931759504,0.945971093604614,True,False,True,False,23.658094448029132,True,False,0.6298583586812789,0.04915967677513455,False,False
2021-02-03,2021,329.82,0.634649417220956,0.9824861170439892,0.6645962732919273,0.3274513370929544,0.653076171875,False,True,False,True,-100.02122369777489,False,True,0.11369838093504558,1.0187374931781012,False,False
2021-02-04,2021,327.84,0.46272178469646263,0.698679251064882,0.8552631578947207,0.10065885797951868,0.5983614102918144,True,False,True,False,-25.317227916056282,True,False,0.23334553440703676,0.42093704245973473,False,False
2021-02-05,2021,331.22,0.2785346654556431,0.5479866787768701,0.5414364640884072,0.2505887325644496,0.2967538759689914,False,True,False,True,-30.946198901034006,False,True,0.027172272205766568,0.510234889197525,False,False
2021-02-08,2021,333.1,0.5129752564876355,0.615570307785143,0.8529411764706079,0.09006304413088362,0.5251086431675489,True,False,True,False,-14.109876913840358,True,False,0.19213449414590134,0.24016811768238222,False,False
2021-02-09,2021,332.62,-0.2907761024011468,0.37471147216643186,0.21599999999998545,0.29463050928988377,0.08123965698811908,True,False,True,False,50.50808730683754,True,False,0.6012867536528077,0.0030064337682600417,True,False
2021-02-10,2021,334.98,0.44980208708167435,0.6191375794650402,0.7820506611130018,0.13433637829123324,0.4843635495356047,True,True,False,True,-96.12514179951125,False,False,0.14329213684398656,1.3045554958505012,False,False
2021-02-11,2021,334.33,0.48087037537942745,0.41475069876476284,0.8768115942028866,0.05084796458589835,0.3632324687800059,True,False,True,False,-8.374958872968685,True,False,0.16151706397871113,0.2422755959680556,True,False
2021-02-12,2021,333.76,-0.2391200382592107,0.2875418460067091,0.25155925155925896,0.2157238734419975,0.07255980186977595,False,True,False,True,-3.895014381591899,False,True,0.12284276126559579,0.3385666347075711,True,False
2021-02-16,2021,337.25,0.2362871706468983,0.49932383231041505,0.04761904761903795,0.47442550037064546,0.023726903342513594,False,True,False,True,19.570051890289708,False,True,0.2312824314306905,0.1749444032616676,False,False
2021-02-17,2021,332.44,-0.9150248874847278,1.0849155017734156,0.06868131868131894,1.019732884129465,0.07525813540443238,False,True,False,True,-24.39237155576923,False,True,0.4090963782938273,0.379015762242807,False,False
2021-02-18,2021,330.19,-1.1229562196801823,0.8893813259867123,0.1380471380471452,0.7753111844695404,0.12432530778094808,False,True,False,True,-35.58557194342726,False,True,0.28468457554740034,0.5360549986371477,False,False
2021-02-19,2021,333.86,0.4271447479244461,0.9084346047406997,0.7483443708609286,0.22764032828130887,0.6815440289505315,False,False,False,False,-29.95267477385766,False,False,0.03893847720601862,0.4822380638591084,False,False
2021-02-22,2021,326.5,-1.3714354760754,1.2445625906234907,0.14805825242718762,1.0750382848391915,0.18717972321948828,False,True,False,True,-24.8392036753442,False,False,0.39816232771823223,0.3889739663093361,False,True
2021-02-23,2021,317.0,-1.6871355911177277,2.89356159285448,0.14790996784565894,2.507886435331219,0.43723464926177513,False,True,False,True,17.984227129337338,False,True,0.19905362776024838,1.8927444794952675,False,True
2021-02-24,2021,318.74,-0.8677261841818718,2.0495754672969784,0.18209408194233584,1.691033444186485,0.3779051458083993,False,True,False,True,6.274706657463103,False,True,0.3639329861328866,0.8721842253874734,False,True
2021-02-25,2021,321.4,-0.8361358797939089,1.4994909135787275,0.17489711934155627,1.247666459240837,0.26516924036810163,False,True,False,True,-22.209085252021808,False,True,0.8182949595519684,0.4589296826384426,False,True
2021-02-26,2021,315.84,1.000927376802796,2.414377538294252,0.9178807947019857,0.19630192502533284,2.2433718558803273,True,False,True,False,-149.44275582573385,True,False,0.6047365754812573,1.5704154002026294,False,True
2021-03-01,2021,319.34,1.584171014123914,0.6966535182593198,0.6986301369862896,0.2066762698064828,0.48141971618260726,True,False,True,False,29.74885701759966,False,False,0.38203795327864665,0.43996993799710893,False,False
2021-03-02,2021,324.2,0.1854140914709479,1.0506798516687197,0.9676470588235252,0.03392967304134409,1.0252095603128453,True,True,False,True,-105.7988895743367,False,True,0.04009870450338848,1.057988895743367,False,False
2021-03-03,2021,317.27,-0.34635507378617536,1.6898433816718568,0.21375464684014464,1.333249282945137,0.363785904087055,False,True,False,True,-126.39077126737396,False,True,0.3057332871056362,1.4372616383521941,False,True
2021-03-04,2021,308.78,-0.126176496368835,1.1870488122881275,0.7084468664850012,0.3465250340048076,0.8491736886798495,True,True,True,True,-52.46453785866745,True,True,0.8096379299177503,1.2160761707364465,False,True
2021-03-05,2021,306.79,0.8878950310763356,2.1309480745831886,0.8163580246913589,0.38788748003519835,1.7545605306799494,False,True,False,True,-179.60168193226767,False,True,0.19231396068970508,1.8742462270608606,False,True
2021-03-08,2021,308.12,-0.19758364914327364,2.4940886859067755,0.820779220779221,0.44787745034402526,2.0941020543406186,True,False,False,False,36.836297546409824,False,False,0.5030507594443678,0.856809035440731,False,True
2021-03-09,2021,307.44,2.507335289410495,1.8938383568951742,0.9700704225352085,0.05529534218058352,1.8249263074222366,True,False,True,False,111.56648451730477,True,False,1.2584569346864471,0.16913869372885415,False,True
2021-03-10,2021,316.17,1.4047916867122145,2.2322717213509025,0.9152298850574746,0.18660847012681447,2.056165267914789,False,False,False,False,-131.8910712591337,False,False,0.09488566277635613,1.3758421102571528,False,True
2021-03-11,2021,315.76,1.5566705261803593,2.0551910459282086,0.7636932707355252,0.4782112997212984,1.5697375193000518,False,False,False,False,0.9500886749447268,False,False,0.433873828223974,0.2881935647326972,False,True
2021-03-12,2021,313.86,-1.3422185898846362,2.0903404268695116,0.30075187969924916,1.481552284458032,0.6413134098633977,False,True,False,True,-50.34091633212445,False,True,0.2708213853310326,0.7423692092015655,False,True
2021-03-15,2021,315.81,0.10460251046024993,0.9255737289210142,0.623287671232871,0.34831069313827623,0.5796362941494992,False,False,False,False,-12.349197302174986,False,False,0.3451442322915499,0.4084734492258102,False,False
2021-03-16,2021,321.09,0.693050677370799,0.5017561465128019,0.9187499999999684,0.04048709084683022,0.45992115637318864,True,False,True,False,75.05683764676752,True,False,0.7536516241552382,0.20554984583760483,True,False
2021-03-17,2021,317.45,-0.9887093755848064,1.2662965504335357,0.22906403940886855,0.9859820444164447,0.2938202957159186,False,True,False,True,32.13104425894065,False,True,0.5040163805323683,0.5575681209639249,False,False
2021-03-18,2021,316.87,-1.5778847647150096,2.2581146140705024,0.11279229711141613,2.035535077476558,0.2594526182565948,False,True,False,True,-17.51506927130997,False,True,0.318774260737853,0.4923154605989799,False,True
2021-03-19,2021,311.92,-0.028845229319562904,1.4198262876189887,0.3386004514672681,0.9393434213901042,0.4832162876103441,False,True,False,True,-0.6411900487313105,False,True,0.47768658630418237,0.7245126955629733,False,False
2021-03-22,2021,315.21,0.571118626762801,0.6827898666326292,0.5981308411214864,0.27283398369342127,0.4077342082629887,True,False,True,False,68.84299355985002,True,False,0.7836045810729386,0.0031724881824790607,False,False
2021-03-23,2021,319.73,0.3420788350489756,0.8818729600803422,0.9537366548042722,0.04065930628966985,0.8452925406087441,True,False,True,False,-7.50633346886409,True,False,0.14230757201387778,0.4847840365308276,False,False
2021-03-24,2021,318.63,0.507854394044549,0.9053056589489636,0.38327526132404915,0.5555032482817079,0.34642395994080033,False,True,False,True,-96.03615478768535,False,True,0.012553745723886678,1.2145748987854255,False,False
2021-03-25,2021,309.97,-0.5741596099563595,1.292661021298426,0.13895781637717272,1.1194631738555172,0.18098962541610586,False,True,False,False,21.292383133850734,False,False,0.9404135884117704,0.22905442462174408,False,False
2021-03-26,2021,311.1,-0.07066683798020446,1.5643068225619956,0.4271047227926158,0.8968177434908187,0.6730955925182913,False,False,False,False,50.46608807457442,False,False,0.7296689167470172,0.06428801028609543,False,False
2021-03-29,2021,315.5,-0.16138729787031902,1.2214803329008619,0.8134715025906671,0.22820919175912113,1.0052503521577716,True,False,True,False,-82.09191759112389,True,False,0.2789223454833678,0.9603803486529228,False,False
2021-03-30,2021,313.87,-0.6331718745053339,0.7882989837591442,0.3534136546184708,0.5129512218434495,0.2811591424646043,False,True,False,True,-38.81224710867603,False,True,0.11469716761716153,0.7423455570777615,False,False
2021-03-31,2021,316.18,0.5661577608142565,0.8524173027989844,0.891791044776112,0.09171990638243699,0.7616558845087384,True,False,True,False,80.96653804794852,False,False,1.0184072363843333,0.11702194952242229,False,False
2021-04-01,2021,323.07,1.2917385170089446,1.2886032293462968,0.958637469586371,0.05262017519422901,1.234606586657483,True,False,True,False,40.18324202185397,False,False,0.4921224502429711,0.0804779150029411,False,False
2021-04-05,2021,327.11,0.7887844708057257,0.9151132337082023,0.8821548821548925,0.10699764605177631,0.807420875835918,True,False,True,False,70.61844639417947,True,False,0.7336981443551105,0.070312738834033,False,False
2021-04-06,2021,330.73,-0.10571463090490729,0.591699891264952,0.5308831036243077,0.27787016599643,0.31544784494526024,True,False,True,False,15.118072143440742,True,False,0.32655035829829426,0.2146766244368603,True,False
2021-04-07,2021,330.33,-0.13604208235080684,0.5441683294032322,0.2944444444444274,0.3844640208276795,0.16070345664038754,True,True,True,True,47.83095692186823,True,True,0.4813368449732236,0.2906184724366434,True,False
2021-04-08,2021,334.56,0.8865569024787412,0.5578674386345887,0.7729729729729672,0.12553802008608006,0.42926184972833514,True,False,True,False,-14.646102343376377,True,False,0.21221903395503006,0.24512792922047888,True,False
2021-04-09,2021,333.68,-0.4356388375007403,1.098048576714211,0.26902173913043675,0.8061615919443765,0.29757431843457915,False,False,False,False,21.2778710141448,False,False,0.419563653800048,0.2277631263485902,False,False
2021-04-12,2021,336.04,-0.31444675170572145,0.3470780183921732,0.17948717948720813,0.28568027615758496,0.06253163803116024,False,True,False,True,-5.356505177954718,False,True,0.1755743363885287,0.3094869658374022,True,False
2021-04-13,2021,338.24,0.46334798621836537,0.8524414874658442,0.8466898954703843,0.13008514664143433,0.723623477561719,True,False,True,False,34.886471144750516,False,False,0.5159058656575288,0.06504257332072827,False,False
2021-04-14,2021,340.85,0.06752392695672516,0.4697316657859098,0.30625000000001223,0.32565644711748387,0.14396521330355405,False,True,False,True,-44.88778054862919,False,True,0.03813994425700962,0.4811500660114598,True,False
2021-04-15,2021,339.49,0.8915569556301906,0.992600077268279,0.8922155688622724,0.1060414150637845,0.8855606074113842,True,False,True,False,42.41656602550936,True,False,0.4241656602550936,0.047129517806132615,False,False
2021-04-16,2021,342.15,0.16393922538715522,0.6176995813694821,0.7819905213269984,0.1344439573286671,0.48458149779735393,False,True,False,True,-28.64240830045217,False,True,0.0,0.6049978079789575,True,False
2021-04-19,2021,340.39,-0.4678499371326694,0.70762302991316,0.1776859504132248,0.5846235200799077,0.12648546887870094,False,True,False,True,-25.558917712036333,False,False,0.3495989893945284,0.5343870266458994,False,False
2021-04-20,2021,338.2,-0.2036058898167492,0.8468824692378072,0.5087108013937203,0.4169130691898282,0.43356892558055193,False,False,False,False,5.617977528089568,False,False,0.3903015966883583,0.16262566528681965,False,False
2021-04-21,2021,335.08,-0.36869647954329565,0.45195052331112684,0.3552631578947172,0.2924674704548158,0.16141567525556066,True,True,True,True,51.33102542676404,True,True,0.5431538737018071,0.33126417571921474,True,False
2021-04-22,2021,338.88,-0.12378426171529844,0.35366931918657396,0.4,0.21246458923513956,0.14184397163121698,False,True,False,True,6.7870632672328846,False,True,0.12688857412652688,0.332861189801692,True,False
2021-04-23,2021,335.85,0.1879362806515017,0.3042777877215078,0.8039215686274696,0.05955039452136823,0.24475420111633728,True,False,True,False,40.19651630192023,False,False,0.5478636295965345,0.0029775197260772934,True,False
2021-04-26,2021,339.67,0.07070677311964424,0.4890551807441961,0.9939759036144634,0.0029440339152753126,0.48813679663926024,True,False,True,False,14.134306827213727,True,False,0.2383784261194677,0.2266906114758549,True,False
2021-04-27,2021,341.93,0.0878143020226485,0.24880718906418225,0.44705882352942433,0.13745503465620867,0.11125750256184563,False,True,False,True,-47.52434708858555,False,False,0.06434065451992321,0.7720878542391674,True,False
2021-04-28,2021,339.81,-0.07645484753139309,0.3587496691857472,0.4180327868852486,0.20894029016214066,0.1503094606542854,True,True,True,True,6.768488272859141,True,True,0.2942820988199202,0.3825667284659162,True,False
2021-04-29,2021,342.35,1.0657141170218987,0.637657200212543,0.7546296296296386,0.1548123265663781,0.47839868513734896,False,True,False,True,-70.10369504892755,False,False,0.13144442821673152,0.8558492770556425,False,False
2021-04-30,2021,337.7,-0.7406971959320607,0.6819117041914036,0.3146551724137774,0.47083209949660976,0.21663649583048006,True,False,True,False,67.5155463429089,True,False,0.6781166716020248,0.07995262066923248,False,False
2021-05-03,2021,339.24,0.3995383112847417,0.5001627748675598,1.0177514792899582,-0.008843296781047005,0.509599431144836,True,False,True,False,6.485084306095956,True,False,0.22403018511967243,0.46279919820775284,True,False
2021-05-04,2021,333.56,-0.7651755857817744,0.8478811895326904,0.26315789473684,0.6295718911140558,0.22535380547459294,False,True,False,True,-100.42870847823404,False,False,0.09893272574648115,1.3880561218371446,False,False
2021-05-05,2021,332.25,0.6360745115856492,0.8783886112373268,0.8103448275862052,0.1655379984951022,0.7123370718399524,True,True,True,False,-34.31151241534924,True,False,0.2678705793830005,0.7223777276147536,False,False
2021-05-06,2021,328.76,-0.0638356081101743,0.6809131531750643,0.2232142857142848,0.5292614673317875,0.15231828428685645,False,True,False,True,-48.05937461978327,False,True,0.1855456868232297,0.7026402238715201,False,False
2021-05-07,2021,334.39,0.862667028624875,1.6046813259735146,0.53571428571428,0.7386584527049322,0.8596247813235092,False,False,False,False,44.55874876641008,False,False,0.6758575316247573,0.3857770866353527,False,True
2021-05-10,2021,332.78,-0.412975819966499,0.6404117787886001,0.12616822429905772,0.5619328084620401,0.08120056539653309,False,True,False,True,-98.56361560189875,False,False,0.054089789049815984,1.0817957809964418,False,False
2021-05-11,2021,319.7,-1.8150548201836592,1.4987254691194973,0.2315573770491796,1.1729746637472616,0.35471011080767667,True,False,True,False,43.47826086956496,True,False,1.2730685017203536,0.21269940569283996,False,False
2021-05-12,2021,320.23,-1.5615874089330073,1.8075066859303421,0.1904761904761914,1.4864316272678924,0.3509761524239208,False,False,False,False,-20.297910876558856,False,False,0.7463385691534263,0.227961152921341,False,True
2021-05-13,2021,319.94,0.9592931524140091,1.6756074471442104,0.9378531073446358,0.10314433956366553,1.5811531623063368,True,False,True,False,43.44564605863521,True,False,0.6923173094955271,0.2625492279802355,False,True
2021-05-14,2021,322.63,1.0270862689838678,0.6294034758102545,0.6716417910447715,0.2045687009887498,0.4201942231075728,True,False,True,False,42.77345566128466,True,False,0.5734122679230236,0.17047391749063223,False,False
2021-05-17,2021,324.61,-0.533169909606257,0.667994484449213,0.1330275229357888,0.5822371461137843,0.08941785890479448,False,True,False,True,-25.56914451187664,False,True,0.2279658667323936,0.560672807368845,False,False
2021-05-18,2021,325.41,0.29897669831093765,0.6565158426827751,0.08450704225352451,0.5992440306075375,0.05534544783691864,False,True,False,True,27.65741679727096,False,True,0.2765741679727096,0.34110814049967964,False,False
2021-05-19,2021,316.66,-1.7041750737234018,1.552072016141549,0.1400000000000091,1.3579233247015488,0.22154703126979758,False,False,False,False,82.10699172614078,False,False,0.871597296785187,0.11368660392850893,False,False
2021-05-20,2021,324.12,0.46805740677597907,1.0942004277610653,0.9546742209631814,0.04936443292606896,1.0506625097427946,True,False,True,False,96.26064420585001,False,False,0.971862273232138,0.07096137233124633,False,False
2021-05-21,2021,330.48,0.4895551433697243,0.4257001246693153,0.8500000000000122,0.06354393609295794,0.3613835828600864,True,True,False,True,-53.55846042120693,False,True,0.11498426531106887,0.5658436213991758,True,False
2021-05-24,2021,329.37,0.7340122947059324,0.767654524879973,0.8844621513944163,0.08804687737196115,0.6785878037597559,True,False,True,False,91.93915657163654,False,False,0.9563712542125735,0.11233567112973741,False,False
2021-05-25,2021,334.07,0.46311610982467943,0.5052175743541957,0.45833333333332066,0.2723980004190718,0.23102310231022383,False,True,False,True,-22.74972311192225,False,True,0.2215104618792596,0.41608046217858075,True,False
2021-05-26,2021,333.66,0.21324523201682322,0.35741102267607683,0.13445378151262632,0.308697476473041,0.04797601199399981,False,True,False,True,8.394773122337718,False,True,0.1681352274770731,0.21279146436493646,True,False
2021-05-27,2021,333.67,-0.11375542583444975,0.5538093099835422,0.8324324324324333,0.09290616477357627,0.4636738626441428,True,False,True,False,7.4924326430303445,True,False,0.12437438187429262,0.2996973057212249,False,False
2021-05-28,2021,334.14,0.38756196484901473,0.40258374643233646,0.611940298507443,0.155623391392834,0.24600984039362395,True,False,True,False,-4.788412042855406,True,False,0.25288801101335245,0.06883342311604368,True,False
2021-06-01,2021,335.31,0.4553761346954621,0.5302735252703911,0.9435028248587455,0.02982314872805869,0.5005395036566496,True,True,True,True,-63.76189198055493,True,False,0.14165995645820662,0.8946944618412833,False,False
2021-06-02,2021,333.25,0.1261905477270675,0.4026079379863519,0.8507462686567221,0.060015003750923945,0.34325976333142716,True,False,True,False,23.279819954988845,True,False,0.2970742685671546,0.11699924981245502,True,False
2021-06-03,2021,330.55,-0.8607761981884732,1.241677163937372,0.2560386473429966,0.9317803660565671,0.32170930832498,False,True,False,True,-29.042504916050316,False,True,0.10585387989714423,0.6867342308274238,False,False
2021-06-04,2021,331.85,0.6002364567860186,0.8548822263315831,0.9290780141844011,0.06026819346089951,0.7957962518603923,True,False,True,False,83.7727889106521,False,False,1.0245592888353139,0.021093867711330372,False,False
2021-06-07,2021,335.02,-0.19661582459485905,0.5871663489037189,0.578386605783858,0.2480448928422252,0.3414400383371152,False,False,False,False,-2.6864067816834147,False,False,0.17610888902155342,0.20297295683839867,False,False
2021-06-08,2021,338.38,0.5557041395500839,0.7964102106921063,0.8432835820895467,0.12412081092263438,0.6723789122932367,True,False,True,False,-36.64519179620518,True,False,0.26892842366570413,0.40487026420000793,False,False
2021-06-09,2021,338.17,0.4515075003713065,0.4960641615921459,0.9041916167664837,0.04731348138509173,0.4485237331432357,True,False,True,False,-9.758405535678083,True,False,0.23656740692552525,0.32823727710915573,True,False
2021-06-10,2021,337.22,0.11281320508254034,0.8876617978862396,0.8428093645485053,0.1393748887966284,0.752913056468496,True,False,True,False,74.43212146373224,True,False,0.9578316825811006,0.14530573512840927,False,False
2021-06-11,2021,340.36,0.0,0.340815607004339,0.21551724137931627,0.2673639675637496,0.07350563053130088,False,True,False,True,13.515101657068929,False,True,0.1821600658126643,0.1292748854154424,True,False
2021-06-14,2021,341.68,0.13774508367281335,0.372204800562698,0.29921259842519754,0.26047763989698325,0.11133899794901758,False,True,False,True,-5.853430110044355,False,True,0.22243034418167884,0.3570592367127201,True,False
2021-06-15,2021,344.15,-0.09869662399489831,0.3367296583355177,0.23275862068963446,0.25860816504432727,0.07851576131208127,False,True,False,True,-33.996803719307245,False,True,0.09298271102717859,0.36611942466947545,True,False
2021-06-16,2021,342.74,0.16072941932845364,0.2571670709255079,0.8409090909091056,0.040847289490564265,0.21637426900584789,True,False,True,False,22.757775573321037,True,False,0.3209429888545223,0.04668261656066708,True,False
2021-06-17,2021,339.97,-0.28450753798321404,0.8403238106411711,0.5479930191972234,0.38091596317320064,0.4639479905437449,True,False,True,False,111.48042474335762,False,False,1.155984351560413,0.01470718004530358,False,False
2021-06-18,2021,343.63,-0.4951641860195699,1.0424509179359538,0.20277777777778155,0.8352006518639321,0.21289005540974237,False,True,False,False,16.151092745104734,False,False,0.34286878328435577,0.2764601460873539,False,True
2021-06-21,2021,342.43,-0.05253787104871899,0.9398441376492301,0.437888198757768,0.5285751832491359,0.4134654858952702,False,True,False,True,-8.465963846625568,False,True,0.19858073182841274,0.6658295126011238,False,False
2021-06-22,2021,344.15,-0.04356665698519446,0.7203020621551026,0.4556451612903174,0.39227081214587844,0.32942685557693085,True,False,False,False,33.915443847161164,False,False,0.40098794130465354,0.09007700130756469,False,False
2021-06-23,2021,347.51,-0.0028775322283625115,0.43450736648250204,0.28476821192053603,0.31078242352737817,0.12389074564942426,True,False,True,False,30.214957842940038,True,False,0.4057437196052005,0.023020920261285216,False,False
2021-06-24,2021,349.74,0.598285681412869,0.5637691997928952,0.8877551020408302,0.06290387144736176,0.5000000000000115,True,False,True,False,36.88454280322384,True,False,0.3717046949162306,0.03431120260765086,False,False
2021-06-25,2021,350.47,0.17721880806060852,0.2829784193225532,0.626262626262661,0.10557251690586078,0.17721880806060852,False,True,False,True,-8.845264929950858,False,True,0.07133278169315638,0.46508973663939024,True,False
2021-06-28,2021,350.78,0.3748533493575845,0.3233467822702937,0.9469026548672544,0.017104738012441167,0.30596780189300343,True,False,True,False,49.03358230229804,False,False,0.612919778778731,0.017104738012418963,True,False
2021-06-29,2021,353.53,-0.04241121918119317,0.3025333634924206,0.831775700934572,0.05091505671370733,0.25238203266786385,True,False,True,False,-5.091505671370733,True,False,0.16971685571238737,0.2432608265210745,True,False
2021-06-30,2021,354.83,-0.036623844940275596,0.4113139508677137,0.4726027397260141,0.21700532649437942,0.19483819958208137,False,True,False,True,-4.368289039821116,False,True,0.09283318772370652,0.2705520953696028,False,False
2021-07-01,2021,354.07,-0.10157153739808189,0.6263578139547923,0.32432432432431535,0.4236450419408566,0.20376397339747498,False,False,False,False,3.6715903634876312,False,False,0.2880786285197834,0.13274211314145967,False,False
2021-07-02,2021,356.54,0.5499309061169466,0.6458162948757619,0.7641921397380034,0.15145565714926867,0.49324952788973864,True,False,True,False,12.618500028045432,True,False,0.24541425926964955,0.07292309418299725,False,False
2021-07-06,2021,359.26,0.17008225289278922,0.45448208559877196,0.8773006134969391,0.0556699883093037,0.39963110974485794,True,False,True,False,18.927796025163257,True,False,0.33958692868676366,0.008350498246390003,False,False
2021-07-07,2021,362.45,0.6358285206574665,0.6386050644158183,0.9565217391304252,0.02759001241550152,0.6106870229007688,True,False,False,False,-54.62822458270011,False,False,0.08552903848806359,0.56559525451787,False,False
2021-07-08,2021,355.74,-1.4106365878668536,1.643433195687722,0.19730185497470734,1.3380558835104361,0.32997715542770756,False,True,False,True,33.45139708776035,False,True,0.38230168100299444,0.37105751391465214,False,True
2021-07-09,2021,358.17,-0.19227553920748708,0.529454383324983,0.31578947368421684,0.36295613814669725,0.1677993120228205,False,True,False,False,16.472624731271868,False,False,0.2819889996370506,0.16751821760616625,False,False
2021-07-12,2021,362.45,0.40166204986149534,1.0969529085872678,0.9292929292929225,0.0772520347634309,1.0257267887504584,True,False,False,False,-25.559387501724594,False,False,0.12139605462822001,0.4469582011311868,False,True
2021-07-13,2021,362.04,-0.10209431307083294,0.8774592312574174,0.4465408805031487,0.48613412882554385,0.3937662913870543,True,False,True,False,67.11965528670927,True,False,0.679482930062969,0.07457739476302017,False,False
2021-07-14,2021,364.81,0.6816801898769098,0.758955676988464,0.9599999999999951,0.030152682218154148,0.7289394483253719,True,False,True,False,-9.594035251226929,True,False,0.18639839916669843,0.21655108138484147,False,False
2021-07-15,2021,362.96,-0.0055099454515539215,0.6336437269271065,0.2608695652173752,0.46837117037692444,0.1655811899768045,False,True,False,True,-58.95966497685645,False,True,0.06336786422747043,0.7108221291602379,False,False
2021-07-16,2021,361.41,0.27467954053603805,0.6159480605959632,0.7207207207207406,0.1715503168146837,0.44467913621077937,True,True,True,True,-58.659140588251944,True,True,0.276694059378535,0.6114938712265983,False,False
2021-07-19,2021,354.05,-0.9927293064876941,1.2298657718120716,0.13187812642109786,1.0783787600621375,0.16408747559906178,False,True,False,True,-12.992515181472486,False,True,0.3106905804264759,0.4858070893941635,False,True
2021-07-20,2021,355.65,0.2734859591744687,0.5074997180557154,0.288888888888877,0.35990440039366245,0.14642525272434703,False,True,False,True,-0.28117531280735797,False,True,0.16308168142837864,0.5201743286939342,False,False
2021-07-21,2021,358.35,-0.10871383174443361,0.6439203880247539,0.3419913419913505,0.4241663178456756,0.22094193981430088,True,False,True,False,34.323984930932916,True,False,0.44649086089019185,0.0641830612529648,False,False
2021-07-22,2021,361.75,0.08023017761302764,0.24899020638520925,0.31111111111108863,0.17138908085694293,0.07746147674771997,True,False,True,False,43.70421561852078,True,False,0.4561161022805793,0.0,True,False
2021-07-23,2021,365.31,0.3791938010056839,0.32149039650482675,0.41025641025642023,0.18888067668554331,0.1315681276210956,False,True,False,True,6.843502778461907,False,True,0.12318305001230989,0.34764994114586667,True,False
2021-07-26,2021,367.49,-0.15757872143885576,0.5096856576194682,0.4744136460554358,0.2683066205883211,0.24277141298416627,True,False,False,False,10.884649922446865,False,False,0.26942229720536837,0.24191134452637986,False,False
2021-07-27,2021,368.19,-0.07598990419844798,0.458653350340597,0.6272189349112448,0.1711073087264703,0.288726064336875,False,True,False,True,-78.4920828919844,False,True,0.0081479670822171,1.0212118743040288,False,False
2021-07-28,2021,365.6,0.3182965645922575,0.7436066293491328,0.8081180811808171,0.14223194748357315,0.6026251341459954,True,True,True,True,36.10503282275745,True,True,0.43728118161925345,0.6455142231947542,False,False
2021-07-29,2021,365.25,-0.1476256868695236,0.3773749965827411,0.3625036221385179,0.2409308692676193,0.1371900065140652,True,False,True,False,53.661875427788445,False,False,0.6406570841889003,0.0,True,False
2021-07-30,2021,362.45,-1.0996507312813875,1.488212180746564,0.2108544187752064,1.1874741343633755,0.31829504566840416,False,False,False,False,49.6620223479094,False,False,0.7504483377017701,0.011036004966191726,False,True
2021-08-02,2021,366.29,0.4883267948753156,0.5231680886669727,0.7587834294703808,0.12558355401457444,0.39660895234387983,False,True,False,True,-11.32982063392407,False,True,0.11466324496982594,0.59515684293866,False,False
2021-08-03,2021,365.29,0.2112366948315625,0.2304400307253306,0.8214285714285932,0.04106326480330935,0.18924849149752898,True,True,True,True,-34.493142434779415,True,True,0.15604040625256665,0.813052643105483,True,False
2021-08-04,2021,366.76,-0.002726504348771197,0.313548000109054,0.5739130434782446,0.13360235576398427,0.18027861240097476,True,True,False,True,-17.177445741084483,False,True,0.16904787872178417,0.26720471152797964,True,False
2021-08-05,2021,368.14,0.217781891435731,0.261338269722867,0.5937500000000056,0.10593795838538256,0.15507250319666266,True,True,True,False,16.887597109795927,True,False,0.2164393980550905,0.1874286956049298,True,False
2021-08-06,2021,368.35,-0.3840225004732578,0.5968575060172523,0.2763932940643477,0.433555042758238,0.16587806602490485,False,False,False,False,4.343694855435398,False,False,0.2769105470340705,0.0773720646124687,False,False
2021-08-09,2021,368.52,0.12497962288757769,0.4999184915502839,0.8641304347826069,0.06783892326061025,0.43332515738696564,True,False,True,False,4.206013242158413,True,False,0.15198632367308118,0.30663193313795745,False,False
2021-08-10,2021,369.26,0.15188500135612237,0.1518850013561167,0.7500000000000254,0.03791366516816552,0.11387051295954631,True,True,True,True,-32.22661539294847,True,True,0.0812435682175261,0.32497427287006,True,False
2021-08-11,2021,368.14,0.35164236063784937,0.8504838489845998,0.9038461538461503,0.08149073721954725,0.7719259827001057,True,False,False,False,-35.85592437659546,False,False,0.13853425327321478,0.43461726517084465,False,True
2021-08-12,2021,365.68,-0.15017884935696335,0.31127979684897095,0.28947368421051584,0.22150514110697017,0.09032434651703447,False,True,False,True,13.673156858455826,False,True,0.15177204112886145,0.3787464449792166,True,False
2021-08-13,2021,367.88,0.08161488655531457,0.2530061483214557,0.8602150537634468,0.03533761009024694,0.2179361447095962,True,False,True,False,17.39425899749847,True,False,0.34793954550398354,0.1359138849624908,True,False
2021-08-16,2021,367.67,-0.31180521663684013,0.5005151564448793,0.2275189599133343,0.3878477982973916,0.114363512593596,False,True,False,True,-86.7625860146326,False,False,0.21214676204204252,0.9165828052329572,False,False
2021-08-17,2021,366.15,-0.7642897796569015,0.8553540938287527,0.015842839036741233,0.8482862214939324,0.013657470636418978,False,True,False,True,-2.1848969001769802,False,True,0.16932950976376038,0.44790386453639197,False,True
2021-08-18,2021,365.18,-0.14355833253577588,0.3910255533831932,0.1678321678321734,0.32586669587599815,0.06576423521675867,True,True,True,False,26.710115559449576,True,False,0.3943260857659281,0.0876280190590939,False,False
2021-08-19,2021,360.22,-0.5466593042517842,0.9497515184980667,0.4505813953488408,0.5246793626117352,0.4321521175453702,True,False,True,False,62.73943701071482,True,False,0.7550941091555075,0.07217811337517643,False,True
2021-08-20,2021,365.05,0.29948345972086177,0.8270139575777691,0.8803986710963428,0.09861662785919378,0.731236203090524,True,False,True,False,65.74441857279734,True,False,0.7848239967127801,0.08491987398986378,False,False
2021-08-23,2021,368.8,0.28552005438478023,0.40380693405846735,0.5353535353535411,0.18709327548807053,0.21602967350986546,True,False,True,False,75.9219088937102,True,False,0.8432754880694171,0.0054229934924210355,False,False
2021-08-24,2021,373.83,0.16881028938906528,0.45016077170418184,0.315476190476173,0.30762646122570736,0.14197696222877365,False,False,False,False,23.00510927427002,False,False,0.24342615627424014,0.12572559719657983,False,False
2021-08-25,2021,374.63,0.06410427628942283,0.34028686663639546,0.6153846153846085,0.1307957184421893,0.20971202045760862,True,False,True,False,-3.33662547046365,True,False,0.20286682860422012,0.07474041053838754,False,False
2021-08-26,2021,373.92,-0.17353231705689032,0.5075152841925435,0.38926880589163865,0.310494223363289,0.1982957286028153,False,True,False,True,-26.07509627727933,False,True,0.18720581942661685,0.43592212237911765,False,False
2021-08-27,2021,373.07,0.17991407089152922,0.3037056928034296,0.3280282935455262,0.20371512048678042,0.0995441361527627,True,True,True,False,56.82579676736354,False,False,0.8255823303937593,0.1340231055834029,True,False
2021-08-30,2021,376.84,0.1994203515116144,0.14890052912866664,0.9642857142856454,0.005307292219525195,0.1435025245814403,True,False,True,False,72.57722110179499,False,False,0.7536354951703794,0.002653646109751495,True,False
2021-08-31,2021,380.51,0.049957930164068465,0.681005469078679,0.4092664092664051,0.40209192925284576,0.27935169324022624,False,True,False,True,-37.31833591758438,False,True,0.018133557593769112,0.5650311424141186,False,False
2021-09-01,2021,381.05,0.3027112397999465,0.3816793893129741,0.7241379310344963,0.10497310064294663,0.2763157894736912,True,False,True,False,26.768140663955275,False,False,0.43563836766826736,0.049862222805407974,False,False
2021-09-02,2021,381.97,0.3625949184161481,0.2574949420636429,1.0,0.0,0.2572245990708488,True,True,True,True,-21.467654527843607,True,True,0.08901222609105641,0.3298688378668646,True,False
2021-09-03,2021,379.22,-0.31544082855791133,0.8017454392513567,0.026229508196734634,0.7831865407942562,0.02110038508202905,False,False,False,False,45.092558409365324,False,False,0.7198987395179435,0.005273983439701979,False,False
2021-09-07,2021,381.65,0.015723682486434853,0.38523022091773124,0.5442176870748099,0.17555351762086335,0.21005645267164752,False,True,False,True,-14.935150006550879,False,True,0.08384645617713904,0.3044150399580725,False,False
2021-09-08,2021,381.93,-0.04972260023029529,0.4422694441536684,0.8224852071005847,0.07854842510408577,0.36527040521363574,False,False,False,False,-24.350011782263703,False,False,0.0,0.3429947896211316,False,False
2021-09-09,2021,381.01,0.047265183940337074,0.4752776829556501,0.9337016574585612,0.03149523634551343,0.44553411367711515,True,False,True,False,18.8971418073014,True,False,0.2992047452822666,0.04986745754704813,False,False
2021-09-10,2021,381.23,0.4743958042326746,0.34525472419155107,0.9389312977099359,0.0209847073944891,0.32368421052633156,True,False,True,False,-18.099310127743795,True,False,0.19410854339900752,0.2334548697636718,False,False
2021-09-13,2021,378.98,0.6560250723752326,0.8313192212690221,0.9680511182108734,0.026386616707996247,0.8059582391275466,True,True,True,True,-98.66219853290391,True,True,0.11873977518601642,1.163649796823063,False,True
2021-09-14,2021,377.84,0.3932405144011053,0.6562865341694044,0.9554655870445283,0.029112852000845457,0.6285288164482594,True,False,True,False,-34.13878890535682,True,False,0.2037899640059404,0.563730679652763,False,False
2021-09-15,2021,375.73,0.14659630044244754,0.2612079535156507,0.3469387755102301,0.17033508104222772,0.090572471296535,True,True,False,True,-50.03593005615703,False,False,0.17831953796607625,0.6281106113432577,True,False
2021-09-16,2021,376.71,-0.34390624586650986,0.4981349699743494,0.13807753584704494,0.43083539061878895,0.06906627706202428,False,True,False,True,-27.607443391467477,False,True,0.1964375779777594,0.5043667542672048,False,False
2021-09-17,2021,377.82,-0.13744251202622015,0.409684410847389,0.4129032258064398,0.2408554338044544,0.16968025876238357,False,True,False,True,-62.99295961039619,False,True,0.013233815044211283,0.7860886136255241,False,False
2021-09-20,2021,367.49,-1.6933283398427035,2.2263388796747225,0.07810153199159271,2.087811913249338,0.1771889652164571,False,True,False,True,-26.61024789790245,False,True,0.47892459658764874,0.43799831287926194,False,True
2021-09-21,2021,367.58,0.48111092887213047,0.6697282816685771,0.21224489795917723,0.5250557701724778,0.14166621260829348,False,True,False,True,-24.21241634474103,False,True,0.33462103487675865,0.5087327928614216,False,False
2021-09-22,2021,367.09,0.2923337522539704,0.5655428665100249,0.5217391304347766,0.26968863221552564,0.2950739050845641,True,True,True,False,37.456754474378684,True,False,0.46037756408510155,0.3082622790051448,False,False
2021-09-23,2021,370.76,0.32742524692193076,0.8280340955215808,0.2679738562091479,0.6041644190311724,0.2216575660918041,True,False,True,False,72.82338979393677,True,False,0.8280289135829122,0.17828244686589612,False,True
2021-09-24,2021,370.65,-0.6060443538655536,0.8044836555737308,0.23333333333332953,0.6205314987184796,0.18921475875117721,False,False,False,False,20.504519088089257,False,False,0.3723188992310833,0.10252259544044628,False,False
2021-09-27,2021,370.2,-0.8384003428602016,1.4357271047062805,0.13432835820895078,1.2533765532144692,0.19486846378693468,False,True,False,True,3.2414910858991064,False,True,0.18638573743923192,0.6672069151809734,False,True
2021-09-28,2021,365.67,-1.2636695018226063,1.687592817604968,0.2911999999999989,1.2114748270298348,0.5002061288992721,False,True,False,True,-84.50242021494914,False,True,0.18869472475182558,1.151311291601731,False,True
2021-09-29,2021,361.17,0.3668195081283798,0.7586494372655166,0.07326007326007013,0.7005011490433866,0.05540626644873203,False,True,False,True,28.518426225876414,False,True,0.6091314339507603,0.193814547166149,False,False
2021-09-30,2021,361.02,0.4647279810769289,0.6984833727563788,0.3227091633466083,0.4708880394438175,0.22486882651786555,False,False,False,False,12.464683397042098,False,False,0.45980832086864876,0.03600908536922631,False,False
2021-10-01,2021,358.6,0.24320017890588908,1.2523411511475184,0.8303571428571456,0.2119353039598426,1.0482416591524046,False,True,False,True,-109.03513664249908,False,True,0.1617401003904062,1.148912437256,False,True
2021-10-04,2021,358.52,-0.4415317541862307,0.9469328816194963,0.4340175953079106,0.5383242218007345,0.4145193815818793,False,True,False,True,-132.07073524489465,False,False,0.09483431886645466,1.3248912194577689,False,True
2021-10-05,2021,353.71,0.28636234760419654,0.5670541536716757,0.5049999999999955,0.27989030561759165,0.28636234760419654,True,False,True,False,84.81524412654373,True,False,0.890560063328727,0.06502502049701153,False,False
2021-10-06,2021,354.09,-0.9205887290838932,1.669931165705976,0.4038203753351141,1.0048292806913661,0.6852820746132693,False,False,False,False,84.44180857974048,False,False,0.9997458273320436,0.26546923098647035,False,True
2021-10-07,2021,362.8,0.8702421664303461,1.3262156977229076,0.6561844863731672,0.4520396912899738,0.8702421664303461,True,False,True,False,66.70341786108037,False,False,0.7607497243660388,0.1515986769569988,False,True
2021-10-08,2021,364.1,0.3223762157992027,1.0360124541922815,0.6010638297872392,0.41197473221641356,0.6245854521335525,False,False,False,False,-28.56358143367266,False,False,0.05948915133204835,0.5904971161768802,False,True
2021-10-11,2021,359.58,-0.4209360288009001,0.949875380780949,0.4606413994169041,0.5144891262027995,0.44134078212290095,True,False,True,False,95.80621836587034,False,False,1.0067300739752039,0.17798542744312806,False,True
2021-10-12,2021,359.88,0.41574820726024697,1.2584056474790166,0.882483370288243,0.14727131265979132,1.1182916549592692,False,False,False,False,-47.26297654773837,False,False,0.1250416805601784,0.7391352673113194,False,True
2021-10-13,2021,359.49,0.6551868962620944,0.9491810163796686,0.9410029498525105,0.055634370914336984,0.8953129385349312,True,False,True,False,-43.951153022336875,True,False,0.22250966647194836,0.5285265236863457,False,True
2021-10-14,2021,363.69,1.0250000000000092,1.1388611111111087,0.8341666869923714,0.18694492562345566,0.9492880339745158,True,False,True,False,35.46976820918868,True,False,0.5031757815722182,0.18697242156782146,False,True
2021-10-15,2021,367.88,0.34915439170757345,0.4582651391162048,0.6369047619047553,0.16581493965424077,0.2917041520132946,False,False,False,False,-25.6360769816244,False,False,0.07611177557900195,0.2881374361204725,False,False
2021-10-18,2021,367.6,-0.37670397571749614,0.6412097888831636,0.31699070160608817,0.43960826985853796,0.2044432329289858,True,False,True,False,49.51033732317755,True,False,0.5522306855277437,0.1659412404787841,False,False
2021-10-19,2021,373.74,0.29249966456461607,0.4937609016503355,0.5434782608695726,0.224755177396041,0.2682835220260804,False,False,False,False,19.532295178465997,False,False,0.20334992240593763,0.18462032428960828,False,False
2021-10-20,2021,375.94,0.13317707223523545,0.3276155976986899,0.9918699186991942,0.0026599989360054366,0.3255764304013642,True,False,True,False,10.639995744001762,True,False,0.1196999521200226,0.2606798957280443,True,False
2021-10-21,2021,374.14,-0.22401194730385932,0.5629633580457749,0.4689720511605813,0.29962046292832945,0.26530885702800155,True,False,True,False,52.92136633345823,True,False,0.5292938472229558,0.07751109210455409,False,False
2021-10-22,2021,375.98,-0.34457167090753416,0.6340118744698887,0.3428093645484927,0.4181073461354323,0.21857340867896813,False,True,False,False,26.065216234905098,False,False,0.2633118782914057,0.2367147188680363,False,False
2021-10-25,2021,375.57,0.4117316792770609,0.334197791620993,0.9759999999999763,0.007987858455149599,0.3258982235875507,True,True,True,True,6.124024815614693,True,True,0.17839550549831884,0.5351865164949232,True,False
2021-10-26,2021,380.22,0.605932315508162,0.615722488291482,0.8624838848302564,0.08416180106254334,0.5306533619944265,True,False,True,False,53.916153805690925,False,False,0.6443637893850829,0.1129609173636359,False,False
2021-10-27,2021,379.58,0.1741792462788938,0.4961469439459654,0.7925531914893444,0.10274513936456842,0.39408606416462266,True,False,True,False,28.71594920701881,True,False,0.497918752305182,0.07113125032930379,False,False
2021-10-28,2021,381.95,0.5263850506645573,0.5592841163310962,0.7835294117646887,0.12043461186019844,0.4378295225948792,True,False,True,False,20.159706767901575,True,False,0.2670506610813028,0.20814242701924224,False,False
2021-10-29,2021,381.06,-0.8172826652784959,0.35918792295680696,0.5652173913043478,0.157455518815941,0.20511202272011086,True,False,True,False,30.17897443972073,False,False,0.4854878496824755,0.09447331128956682,True,False
2021-11-01,2021,386.56,0.1243265644426117,0.39395980107750084,0.10585141354372109,0.35182119205299234,0.04166677449992662,False,True,False,True,-23.540976821192494,False,False,0.06984685430462267,0.5536009933774788,False,False
2021-11-02,2021,386.8,-0.16261001987455392,0.33038226260228415,0.28125000000000416,0.23784901758014954,0.09315805817202705,True,False,True,False,50.67218200620394,True,False,0.6334022750775548,0.012926577042404741,True,False
2021-11-03,2021,389.53,0.10793862917939379,0.19274755210608824,0.7733333333333121,0.04364233820244312,0.14911942409050472,True,True,False,True,-13.660051857365962,False,True,0.10782224732370782,0.26955561830923624,True,False
2021-11-04,2021,394.46,0.31151855760549463,0.45926735921268025,0.5348837209302106,0.2129493484763989,0.2454929427132102,True,False,True,False,70.98311615880037,False,False,0.7250418293363037,0.13689600973482152,False,False
2021-11-05,2021,400.04,0.4469442073017804,0.695525536081952,0.8808664259927848,0.082491750824909,0.6136820925553232,True,False,True,False,5.999400059992777,True,False,0.23747625237475756,0.21497850214978742,False,False
2021-11-08,2021,398.57,0.0,0.5369194871666172,0.7336448598130856,0.14301126527334063,0.39546599496220747,True,False,True,False,-6.397872393807402,True,False,0.2634418044509257,0.20322653486213316,False,False
2021-11-09,2021,399.16,0.276340250213547,0.5451439481485243,0.8571428571428571,0.07766309249424008,0.468160080543667,True,True,False,True,-80.6694057520796,False,True,0.10271570297624155,1.1248622106423523,False,False
2021-11-10,2021,392.47,-0.7134002883958601,0.9689089023248857,0.11749347258486702,0.8612123219609025,0.11479006173156225,False,True,False,True,49.68532626697497,False,True,0.7363620149310801,0.3669070247407591,False,True
2021-11-11,2021,392.57,0.7907776836375779,0.7214562633186994,0.9145907473309577,0.0611355936520841,0.6589743589743513,False,False,False,False,-33.879308148865306,False,False,0.045851695239074175,0.38464477672771613,False,False
2021-11-12,2021,391.77,0.29440376836822324,0.31488403051559527,0.6260162601625776,0.11741583071700479,0.1969309462915625,False,True,False,True,-4.849784312224159,False,True,0.04849784312224159,0.41861296168670403,True,False
2021-11-15,2021,395.91,0.30402067340580263,0.44944389551822883,0.5152198421646244,0.21722108560024989,0.23139474830125017,False,True,False,True,-45.0860043949386,False,True,0.08335227703264447,0.4975878356192176,False,False
2021-11-16,2021,393.87,-0.1925854597977783,0.4257152269214218,0.19047619047618564,0.3452915936730472,0.08131114216745061,True,False,True,False,25.896869525476873,True,False,0.6372661030289217,0.05331708431715043,False,False
2021-11-17,2021,397.75,0.06289308176101738,0.2415094339622733,0.6354166666666567,0.08799497171589898,0.15359822732536887,False,True,False,True,-1.5084852294156015,False,True,0.07039597737270586,0.27906976744186407,True,False
2021-11-18,2021,399.72,0.5205582798943897,0.5210612347541815,0.8648648648648782,0.07004903432401566,0.45033272350778475,True,True,True,True,-38.026618633043576,True,True,0.1476033223256179,0.5678975282698007,False,False
2021-11-19,2021,403.43,0.4181705040448014,0.47517112632233777,0.7223677317967653,0.13137347247353937,0.34299131204749145,True,False,True,False,-1.7326425897934428,True,False,0.3990779069479311,0.21069330491040317,False,False
2021-11-22,2021,405.57,0.39606901502586833,0.6307399064286956,0.5015698587127233,0.31313953201665967,0.3161081594491133,True,False,True,False,62.8744729639763,True,False,0.7742190004191629,0.0,False,False
2021-11-23,2021,398.11,-0.30800821355234653,0.5984875043822273,0.5271966527196644,0.2838411494310522,0.3175003149804789,True,True,True,True,-54.7587350229839,True,True,0.5325161387556232,0.5802416417573064,False,False
2021-11-24,2021,394.91,-0.646573412498741,1.069236187984301,0.1435294117647091,0.9217290015446578,0.15470453969059772,False,True,False,True,30.893114886936246,False,True,0.357043376971955,0.6001367400167101,False,True
2021-11-29,2021,395.86,1.3336746448227466,0.888263151158333,0.8731988472622495,0.1111504067094371,0.7713260188885851,True,False,True,False,15.914717324305716,True,False,0.4698630829081063,0.18188248370636373,False,False
2021-11-30,2021,398.74,-0.22020919873879663,0.9981982883739492,0.6868889445976499,0.31323669559111256,0.6919191919191992,True,False,True,False,35.11059838491093,True,False,0.6144354717359635,0.2232030897326598,False,True
2021-12-01,2021,398.29,1.1761418482954866,1.4314382970075676,0.7409050576752472,0.36656707424238544,1.0593354731486926,False,False,False,False,-17.072987019508545,False,False,0.24103040498129058,0.41665620527756575,False,True
2021-12-02,2021,385.8,-0.3229556904792652,1.2556517245833907,0.15020576131687574,1.0705028512182357,0.18957592126107592,True,True,True,False,55.20995334370227,True,False,1.285640228097451,0.20736132711249855,False,True
2021-12-03,2021,391.29,0.35392782949912327,1.277217819496797,0.6405622489959885,0.4574612180224369,0.8219531048698769,False,True,False,True,-147.71652738378216,False,False,0.26834317258297435,1.9652942830125975,False,True
2021-12-06,2021,383.63,0.10960048015449253,1.349129719996858,0.657640232108318,0.46138206083987665,0.8941956184414623,False,True,False,True,20.07142298568798,False,True,0.33626150196803817,1.128691708156293,False,True
2021-12-07,2021,392.98,1.7292259901630969,1.9779963758736783,0.8494961392487927,0.29263575754490123,1.679478588006389,True,False,True,False,71.45656267494527,True,False,0.9262557890986844,0.0,False,True
2021-12-08,2021,398.17,0.05528332705113659,0.7010931021485163,0.12903225806452007,0.6102920862947947,0.09049546265804675,False,True,False,True,-30.137880804681494,False,True,0.15068940402340747,0.4897405630760687,False,False
2021-12-09,2021,398.35,-0.31780191181621786,0.580301286221915,0.32772746873654257,0.39136437805948887,0.1911516889257836,True,True,True,True,-40.66775448726023,True,True,0.4644157148236294,0.418978285427396,False,False
2021-12-10,2021,396.59,0.7238279067404818,1.0260578046426627,0.7326732673267239,0.2723215411382096,0.7519752051418749,True,False,True,False,17.650470258958606,True,False,0.3706598754381174,0.4009178244534617,False,False
2021-12-13,2021,398.0,-0.015073104557106198,0.5149977390343192,-0.004878048780483341,0.5175879396984939,-0.0025124996859360316,False,True,False,True,-66.8341708542719,False,False,0.0816582914572761,0.7964824120603065,False,False
2021-12-14,2021,387.3,-1.2594330002039578,1.473587599428914,0.012110726643597493,1.4743093209398372,0.018077111794023715,False,True,False,True,22.463206816421,False,True,0.7203718048024665,0.19364833462431896,False,True
2021-12-15,2021,387.98,-0.1004197028606657,0.7235368334320371,0.5266903914590808,0.342801175318308,0.3829236739974151,False,True,False,True,-32.991391308830885,False,True,0.11856281251609868,0.6363730089179787,False,False
2021-12-16,2021,398.04,0.24933887419720246,0.9317718171515003,0.1270407611633753,0.8113757411315481,0.11821817541566304,False,True,False,True,-91.5209526680738,False,True,0.1092854989448222,1.41945533112251,False,False
2021-12-17,2021,383.31,-0.9176446259628879,1.3105516207413517,0.24654832347140074,0.996582400667867,0.32717374234414454,False,True,False,True,13.566043150452511,False,True,0.8035271712191205,0.40176358560956027,False,True
2021-12-20,2021,379.59,-1.3847033149745558,1.1223111295853665,0.43055555555554625,0.648067651940254,0.49241521721863357,False,False,False,False,-1.317210674673941,False,False,0.503174477725965,0.23709792144155362,False,False
2021-12-21,2021,384.05,0.8958596048760148,1.1887873055905784,0.6795580110497247,0.3775550058586097,0.8071395760876676,False,True,False,True,-87.48860825413374,False,True,0.22653300351516137,0.955604738966287,False,False
2021-12-22,2021,388.91,-0.07964647243204892,0.5010020040080131,0.702564102564109,0.14913476125582026,0.3535118955462657,True,False,True,False,25.712889871691846,True,False,0.5187832660512592,0.17484765112750766,False,False
2021-12-23,2021,394.34,0.10662063363118257,0.317323314378554,0.33599999999996727,0.21047826748492593,0.10662063363118257,True,False,True,False,48.432824466198014,True,False,0.5350458994776153,0.05071765481563517,True,False
2021-12-27,2021,398.26,0.317380352644836,0.5465994962216665,0.5990783410138257,0.21845025862501366,0.3274889157597771,True,False,True,False,95.9172399939745,False,False,0.959172399939745,0.0101943454024922,False,False
2021-12-28,2021,404.36,0.23549242705931395,0.6172380456607303,0.4578313253012081,0.333860916015416,0.28272407122662546,False,True,False,True,-30.913047779206337,False,True,0.05440696409140244,0.6615392224750272,False,False
2021-12-29,2021,401.78,0.01742550596202097,0.5650842647681118,0.28634361233479405,0.40320573448155983,0.16204223069826718,False,True,False,True,-37.58275673254041,False,True,0.3160933844392533,0.6645427846084795,False,False
2021-12-30,2021,401.31,-0.07221115537848766,0.44322709163345936,0.11797752808987795,0.3912187585656923,0.052356020942401216,True,True,True,True,50.58184445939639,True,True,0.5631307468042301,0.1544940320450494,True,False
2022-01-04,2022,402.24,0.11449051719847336,0.44302852307233553,0.258426966292151,0.3281622911694537,0.11449051719847336,False,True,False,True,-63.14638027048569,False,True,0.012430389817019716,0.8676412092283203,True,False
2022-01-05,2022,394.74,-0.4413730485005929,0.6348205503291371,0.19467620182757644,0.513502558646195,0.12428662016488179,False,True,False,True,-1.2210568982118364,False,True,0.2913310026853022,0.6029285099052539,False,False
2022-01-06,2022,382.38,-0.46075751659507835,0.9392164519067936,0.3907982261640767,0.5748208588315151,0.3701078825104176,True,True,True,True,40.27407291176344,True,True,1.0146974214132465,0.5884198964380971,False,False
2022-01-07,2022,384.03,0.0,1.244694424914728,0.6569037656903697,0.42704997005442724,0.8243849930426039,True,False,True,False,-61.97432492253241,True,False,0.4504856391427836,0.7629612269874575,False,True
2022-01-10,2022,374.82,-1.3138148021379137,1.9009504752376258,0.07617728531856084,1.7795208366682802,0.14695273465679115,False,True,False,True,-94.72013233018495,False,False,0.2374473080411832,1.1952403820500557,False,True
2022-01-11,2022,379.38,-0.2524057422306325,1.1989272755955205,0.11184210526315584,1.0675312351731803,0.1346108163750026,False,True,False,True,25.040856133691225,False,True,0.5667141124993336,0.5698244504190986,False,True
2022-01-12,2022,388.47,0.6659756413578855,1.3086291785436672,0.8079207920792142,0.24969753134089778,1.0614219932880697,True,False,True,False,23.42523232167215,True,False,0.4453368342471675,0.3423687800859887,False,True
2022-01-13,2022,388.75,0.34329668060502083,0.6659439368127572,0.8914728682170642,0.07202572347266845,0.5951610816405717,True,True,True,True,-51.704180064308105,True,True,0.18520900321543632,0.748553054662382,False,False
2022-01-14,2022,375.07,-0.6831722494373027,1.4219515424334714,0.3426443202979466,0.9411576505718999,0.4929935964418597,True,False,True,False,81.58743701175864,True,False,1.3704108566400919,0.05598954861758543,False,True
2022-01-18,2022,374.12,-1.5629111192969503,2.1733410514129323,0.2288135593220325,1.7026622474072495,0.5077505843161356,False,False,False,False,47.04372928472145,False,False,0.5613172244199882,0.4838019886667433,False,True
2022-01-19,2022,372.08,0.3451995685005427,1.7421790722761694,0.7848297213622236,0.3735755751451464,1.38143374839923,True,False,True,False,11.45721350247264,True,False,0.7014620511717862,0.08869060417113772,False,True
2022-01-20,2022,369.78,0.8866941314489951,1.0465719040733246,0.7888425443169939,0.21904916436801258,0.8250762091210895,True,False,True,False,65.44431824327957,True,False,0.8004759586781374,0.06760776678025326,False,False
2022-01-21,2022,359.43,-0.6028594341970672,1.3965321755482458,0.4910891089108936,0.7150210054809092,0.6947751785964407,False,True,False,True,-78.4575577998492,False,True,0.5035751050274095,1.4439529254653194,False,True
2022-01-24,2022,345.88,-1.582062371955384,3.1612793079899877,0.17911791179117972,2.636752630970274,0.5786734130099669,False,True,False,True,-76.61616745692102,False,True,0.5146293512200861,1.4947380594425907,False,True
2022-01-25,2022,346.62,-1.9684371287968738,2.5606651959952575,0.23304616743980633,2.0033466043505976,0.6124640794171521,False,True,False,True,-5.481507125959517,False,True,0.6087357913565405,1.275171657723162,False,True
2022-01-26,2022,352.91,2.313512886672653,2.464268112370626,0.9164705882352965,0.20118443795869023,2.257185906351422,True,False,True,False,-64.32234847411623,True,False,0.26068969425632194,0.8670482559292814,False,True
2022-01-27,2022,349.39,1.2783349759406315,3.188590642935822,0.9809090909090876,0.060104753999845606,3.186650915534539,True,False,True,False,-54.675291221844006,True,False,0.5380806548556105,0.6954978677123025,False,True
2022-01-28,2022,343.03,0.5894082458506755,2.2989853967509166,0.7308673469387729,0.6151065504474973,1.698784464868064,False,False,False,False,-68.65288750254939,False,False,0.23613095064571876,1.4809200361484365,False,True
2022-01-31,2022,353.25,0.3693706492399418,1.000142065634334,0.6164772727272705,0.3821656050955413,0.6180927423949045,True,False,True,False,118.89596602972397,True,False,1.6220806794055243,0.48973814578910924,False,False
2022-02-01,2022,364.43,0.3165602290244429,0.770755340233432,0.8678571428571418,0.10152841423594072,0.6712707182320532,False,True,False,True,-85.3387481820933,False,True,0.05488022391131331,1.451581922454248,False,False
2022-02-02,2022,369.8,1.17647058823529,1.711627906976752,0.6403452685422011,0.6084369929691746,1.0951519161057854,False,False,False,False,-67.60411032990854,False,False,0.08112493239589291,0.9275283937263401,False,True
2022-02-03,2022,358.58,-2.7025560319097086,2.956531177077119,0.06516152716593049,2.840649227508507,0.19839606561040668,False,False,False,False,80.0379273802232,False,False,0.8607563165820675,0.1924256790674317,False,True
2022-02-04,2022,354.08,0.13574660633484115,3.102375565610851,0.3436645396536,2.033438770899232,1.0761896605863353,False,False,False,False,28.807049254406802,False,False,1.005422503389064,0.5959105286940658,False,True
2022-02-07,2022,358.65,0.1843626916952834,0.9134333361267183,0.6146788990825588,0.3513174404015107,0.5635935397038994,True,False,True,False,19.51763557786368,True,False,0.669176076955269,0.2537292625121923,False,False
2022-02-08,2022,354.01,-0.32660416138751147,0.8953458907002299,0.2515723270440282,0.6722973927290266,0.22649415361966074,False,True,False,True,-11.016637948080277,False,True,0.48303720233893177,0.34179825428659605,False,False
2022-02-09,2022,363.73,1.2611358574610376,1.3894766146993278,0.869765578040477,0.17870398372419327,1.2078833798474742,True,False,False,False,-11.272097434911199,False,False,0.22269265664092153,0.4426360212245406,False,False
2022-02-10,2022,359.52,-1.9767156528614716,2.189382992065865,0.06475716064756956,2.0888963061860277,0.14484679665738298,False,False,False,False,139.90876724521596,False,False,1.677236315086783,0.055629728526918054,False,True
2022-02-11,2022,358.46,0.0027897893708939137,1.3614172130004174,0.8114754098360621,0.25665346203203043,1.1170662905500617,True,False,True,False,-36.54522122412573,True,False,0.44914355855605326,0.7529152485632906,False,False
2022-02-14,2022,346.46,-0.20163613319508222,1.757114874985604,0.6983606557377008,0.5310858396351703,1.2448860315604993,True,False,True,False,45.315476534086855,True,False,0.8918778502568836,0.18761184552328336,False,True
2022-02-15,2022,352.91,1.5071763453849973,2.329680444099292,0.7000345696083768,0.6884474795273654,1.6328763967284887,False,False,False,False,17.28486016264741,False,False,0.3286957014536185,0.195517270692247,False,True
2022-02-16,2022,353.92,-0.6428792004716244,1.1510064287920112,0.10000000000000554,1.0426084990958318,0.1159797459760803,False,True,False,True,-55.80357142857206,False,False,0.008476491862552393,0.9069846292947714,False,False
2022-02-17,2022,352.69,-0.9325580742113981,1.488722226903742,0.5075471698113192,0.7400266523008847,0.7685714285714296,False,True,False,True,-82.79225382063603,False,True,0.21832203918454862,0.8625988828716458,False,False
2022-02-18,2022,346.41,0.2778983933999335,1.033434650455925,0.5070028011204498,0.5080684737738483,0.5252466627974517,False,True,False,True,-75.63292052769843,False,True,0.11547010767587462,0.8313847752663195,False,False
2022-02-22,2022,338.52,-0.8958369927981713,2.777094677674351,0.6578115117014525,0.958879829847592,1.8779342723004744,True,False,True,False,161.55618574973386,True,False,1.627673401866958,0.14179369018078036,False,True
2022-02-23,2022,341.32,0.9553669141352916,0.875506521932024,0.4459459459459467,0.4804875190437041,0.3882352941176448,False,True,False,True,-136.52877065510327,False,False,0.25284190788703587,1.432673151294972,False,False
2022-02-24,2022,318.84,-3.2087671898242465,3.617680094714785,0.09146597297977489,3.3957470831765146,0.3430369787568832,False,False,False,False,225.81545602810226,False,False,3.145778446869918,0.18190942165349222,False,True
2022-02-25,2022,341.31,0.1937472479084157,2.4130339057683923,0.6654501216545023,0.8057191409569064,1.6287517865650303,False,False,False,False,-1.4649438926495062,False,False,0.146494389264884,1.1485160118367532,False,True
2022-02-28,2022,342.47,-0.983028305432665,2.5498019487090575,0.5964395056128855,1.0392151137325722,1.55985884167138,False,False,False,False,36.937541974479956,False,False,0.8234297894706089,0.0934388413583842,False,True
2022-03-01,2022,345.75,-0.40328388304766705,1.70531470545874,0.4341216216216193,0.9689081706435454,0.7488781397517297,False,False,False,False,47.143890093999104,False,False,0.6733188720173366,0.2053506869124977,False,False
2022-03-02,2022,343.08,0.445016980911106,1.50474294413865,0.6401276363919334,0.5391162411099382,0.9682450925571517,False,False,False,False,15.011076133848444,False,False,0.448874897982976,0.8277952664101584,False,False
2022-03-03,2022,349.94,0.7949766691629723,1.5985943890777152,0.8216216216216203,0.28290564096702386,1.3202849035844677,False,True,False,True,-141.1670572098078,False,False,0.028576327370410937,1.5459793107389874,False,False
2022-03-04,2022,339.83,-0.709986559925202,1.2230468065213684,0.35833731485905096,0.7903951975988033,0.44335412171547794,False,True,False,True,-75.92031309772484,False,True,0.43551187358386034,0.9769590677691786,False,False
2022-03-07,2022,337.29,-0.017785682525572888,2.0305320883355464,0.9474452554744586,0.10673307835986634,1.9619105199516262,True,False,True,False,-184.11456017077387,True,False,0.3528121201340051,1.8589344481010572,False,False
2022-03-08,2022,324.05,-0.24012560416216688,2.278114706153999,0.5608108108108129,1.0029316463508797,1.2972804001250449,False,False,False,False,-79.92593735534737,False,False,0.6418762536645639,1.1356272180219174,False,True
2022-03-09,2022,331.76,2.623113090819107,2.8241771838653786,0.9003285870755723,0.2742946708464089,2.540644124374092,True,False,False,False,17.780925970580785,False,False,0.3074511695201343,0.8047986496262372,False,True
2022-03-10,2022,330.82,-1.262498134606782,1.713475600656614,0.2299251001567665,1.3363762771295473,0.4006069802731327,False,True,False,True,-35.06438546641566,False,True,0.3506438546641677,0.5743304516050984,False,False
2022-03-11,2022,334.32,0.8765445136762029,2.745802091033907,0.5956043956043958,1.1007418042593864,1.6479173000912173,False,False,False,False,-127.06987317540053,False,False,0.09571667863124134,1.4865996649916169,False,True
2022-03-14,2022,323.13,-0.3727581326944951,1.6834238250719094,0.10805860805860389,1.5071333519017127,0.18292304830407335,False,True,False,True,67.1556339553736,False,True,1.0707764676755493,0.34351499396527707,False,False
2022-03-15,2022,320.88,0.8390685396436393,1.835266019295444,0.8852739726027377,0.20880079780603022,1.6375787906623307,True,False,True,False,80.09224632261169,True,False,0.8102717526801362,0.5142109199700706,False,False
2022-03-16,2022,332.17,1.2157962093972907,2.132975805960144,0.595714285714288,0.8519733871210411,1.2713414634146325,True,False,True,False,148.71902941264946,True,False,1.5925580275160112,0.048168106692358936,False,False
2022-03-17,2022,338.37,-0.5934369399806072,1.213314139663326,0.2324455205811091,0.9368442828856072,0.2845203165288357,True,True,True,True,55.26790200076847,True,True,1.0136832461506762,0.3928835298637634,False,False
2022-03-18,2022,342.74,-0.4704379138111281,0.9234522011848085,0.5471698113207564,0.4201435490459149,0.5102639296187705,True,False,True,False,112.03827974557879,True,False,1.3858901791445444,0.34720196066989617,False,False
2022-03-21,2022,350.2,-0.3670090187487651,1.7212438476201346,0.2066115702479335,1.3706453455168521,0.3582175096718654,False,True,False,True,-99.37178754997001,False,True,0.6510565391205203,1.0179897201599064,False,False
2022-03-22,2022,350.57,0.12852736204729265,0.9139723523363387,0.5531249999999963,0.40790712268592433,0.5074541284403544,True,False,True,False,135.4593947000593,True,False,1.3877399663405399,0.10554240237328205,False,False
2022-03-23,2022,353.99,-0.8320259973106148,0.9272747646795165,0.07250755287009333,0.8672561371790177,0.06784452296819676,False,True,False,True,30.08559563829394,False,True,0.44916523065623437,0.4887143704624508,False,False
2022-03-24,2022,353.8,0.5570713960891371,0.952989995452481,0.6659707724425882,0.31656302996043717,0.635156314443619,False,False,False,False,-48.89768230638802,False,False,0.21763708309778806,0.5398530243075239,False,False
2022-03-25,2022,359.58,-0.016683350016688525,0.9620731842954009,0.47398843930635726,0.5061460592914013,0.45817734815889466,False,True,False,False,-13.070804827853832,False,False,0.16686133822794158,0.46710050614605647,False,False
2022-03-28,2022,359.34,-0.005565449688349489,0.921081923419413,0.5558912386706869,0.4090833194189347,0.5146853146853037,True,False,True,False,49.53525908610423,True,False,1.0714086937162692,0.022263037791503404,True,False
2022-03-29,2022,368.86,1.0575342465753534,1.3369863013698775,0.8749999999999986,0.1653743967901189,1.1711785841630462,True,False,True,False,-32.80377378951482,True,False,0.504256357425592,0.7590955918234554,False,False
2022-03-30,2022,369.275,-0.5132280834096781,0.7247157713238854,0.3215613382899453,0.49421163089840014,0.23479275806843614,False,False,False,False,32.49610723715435,False,False,0.429219416424087,0.15300250490826173,True,False
2022-03-31,2022,367.24,0.012255068832645044,0.6399869279265692,0.08085106382978743,0.588171223178291,0.05176406484130869,False,True,False,True,-41.9344298006763,False,True,0.05990632828667408,0.7515521185056051,True,False
2022-04-01,2022,362.81,0.22375690607734366,0.5110497237568966,0.20540540540540672,0.40517075053057017,0.10484783268494002,False,True,False,True,-38.72550370717542,False,True,0.22050108872413432,0.6225848240125731,True,False
2022-04-04,2022,362.71,0.22658818978142925,0.6880543811655501,0.5903614457831186,0.28121639877589644,0.40693167976968425,True,False,True,False,100.35565603374819,False,False,1.1496788067602237,0.07443963497008044,True,False
2022-04-05,2022,367.81,-0.39537465810923766,0.5876458959568923,0.0460829493087659,0.5627905712188408,0.027195344157093793,False,True,False,True,-91.35151300943446,False,True,0.19847203719312034,1.1133465648024865,True,False
2022-04-06,2022,355.65,-1.5174590867554683,1.727909617035419,0.0833333333333303,1.608322789259109,0.14642525272434703,False,True,False,True,-97.56783354421428,False,True,0.2699283002952413,1.023478138619427,False,False
2022-04-07,2022,352.24,-0.26332927485347435,1.0788005776255067,0.12860892388451675,0.9425391778332903,0.13930348258706093,True,False,False,False,36.05496252555129,False,False,0.9908017260958468,0.04258460140813547,False,False
2022-04-08,2022,352.32,-0.5111117386270569,1.2227148222404158,0.02771362586605196,1.1949364214350444,0.034071550255543315,False,True,False,True,-42.007266121708575,False,True,0.0624432334241698,1.050181653042681,False,False
2022-04-11,2022,344.81,-1.2317034745495725,1.518432585717965,0.13205055649877198,1.3343580522606757,0.20342332393710194,False,True,False,True,-55.68283982483102,False,True,0.2726139033090602,0.6787506162814316,False,False
2022-04-12,2022,345.76,1.4315888289133882,2.6460924665571413,0.7705099778270513,0.5986811661268021,2.051297187214063,False,False,False,False,-5.784359093011782,False,False,0.5581906524757096,0.6001272559000403,False,True
2022-04-13,2022,339.81,0.08541470311027588,1.2930018850141505,0.22323462414578782,1.0035019569759607,0.28923058761030074,True,False,True,False,86.51893705305946,True,False,1.0417586298225645,0.22071157411495124,False,False
2022-04-14,2022,346.44,0.02309735535279689,0.7824229125765041,0.42066420664206455,0.453180925990071,0.33014769765420393,False,True,False,True,-112.86225609052126,False,False,0.15298464380557597,1.333564253550401,True,False
2022-04-18,2022,337.35,-0.3102836879432469,0.7358156028368822,0.8232931726907646,0.13042833852081603,0.6113927825827759,True,False,True,False,93.67126130131797,True,False,1.0938194753223662,0.1630354231510367,True,False
2022-04-19,2022,338.03,-0.27436865706867986,1.3069388718432875,0.2550790067720076,0.9762447120078122,0.3354111012169758,True,False,True,False,146.88045439753995,True,False,1.5826997603763049,0.310623317457015,False,False
2022-04-20,2022,347.09,0.2773524398347327,1.6467801115187901,0.8035087719298234,0.32268287763981274,1.3371872354091874,False,True,False,True,-99.39785070154694,False,True,0.13541156472385296,1.4952894062058797,False,False
2022-04-21,2022,345.17,1.2080340126081168,1.235889165811474,0.8790035587188643,0.14775328099196905,1.085030676643295,True,False,True,False,-0.5794246313417517,True,False,0.7822232523104544,0.4055972419387599,False,False
2022-04-22,2022,334.33,0.03291245287533329,0.9125725569983876,0.5770491803278637,0.38584631950469017,0.5292118952400893,False,True,False,True,-99.30308377949947,False,True,0.3678999790626136,1.0468698591212244,True,False
2022-04-25,2022,323.73,-0.5132145052243242,1.36570374923172,0.5693069306930738,0.5912334352701221,0.7876712328767299,True,False,True,False,75.06255212677226,True,False,0.8710962839403091,0.40156920890865866,False,False
2022-04-26,2022,327.47,-0.6522662459802153,0.812147321157703,0.11953679491970397,0.719760588756202,0.09781445819960766,False,True,False,True,-171.0385684184812,False,False,0.05802058203805416,2.03072037133174,True,False
2022-04-27,2022,317.24,0.10413051023949738,1.4294279132876933,0.15894039735099835,1.200983482536877,0.22747377732845742,True,True,True,True,-46.397049552389106,True,True,1.7778338166687613,0.5957634598411254,False,False
2022-04-28,2022,321.85,1.6165188015028642,2.6269693429735126,0.6117494351233147,1.0036973745533473,1.606894809950754,False,False,False,False,-110.2998291129409,False,False,0.5142146962870742,1.1154264408886227,False,True
2022-04-29,2022,323.7,-1.2929194364822871,1.2136366408489414,0.29648241206030185,0.8649984553598999,0.36586878333126904,True,True,True,True,-43.558850787766005,True,True,1.0889712696941611,0.5344454742045035,False,False
2022-05-02,2022,312.82,-0.1340824926573947,1.6121823521900176,0.3603960396039582,1.032542676299486,0.5852090032154367,True,True,True,False,111.5657566651751,True,False,1.1987724570040381,0.760373377661272,False,False
2022-05-03,2022,318.5,0.012560447151921394,1.0111159957294567,0.5186335403726714,0.4866562009419262,0.5270965502004232,True,True,True,True,-2.197802197801968,True,True,0.6059654631083156,0.7912087912087862,False,False
2022-05-04,2022,319.31,0.12542723652440024,0.46094509422721996,0.23809523809524916,0.35075631831136267,0.10973162779033263,False,True,False,True,-109.61134947229945,False,True,0.05010804547305181,1.330994957877929,True,False
2022-05-05,2022,325.17,-1.3859404379207851,1.3798750530721209,0.04835164835165423,1.3316111572408307,0.06770272349592155,False,True,False,True,-246.33268751729887,False,False,0.024602515607208275,2.5248331641910537,False,False
2022-05-06,2022,310.95,-0.77858259676441,1.4231468776923257,0.27130044843048995,1.0451841132014694,0.39065022276747463,False,True,False,True,-35.05386718121839,False,True,0.6335423701559817,1.8797234282038833,False,False
2022-05-09,2022,303.46,-1.919844861021336,2.7605042016806713,0.2950474183350876,1.984116522770707,0.837376221173658,False,True,False,True,-83.36518816318362,False,True,0.837013115402363,0.8436037698543508,False,True
2022-05-10,2022,304.5,2.459705912042809,1.8708570274908125,0.9046762589928097,0.1740558292282257,1.679634020102161,True,False,True,False,-55.40558292282394,True,False,0.4137931034482678,1.2742200328407227,False,False
2022-05-11,2022,298.44,-0.7911707998138451,3.63672628149724,0.3217550274223019,2.486261895188324,1.1935440119354324,False,False,False,False,109.90483849349974,False,False,1.893177858195938,0.8142340168878159,False,True
2022-05-12,2022,287.45,-1.5008737963883023,2.0045917143542358,0.14529914529914031,1.7394329448599866,0.296580600139551,True,True,True,True,162.11515046095082,True,True,2.1603757175161054,0.8384066794224987,False,False
2022-05-13,2022,295.72,1.5347639484978526,1.036909871244629,0.4039735099337863,0.6086838901663505,0.41426146010188347,True,True,True,False,154.53807655890773,True,False,1.6975517381306648,0.5537332611930346,False,False
2022-05-16,2022,300.13,-0.5862868499503127,1.6594898973169896,0.2634730538922147,1.2294672308666321,0.4417522840600929,False,True,False,True,42.648185786160475,False,True,0.4997834271815549,0.8829507213540699,False,False
2022-05-17,2022,304.42,1.966169820800534,1.9192765030983143,0.7713787085514837,0.4303265225675146,1.4733333333333487,False,False,False,False,-66.02719926417366,False,False,0.36791275211878194,0.6786676302476979,False,False
2022-05-18,2022,301.54,-1.5379591836734652,1.289795918367362,0.06582278481013791,1.22371824633547,0.08629845990442142,False,True,False,True,-58.03541818664159,False,True,0.23545798235722337,0.6400477548583972,False,False
2022-05-19,2022,289.29,-0.6183654539832939,2.078394998110554,0.6347107438016569,0.7639392996646954,1.3452443510246992,True,False,True,False,37.332780255106,True,False,1.206401880465946,0.591102354039208,False,True
2022-05-20,2022,293.13,1.2189226519336849,1.9084944751381168,0.6815632350280451,0.6004161975915023,1.3018250432847323,False,False,False,False,-64.64708491113136,False,False,0.22856752976496697,1.2178896735236866,False,False
2022-05-23,2022,289.75,0.4193526027587158,1.5401677410410894,0.19216921692169053,1.2389991371872133,0.2956081081080919,False,True,False,True,10.005176876617394,False,True,0.7782571182053388,0.8490077653149242,False,False
2022-05-24,2022,288.125,-1.8112731733914922,2.2559978189749197,0.1578549848942621,1.9349240780911048,0.36401003204682425,False,True,False,True,-144.20824295010792,False,False,0.2550976138828709,2.0390455531453355,False,True
2022-05-25,2022,285.71,-0.5361183637946132,1.7023498694516925,0.22494887525561738,1.3265198977984838,0.3864937985313066,True,False,True,False,145.24867873018098,True,False,1.4630219453291904,0.07350110251652664,False,False
2022-05-26,2022,290.44,-0.31576057111477596,1.2527457440966618,0.284931506849318,0.8986365514392025,0.35936420179683015,True,False,True,False,205.22310976449631,False,False,2.3791488775650738,0.09984850571547188,False,False
2022-05-27,2022,302.53,1.0758076910226677,1.5301860946844354,0.8537117903930092,0.22146563977125666,1.3093563726475077,True,False,True,False,126.25194195617028,False,False,1.3992992430502893,0.03636003041018743,False,False
2022-05-31,2022,309.08,-0.049186355491559475,1.3226311240003972,0.47677261613691285,0.6923773780251219,0.6349102985706345,False,True,False,True,-85.73832017600536,False,True,0.08735602433027623,1.536818946551055,False,False
2022-06-01,2022,310.47,0.7005935584314615,1.229282215951484,0.9472295514511906,0.06441846233129489,1.1698383733055318,True,False,True,False,-94.05095500370497,True,False,0.7021612394112031,0.988823396785532,False,False
2022-06-02,2022,304.85,-0.36930518334531426,1.317079547682846,0.07444168734491648,1.223552566836128,0.09850599244787261,False,True,False,True,20.613416434311915,False,True,1.049696572084624,0.47561095620797245,False,False
2022-06-03,2022,309.03,-1.7142675402328278,1.9241778512817287,0.0016528925619819646,1.9545027990810038,0.0032360365024963755,False,True,False,True,-26.534640649774623,False,True,0.46597417726435,0.49509756334336075,False,True
2022-06-06,2022,310.75,1.5191114015027596,1.5815093106827858,0.8925841768229744,0.16733708769105515,1.4101145779283453,True,False,True,False,28.395816572808208,True,False,0.5148833467417679,0.5502815768302471,False,False
2022-06-07,2022,303.81,-1.1196094385679367,1.432221318144822,0.17282127031018862,1.1981172443303434,0.25094910237435375,False,True,False,False,105.98729469075919,False,False,1.135578157400996,0.3691122741186881,False,False
2022-06-08,2022,309.05,-0.2903694144216762,0.68720761413131,0.4741784037558653,0.36240090600225816,0.32787949616932544,True,True,True,False,41.09367416275545,True,False,0.8639378741303938,0.3559294612522357,True,False
2022-06-09,2022,305.91,-0.5817354566135746,1.5502112447188763,0.07337526205451238,1.4448694060344325,0.11454378845399127,False,True,False,True,83.12575594128901,False,True,0.8858814684057359,0.29420417769933094,False,False
2022-06-10,2022,293.65,-1.8713450292397682,2.6800334168755353,0.11845386533665636,2.4076281287246815,0.3245644004099768,False,True,False,True,-144.38957943129438,False,True,0.41546058232591054,1.5511663545036414,False,True
2022-06-13,2022,279.75,-3.0933906055147564,3.5042261327421316,0.08007117437722454,3.326541554959772,0.29038502903850905,False,True,False,True,-63.2707774798924,False,False,0.9258266309204455,0.7435210008936544,False,True
2022-06-14,2022,277.68,0.7949471850157819,1.6820937239101288,0.4454035390591314,0.9255257850763421,0.748867990247315,False,True,False,True,-98.67473350619437,False,True,0.2484874675885873,1.0695764909248173,False,False
2022-06-15,2022,279.44,1.2060410705877933,1.4501466806707541,0.8301698301698293,0.24334383051818342,1.203841863564592,True,False,True,False,34.35442313197701,True,False,0.7479244202690971,0.24334383051818342,False,False
2022-06-16,2022,275.59,-2.5753424657534385,3.740167918692016,0.1361058601134208,3.3165209187561384,0.5252598942184994,False,True,False,True,-79.10301534888586,False,True,0.1705431982292671,1.1103450778330193,False,True
2022-06-17,2022,272.15,0.18774849064937538,1.3694595788543762,0.13978494623655321,1.175822156898776,0.1914368810514322,True,False,True,False,11.758221568989313,True,False,1.436707697960693,0.04776777512400798,False,False
2022-06-21,2022,278.75,1.4706417676823014,0.8918495868370241,0.3877551020408135,0.5381165919282616,0.341972642188626,True,False,True,False,134.52914798206317,False,False,1.5820627802690668,0.039461883408076215,True,False
2022-06-22,2022,278.52,-0.9495359009922155,2.261815854048869,0.5644654088050263,0.9945425822203147,1.3057869275815648,True,False,True,False,206.089329312078,True,False,2.129111015366947,0.2190147924744923,False,True
2022-06-23,2022,283.2,0.9050096201809854,1.6995653103399062,0.7756813417190781,0.37782485875705873,1.3237924865831863,False,False,False,False,-8.08615819208991,False,False,0.20480225988699363,1.0204802259886958,False,False
2022-06-24,2022,287.77,1.0073710073710052,1.08353808353808,0.8769031422092657,0.13204990096258307,0.9496146465868938,True,False,True,False,166.10487542134456,False,False,1.9598985300761207,0.09379017965737146,False,False
2022-06-27,2022,296.0,0.34238448760974816,1.081392589579307,0.4357366771159835,0.6081081081081186,0.471810189742361,False,True,False,True,-123.64864864864988,False,True,0.19591216216217067,1.3783783783783754,False,False
2022-06-28,2022,293.0,0.17778993435448864,0.8445021881838167,0.19028340080972556,0.6825938566553003,0.16066728198818048,True,True,True,True,-42.32081911262786,True,True,0.9044368600682473,0.4982935153583501,True,False
2022-06-29,2022,283.4,-0.024693971143352478,0.8960383814865641,0.5078740157480245,0.44107268877910943,0.4572684413880923,True,True,True,True,17.738179251940434,True,True,0.6598447424135623,0.903316866619619,True,False
2022-06-30,2022,280.75,-1.0990946560045067,1.5781871983654352,0.5200892857142867,0.7658058771148557,0.8368651677322037,False,True,False,True,-143.5440783615305,False,True,0.2741228851291355,1.7702582368655517,False,False
2022-07-01,2022,278.95,-0.4603197259491987,0.9456180416785531,0.626415094339616,0.3549023122423334,0.5986512315626191,True,False,True,False,-29.037461910736972,True,False,1.186592579315282,0.5556551353289141,True,False
2022-07-05,2022,278.3,-1.3575302165668268,2.119590259809314,0.08026755852843089,1.976284584980248,0.1727737383917738,False,True,False,True,43.47826086956496,False,True,0.5821056413941816,0.5569169960474407,False,True
2022-07-06,2022,287.35,0.11497456623232871,1.1706501289108822,0.6934523809523904,0.35844788585348564,0.8174864921760117,True,False,True,False,-5.916130154863808,True,False,0.4821646076213604,0.5985731686097173,False,False
2022-07-07,2022,289.67,0.31861471861471813,0.6060606060606061,0.39428571428571296,0.36593364863466427,0.2387708491937257,True,False,True,False,96.96896468394999,False,False,1.101253150136361,0.013808816929616885,True,False
2022-07-08,2022,292.08,-0.9696887502542939,1.5938835017291726,0.33609870240373896,1.0685428649685136,0.5438898450946583,False,False,False,False,82.85401259928938,False,False,0.8867433579841322,0.32867707477403085,False,False
2022-07-11,2022,292.84,-0.8599092694156707,1.137856320671693,0.18744421303183179,0.9325911760688532,0.21559837103453106,False,True,False,True,-110.64062286572751,False,False,0.09220051905478588,1.6049719983608712,False,False
2022-07-12,2022,290.32,0.4636999100283701,1.366876600456775,0.9544303797468335,0.06200055111600378,1.3156517187227212,True,False,True,False,-88.86745659961393,True,False,0.6751171121520905,1.1780104712041939,False,False
2022-07-13,2022,280.6,-1.953247842342487,4.042768789964726,0.13569576490925178,3.563791874554534,0.562663512883943,False,False,False,False,104.06272273699058,False,False,1.564504632929431,0.20669992872417442,False,True
2022-07-14,2022,282.99,-0.9208038652755435,1.3773545269938972,0.2694458566344714,1.0155835895261145,0.37597985315502847,False,True,False,True,-75.6210466800944,False,True,0.3321672143892007,1.127248312661222,False,False
2022-07-15,2022,289.75,1.0638297872340496,1.6238228113010178,0.9634840511223252,0.05867126833478675,1.5724003512529672,True,False,True,False,37.96376186367745,True,False,0.5452976704055201,0.5763589301121752,False,False
2022-07-18,2022,294.72,0.9660842754368071,1.01404590613223,0.5675675675675738,0.43431053203040193,0.5733005733005836,True,False,True,False,-0.6786102062983357,True,False,0.48859934853420217,0.2951954397394152,True,False
2022-07-19,2022,293.14,1.2888289969247735,1.3302926643861728,0.9922077922077845,0.010234017875432322,1.3203373427346898,True,False,True,False,19.274066998704598,True,False,0.2660844647608851,0.5696936617315851,False,False
2022-07-20,2022,298.73,0.16765583609965606,0.8718103477182116,0.5115384615384728,0.4251330633012973,0.44720914593141536,True,False,True,False,82.68335955545103,True,False,0.8469186221671698,0.2668295785491881,True,False
2022-07-21,2022,303.5,0.15840538578313357,1.197940729984818,0.5179063360881536,0.5766062602965416,0.6233008421192121,False,True,False,True,-70.51070840197626,False,True,0.45469522240526583,0.8962108731466301,False,False
2022-07-22,2022,306.43,-0.3252772988973085,0.94655693979118,0.5945017182130595,0.38507978983781666,0.5677715786019055,True,False,True,False,-17.292693274156832,True,False,0.691838266488265,0.5123519237672514,True,False
2022-07-25,2022,302.02,0.0066225165562761035,0.682119205298014,0.12135922330097074,0.5992980597311348,0.08284455048546135,False,True,False,True,-74.16727369048415,False,True,0.15892987219390253,1.0827097543208986,True,False
2022-07-26,2022,298.52,-0.6125982154747689,0.8905979491277172,0.26168224299064885,0.6615972129170755,0.23504130011415825,False,True,False,True,-76.04180624413704,False,True,0.08374648264772855,0.8173656706418342,True,False
2022-07-27,2022,299.04,1.5933412604042907,1.7666043825378106,0.8557692307692321,0.25080256821830016,1.510574018126909,True,False,True,False,88.61690743713125,False,False,1.083467094703039,0.19395398608883507,False,False
2022-07-28,2022,306.59,-0.048901349677266115,1.1312512225337508,0.8703170028818323,0.14677582439088788,0.9948282109562889,True,True,True,True,-105.6785935614324,True,True,0.35878534851105925,1.2296552398969207,False,False
2022-07-29,2022,311.38,0.5229855371900793,1.4746900826446412,0.29290718038529123,1.0373177468045558,0.43155443456048825,False,True,False,False,88.3165264307273,False,False,0.9891450960241466,0.4653478065386407,False,False
2022-08-01,2022,313.66,-0.5674433349183605,0.8432398161356691,0.1654135338345876,0.7077727475610418,0.1404763425068678,True,True,True,True,66.3138430147292,True,True,1.3199005292354737,0.3602627048396534,True,False
2022-08-02,2022,312.92,-0.7359472148204538,1.2041619083872581,0.31875658587988376,0.8264093058928612,0.3881813223829855,False,False,False,False,31.637479227917265,False,False,0.7126422088712614,0.3451041799821031,False,False
2022-08-03,2022,316.05,0.556792873051215,0.938593700286347,0.8101694915254223,0.17718715393133522,0.7619715615634792,True,False,True,False,104.53409270684944,False,False,1.3826926119284932,0.0189843379212129,True,False
2022-08-04,2022,322.92,0.027878449958196327,0.8952080042127393,0.31487889273357417,0.6131549609810438,0.2825999192571649,False,True,False,False,-24.464263594699,False,False,0.49547875634832206,0.3121825839217163,True,False
2022-08-05,2022,319.19,-1.5832883681492271,2.010329145147626,0.03680981595092142,1.967480184216308,0.07524690390343647,False,False,False,False,118.11146965756913,False,False,1.4536796265547158,0.031329302296445594,False,True
2022-08-08,2022,322.69,0.27656929770043526,0.8697949036668847,0.24973204715970115,0.6507793857882138,0.2170868129854675,True,True,True,False,70.03625770863664,True,False,1.1714028944187937,0.2417180575784772,True,False
2022-08-09,2022,318.77,-0.6018085438104115,1.1412535079513642,0.15846994535518583,0.966213884619016,0.1822810270593056,False,True,False,True,-58.34928004517237,False,True,0.08156350974055648,0.9787621168867888,False,False
2022-08-10,2022,324.59,2.3814029775422574,2.9239212717638097,0.914778856526427,0.2433839613050326,2.6826104836923825,False,False,False,False,-44.517699251362956,False,False,0.14171724329155033,0.7794140300070862,False,True
2022-08-11,2022,328.29,0.727172312223856,0.880584192439864,0.8397212543554081,0.14012001583965095,0.7395360255308736,True,False,True,False,24.368698406895817,True,False,0.6305400712784515,0.24977915867068212,True,False
2022-08-12,2022,326.175,0.6464453221426858,0.6748333744754418,0.8468221307727583,0.10270560282057417,0.5710356650623138,True,False,True,False,23.453667509771847,True,False,0.4368820418487074,0.3295470223039776,True,False
2022-08-15,2022,329.42,-0.33883947479881327,0.6313910570581439,0.4168663152851026,0.36943719264159736,0.2647998782529415,True,False,True,False,23.377451278001615,True,False,0.7315888531358006,0.0060712767895210185,True,False
2022-08-16,2022,332.055,-0.31371960372260643,0.4650255178625142,0.19044544867657148,0.37764828115824933,0.08891970098867663,False,True,False,True,-56.165394287091,False,False,0.1249792955986262,0.6068271822438964,True,False
2022-08-17,2022,329.07,-0.9749932292136942,1.1281634618278185,0.07735396105628664,1.0511441334670524,0.08820487864225068,False,True,False,True,-21.879843194456683,False,True,0.3494697176892547,0.3859361230133307,False,False
2022-08-18,2022,328.44,-0.012177301509996852,0.9620068192888532,0.48734177215190133,0.49324077457069126,0.471092077087798,False,True,False,False,-16.13688953842285,False,False,0.08525149190112824,0.5023748629886637,False,False
2022-08-19,2022,326.17,-0.956516458156198,1.307542815498598,0.2206223873664636,1.028911303921265,0.2921099563372387,False,True,False,True,-74.80761566054484,False,False,0.2054143544777176,0.8645798203390842,False,False
2022-08-22,2022,318.5,-1.3534859231269514,1.6793136556508714,0.15123570638140868,1.4448979591836553,0.2581213800050275,False,True,False,True,-76.76609105180532,False,True,0.07535321821037222,0.888540031397167,False,False
2022-08-23,2022,314.1,-0.11765828218908148,0.8617674181956877,0.40590405904060184,0.5125756128621317,0.3514376996805124,True,False,True,False,42.024832855778186,True,False,0.9232728430436099,0.24514485832538568,True,False
2022-08-24,2022,313.55,-0.17510347023241835,0.8118433619866321,0.4117647058823556,0.4783926008611106,0.33600000000000296,True,False,True,False,46.40408228352655,True,False,0.5804177962047463,0.17859990432148587,True,False
2022-08-25,2022,316.85,0.5809154974287578,1.0869151165005508,0.4684579439252411,0.5744042922518622,0.5088089936113427,True,False,True,False,66.27741833675094,True,False,0.7195833990847333,0.3447372573773144,False,False
2022-08-26,2022,320.28,-0.07799581942408151,1.1324992980376238,0.5179063360881536,0.5463969027101223,0.5904522613065399,False,True,False,True,-121.45934807043734,False,True,0.38403896590484266,1.4175096790308372,False,False
2022-08-29,2022,304.62,-0.9108060633660875,1.5190943985427152,0.3468950749464666,1.0012474558466433,0.5346534653465351,False,False,False,False,49.23839537784636,False,False,0.8535224213774617,0.19926465760620182,False,False
2022-08-30,2022,306.1,0.5551723005157605,1.2325482080089383,0.38965884861408373,0.7481215289121046,0.47991386498074107,False,True,False,True,-125.77589023195057,False,True,0.20581509310682033,1.4113034955896886,False,False
2022-08-31,2022,304.0,0.9966777408637828,1.0830564784053125,0.8466257668711652,0.164473684210531,0.9162129863231838,True,False,True,False,-72.36842105263096,True,False,0.2993421052631673,0.8026315789473659,False,False
2022-09-01,2022,296.72,-0.848760275345839,0.9590322796230719,0.463414634146355,0.5190078188190839,0.4502522089441241,False,True,False,True,-5.729307090860392,False,True,0.41025208951197545,0.6335939606363028,False,False
2022-09-02,2022,302.34,0.9718465083658812,1.4460808870186634,0.9145496535796753,0.12237877885823423,1.3271667001809595,False,False,False,False,2.569954356024251,False,False,0.08930343322088863,1.058411060395581,False,False
2022-09-06,2022,295.66,0.1524338606415876,0.9417025168524009,0.08633093525180267,0.8590949063112863,0.08124026809288587,False,True,False,True,-109.92356084691846,False,True,0.31793276060338993,1.620104173713055,False,False
2022-09-07,2022,293.54,0.16378898519076035,0.8735412543506457,0.6640625000000172,0.29297540369284114,0.5825109649122862,True,False,True,False,26.061184165699913,True,False,0.7222184370102802,0.0919806499966036,True,False
2022-09-08,2022,296.85,-0.702458605117906,1.30122093995651,0.12596401028277912,1.1453596092302343,0.16533945201782085,False,True,False,True,65.01600134747987,False,True,0.9331312110493428,0.47161866262422913,False,False
2022-09-09,2022,302.83,0.7720208978070575,1.19629962397257,0.5799721835883161,0.4986295941617369,0.693278358742444,True,False,True,False,86.18696958689665,True,False,1.0137701020374479,0.013208730971159266,False,False
2022-09-12,2022,308.5,0.47550807712348764,0.7784002084418923,0.5230125523012582,0.3695299837925381,0.40683482506103097,True,False,True,False,70.34035656402038,True,False,0.8363047001620716,0.07131280388980032,True,False
2022-09-13,2022,301.8,-2.8832539580383565,4.122152143132965,0.05230288836846337,4.022531477799873,0.22249526782454065,False,True,False,True,-64.57919151756198,False,True,0.4042412193505429,0.7786613651424856,False,True
2022-09-14,2022,294.865,0.4240174375042649,1.113684353926838,0.6529051987767592,0.38492191341801263,0.7293410309841875,False,False,False,False,-52.39685957980855,False,False,0.367965000932613,0.5782307157512712,False,False
2022-09-15,2022,294.07,-0.6755159252879395,1.0234066268112372,0.04290429042904099,0.986159757880789,0.04422671293460301,False,True,False,True,-16.152616723907887,False,True,0.8365355187540224,0.2006325024653921,False,False
2022-09-16,2022,287.72,-1.1339426843515743,1.583396330149132,0.21918402777778795,1.2505213401918347,0.3522723309267395,False,True,False,True,-18.07312665091154,False,True,0.1946336716251773,0.7229250660364395,False,True
2022-09-19,2022,286.15,-1.0614756932439184,0.9335453979669416,0.24074074074073334,0.716407478595138,0.22767075306480145,True,False,True,False,80.72689149047685,True,False,0.9820024462694477,0.03844137690021121,False,False
2022-09-20,2022,288.49,-0.8965991068361379,1.2366884232222681,0.025000000000008685,1.216679954244504,0.031206657420268513,False,True,False,True,12.132136295883722,False,True,0.2669069985094641,0.24264272591770775,False,False
2022-09-21,2022,289.61,0.3186809380304245,0.8590529633863376,0.7540322580645125,0.2106280860467491,0.6498922638493054,True,False,True,False,30.04039915748713,True,False,0.32112150823522256,0.2019957874382916,True,False
2022-09-22,2022,282.0,-0.5010232164279205,1.4713146566932522,0.11270983213429868,1.3120567375886516,0.16694490818029983,False,True,False,True,-35.81560283687946,False,True,0.33333333333334103,0.6471631205673734,False,False
2022-09-23,2022,277.55,-0.8926977325477647,1.428316372076415,0.4625000000000057,0.7746352008646928,0.6710192237939783,False,True,False,True,-45.0369302828324,False,True,0.10808863267879332,1.041253828139066,False,False
2022-09-26,2022,274.98,-0.19599303135887647,1.154181184668992,0.5754716981132192,0.49094479598514873,0.6699615595826547,True,False,True,False,150.3745726961947,True,False,1.6401192814022858,0.0836424467234087,False,False
2022-09-27,2022,277.81,1.3313393638751059,1.661438576014009,0.7102085620197605,0.47514488319355674,1.1781844669034092,True,False,True,False,-31.316367301392756,True,False,0.8638997876246224,0.5615348619560145,False,True
2022-09-28,2022,274.46,-0.025498124066580807,1.8540778785560894,0.884086444007853,0.2149675726881961,1.666913616832133,True,False,True,False,67.40508635138198,True,False,0.6922684544196089,0.5519930044450838,False,True
2022-09-29,2022,275.9,-1.4185157394504655,2.0116482652660146,0.2362344582593224,1.5585357013410794,0.48439377936408956,False,True,False,True,-160.95686843058954,False,False,0.12685755708590207,1.9717288872780014,False,True
2022-09-30,2022,271.03,-0.37126893103957004,1.6210851345390476,0.10657596371881356,1.4537136110393867,0.17371377882908767,False,True,False,True,66.78227502490586,False,True,0.8006493746079757,0.38003173080469743,False,True
2022-10-03,2022,269.07,0.7073882775656903,1.725428550041176,0.8394793926247274,0.2750213699037385,1.4592760180995423,True,False,True,False,90.68272196826044,False,False,0.9923068346527009,0.5723417697996891,False,True
2022-10-04,2022,278.99,1.992395993273366,2.2464721795715366,0.8551668022782768,0.3190078497437243,1.9197398944234445,True,False,True,False,93.55174020574175,True,False,1.3190436933223415,0.0,False,True
2022-10-05,2022,278.29,-1.3750575893964667,1.4994506857568113,0.0425431340108738,1.4556757339466042,0.06472259178023076,False,True,False,True,-83.14707679039968,False,True,0.47791871788420703,0.8516295950267705,False,False
2022-10-06,2022,280.97,-0.3581814313071807,1.532023547769343,0.3680555555555635,0.9716339822756659,0.5691173312334596,True,False,True,False,-52.318752891769016,True,False,1.1424707264120704,0.5409830230985624,False,False
2022-10-07,2022,275.02,-1.7083631165118018,2.140814867762691,0.17028380634390322,1.8071412988146518,0.3722627737226203,False,True,False,True,-86.90277070758424,False,True,0.04726928950622433,1.2180932295832947,False,True
2022-10-10,2022,269.31,0.10779867667831677,1.2266745966842445,0.8212121212121263,0.2190783855036793,1.0165041260314922,False,True,False,True,-62.75296127139729,False,True,0.14481452601091682,1.1325238572648666,False,False
2022-10-11,2022,264.74,-0.5372506292970702,1.2206484577525516,0.42474607571560774,0.7059756742464174,0.5239975698663413,False,True,False,True,-83.85585857822898,False,True,0.21908287376293245,1.2125103875500587,False,False
2022-10-12,2022,263.4,0.193997489444242,1.2438662558484468,0.1987767584097801,0.9946848899012872,0.2473834443387224,False,True,False,True,0.5884586180715523,False,True,0.7441154138192907,0.5504935459377358,False,False
2022-10-13,2022,255.18,-2.8736725916340022,4.582651391162026,0.04983388704318893,4.483109961595733,0.23568230025925452,False,True,False,True,85.82177286621251,False,True,1.6615722235284958,0.3605298220863751,False,True
2022-10-14,2022,271.18,0.9041860465116347,2.3144186046511517,0.7266881028938912,0.6268898886348406,1.695042376059397,False,True,False,True,-233.7930525849996,False,True,0.2323180175529238,2.865255549819301,False,True
2022-10-17,2022,266.79,2.359576427255994,2.315454266421127,0.9701739850869915,0.06746879568200193,2.243853833330145,True,False,True,False,79.83807489036377,False,False,1.1882004572884908,0.018741332133886957,False,True
2022-10-18,2022,276.54,2.6160525436936366,2.644996103751525,0.9803591470258156,0.050625587618413626,2.592449694307586,True,False,True,False,-126.20235770593791,True,False,0.2422795978881842,1.2764880306646575,False,True
2022-10-19,2022,269.93,-0.6441401648998868,2.083333333333343,0.10600706713781273,1.8745600711295607,0.2227750343444912,False,False,False,False,128.92601785648105,False,False,1.3781350720557084,0.179676212351354,False,True
2022-10-20,2022,269.58,-0.3732584352710733,1.6889020288998091,0.4245076586433262,0.9755916611024595,0.7248542818711678,True,False,True,False,179.53854143482494,True,False,1.951183322204919,0.1731582461606873,False,False
2022-10-21,2022,267.98,-0.3865883577429008,1.4794439075161767,0.6407035175879396,0.5336219120829933,0.960705270692852,True,False,True,False,59.70594820508879,True,False,1.6419135756399639,0.4315247406522893,False,False
2022-10-24,2022,275.69,0.07986350600790448,1.6517225106182203,0.5362637362637345,0.7653523885523539,0.8929551692589133,False,True,False,True,-97.21063513366434,False,True,0.5731074757880261,1.3493416518553292,False,False
2022-10-25,2022,279.41,0.31234293099735577,0.7467509154878954,0.8653846153846275,0.10021115922835833,0.6483916285436431,True,False,True,False,116.67442110160576,False,False,1.3063240399412868,0.0035789699724619872,True,False
2022-10-26,2022,278.46,-2.0403855625131917,2.101245338774366,0.0016742005692266671,2.14142067083245,0.003591309032136003,False,True,False,True,89.77950154420711,False,True,1.109674639086422,0.3698915463621222,False,True
2022-10-27,2022,276.79,-0.4030081681119846,1.2773919614263651,0.3211267605633914,0.870696195671794,0.413567930346459,False,True,False,True,25.10928863036943,False,True,0.5381336030925832,1.2265616532389334,False,False
2022-10-28,2022,272.23,-0.21991716453467758,1.6178572737602124,0.8087902129587683,0.3100319582705735,1.3288170922355347,True,False,True,False,148.40392315321526,False,False,1.653013995518493,0.062447195386261534,False,False
2022-10-31,2022,278.92,-0.8143380391877786,0.7503289356708558,0.04265402843603377,0.7242219991395293,0.03227773195138006,False,True,False,True,-80.30976624121666,False,True,0.30116162340454444,0.8568765237344178,True,False
2022-11-01,2022,281.495,1.2863413932066692,1.3572251007484137,0.8846765641569451,0.1545320520790705,1.1996778809165942,True,True,False,True,-133.39490932343324,False,False,0.20426650562177517,1.884580543171288,False,False
2022-11-02,2022,275.08,0.014543339150652201,0.814426992437467,0.3705357142857057,0.5125781590810119,0.30264357338194436,False,True,False,True,-54.89312200087193,False,True,0.08724734622655994,0.6180020357714033,True,False
2022-11-03,2022,263.01,-0.9975156214710679,1.7240081306933615,0.1528384279475963,1.4752290787422462,0.2668598223475982,False,True,False,True,14.82833352344004,False,True,0.18630470324323412,1.106421809056679,False,False
2022-11-04,2022,265.52,1.927063339731272,2.7408829174664056,0.9817927170868354,0.04896053028020653,2.711693938338944,True,False,True,False,-5.272672491714037,True,False,0.3276589334136881,1.8642663452847152,False,True
2022-11-07,2022,265.75,0.4042617500377821,1.4016926099440972,0.7681940700808612,0.3236124176857924,1.0840623811335215,False,False,False,False,-42.897460018813675,False,False,0.2765757290686732,0.8203198494825981,False,False
2022-11-08,2022,269.1,0.5680544136333232,1.1099484266387512,0.774410774410786,0.24897807506500946,0.8620689655172376,True,False,True,False,14.1211445559275,True,False,0.31215161649942313,0.6249349684132377,False,False
2022-11-09,2022,267.76,-0.6603843585367808,1.1130073458484826,0.08999999999999393,1.0195697639677315,0.10093835283562225,False,True,False,True,-21.287720346578887,False,True,0.2987750224081376,0.5004481625336066,False,False
2022-11-10,2022,276.01,4.8391385269874965,5.051847912789157,0.978195488721803,0.10506865693271639,4.946768060836493,True,False,True,False,59.72247382341145,True,False,0.9890945980218113,0.7825803412919718,False,True
2022-11-11,2022,282.56,-0.03537819288191857,1.3691360645298254,0.05167958656330449,1.2988391845979663,0.07083156254426015,False,True,False,True,110.0651189127988,False,True,1.171432616081547,0.48485277463193865,False,False
2022-11-14,2022,285.86,-0.7327152133902892,0.9289162065492972,0.13457943925234098,0.8098369831385899,0.12609457092820353,False,True,False,True,16.85790246974017,False,True,0.4722591478345972,0.4967466592038061,True,False
2022-11-15,2022,292.21,2.393300161188594,3.1207512789964276,0.7361329440826385,0.8042161459224539,2.2950842627794454,False,False,False,False,16.08432291845041,False,False,0.3593306183908851,0.4773963930050251,False,True
2022-11-16,2022,287.39,-0.7014028056112287,1.1678529472738564,0.06213017751478693,1.10303072479907,0.07312486941986052,False,True,False,True,-59.90465917394383,False,True,0.12004593061694102,0.8316225338390271,False,False
2022-11-17,2022,280.93,-1.5662228451296278,2.501751927119827,0.07983193277310845,2.3386608763748873,0.20331002996147873,False,False,False,False,94.32954828604956,False,False,1.0414338091339514,0.07475171750969123,False,True
2022-11-18,2022,287.89,1.0778737448212894,1.3692858647566803,0.9717948717948681,0.03820903817430832,1.3340373108060355,False,True,False,True,-105.24853242557808,False,True,0.0347354892493712,1.3512105318003398,False,False
2022-11-21,2022,283.4,-0.48458459161457856,1.0299178313083759,0.44323218547560783,0.5762173606210341,0.4608294930875445,False,True,False,True,-37.93225123500332,False,True,0.4163726182074834,0.5363443895553877,True,False
2022-11-22,2022,282.64,0.2874073022744117,0.8125465706276706,0.7510917030567675,0.20166996886499255,0.6122739569984326,False,True,False,True,-7.783753184261721,False,True,0.09198981035947185,0.7712991791678503,True,False
2022-11-23,2022,285.98,0.02098489087856148,0.4931449356463235,0.2695035460992936,0.360165046506733,0.13305322128851493,True,False,True,False,92.94705923491131,True,False,0.9996503251975541,0.03147073221905217,True,False
2022-11-28,2022,284.9,-0.67976317927948,1.2741855583704136,0.3885088919288563,0.7844857844858,0.500917172287263,False,False,False,False,-3.510003510002191,False,False,0.72306072306072,0.1895401895401716,False,False
2022-11-29,2022,282.94,0.10968403920319503,0.6793334040972352,0.03125000000000092,0.6573831907825012,0.021210407239813378,False,True,False,True,3.534318230014044,False,True,0.056549091680224706,0.5124761433519476,True,False
2022-11-30,2022,280.84,0.10693662222853728,0.670136165965636,0.19680851063827054,0.5376726961971334,0.13192141762039533,False,True,False,False,18.15980629540137,False,False,0.40236433556475326,0.13174761429993742,True,False
2022-12-01,2022,293.67,0.08520209937972201,1.1417081316883726,0.44179104477612186,0.6367691626655736,0.5065197303124824,True,True,False,True,-78.31920182517882,False,True,0.7082779991146371,0.8478904893247541,False,False
2022-12-02,2022,288.54,-1.7635843660629202,2.7032548004902615,0.3198992443324964,1.8714909544603753,0.8881118881118866,False,False,False,False,53.025577043044336,False,False,0.9073958549941086,0.06238303181534954,False,True
2022-12-05,2022,290.38,-0.7621065582174236,0.8130275793718666,-0.004203446826393789,0.8227150630208735,-0.003443644753609032,False,True,False,True,-28.23885942558002,False,True,0.4476892347957895,0.47179557820786755,True,False
2022-12-06,2022,287.48,-0.01391207568167685,0.4730105731775031,0.19117647058823467,0.3826353137609484,0.09052294408466999,False,True,False,True,-142.61861694726653,False,False,0.04869903993320879,1.5896410185056387,True,False
2022-12-07,2022,280.47,-0.4419359991480576,1.3879275153967752,0.5294117647058918,0.6560416443826433,0.7435344827586343,True,False,True,False,9.983242414517424,True,False,0.7487431810888845,0.6025243341533981,False,False
2022-12-08,2022,281.91,0.5241762943945405,0.8736271573242008,0.6775510204081766,0.28023127948635373,0.59232827832294,True,True,True,True,72.3635202724271,True,True,0.8477883012308896,0.7520130538115066,True,False
2022-12-09,2022,282.81,-0.3804290394166743,1.8915777237662492,0.35009310986964504,1.2340440578480383,0.6692058519915944,False,False,False,False,24.86121424277732,False,False,0.5162476574378516,0.4313850288179433,False,False
2022-12-12,2022,282.21,0.04253961501647918,0.5778297706405742,0.4233128834355826,0.33308529109528084,0.2450980392156854,False,True,False,True,-0.35434605435646915,False,True,0.2882959498246018,0.27993338294176606,True,False
2022-12-13,2022,296.63,3.8547720747846848,5.454800084027724,0.7323491655969179,1.4057917270673848,4.0004207278591775,False,False,False,False,-141.25341334322195,False,False,0.08259447796918895,1.5574958702761044,False,True
2022-12-14,2022,288.08,-0.22166805209200557,0.69617622610141,0.13432835820894679,0.6039988891974435,0.09381188978838662,True,False,True,False,84.00444321021938,False,False,0.9337683976673228,0.013885031935556569,True,False
2022-12-15,2022,282.33,-1.4279729069199165,1.883248376510022,0.18539117538005173,1.556334785534652,0.3554544485124156,False,True,False,True,-113.69673785995072,False,True,0.24085290263167192,1.3353168278255834,False,False
2022-12-16,2022,276.2,-0.260002888920996,1.3386537628195845,0.7580253574318876,0.3247646632874801,1.0278356926003207,True,False,True,False,-76.39753801592985,True,False,0.5684286748732781,0.771180304127439,False,False
2022-12-19,2022,273.87,-0.12763474582453416,0.6527605572168406,0.08938547486034815,0.5951728922481525,0.05845603010485867,False,True,False,True,-47.161061817651,False,False,0.032862306933933993,1.0990615985686625,True,False
2022-12-20,2022,268.55,-0.47806107322856395,1.1866291135487692,0.562148657089323,0.5220629305529689,0.6747891283973795,True,False,True,False,71.68125116365775,True,False,0.7782535840625382,0.5957922174641639,False,False
2022-12-21,2022,270.6,0.38208999517752584,0.6706977779426467,0.47455752212389796,0.35107169253509873,0.31808172253486866,True,True,True,False,67.6274944567612,True,False,0.7686622320768555,0.31781226903178084,True,False
2022-12-22,2022,270.38,-1.1407678244972574,1.680073126142606,0.07943416757345091,1.564464827280121,0.13517767531434632,False,True,False,True,-155.7067830460823,False,False,0.0498927435461205,1.575560322509062,False,False
2022-12-23,2022,265.46,-0.5059780368052214,1.472958284921857,0.09923664122137041,1.3335342424470875,0.14713094654241754,False,True,False,True,38.79680554509157,False,True,0.516085285918777,0.727039855345446,False,False
2022-12-27,2022,266.74,-0.2654701813422977,1.0955318751168468,0.07508532423209105,1.0159706080827613,0.082545399969991,False,True,False,True,-56.23453550273716,False,False,0.04123865936866977,1.3908675114343683,False,False
2022-12-28,2022,263.13,-0.1555741063975158,0.5426121271913207,0.10489510489508849,0.48645156386577515,0.05703855806524771,True,True,True,True,2.2802417056211333,True,True,0.889294265192131,0.34583665868580526,True,False
2022-12-29,2022,262.96,1.130682255211135,1.1826013383585834,0.866666666666658,0.15591724977184196,1.0238383372711546,True,False,True,False,96.97292363857635,False,False,1.1902951019166386,0.27000304228779193,False,False
2023-01-04,2023,266.61,0.8129773878847502,0.8817968690917317,0.8284734133790831,0.15003188177487026,0.7299435540543575,False,True,False,True,-108.02295487791102,False,True,0.1162747083755411,1.5303251941037654,False,False
2023-01-05,2023,264.07,-0.6359121011438873,1.414810355207703,0.21542553191489475,1.117128034233339,0.3076806199194815,False,True,False,True,-43.927746430869604,False,True,0.05301624569242769,0.9731889271784033,False,False
2023-01-06,2023,263.33,0.6613149847094713,1.991590214067292,0.6372360844529693,0.7177306041848741,1.2768739663859163,False,False,False,False,0.7595032848528582,False,False,0.4936771351536029,1.1354574108533022,False,False
2023-01-09,2023,270.82,0.766483107605298,0.7813662747432738,0.9476190476190417,0.04061738424046002,0.7402447643492183,True,False,True,False,90.09674322428162,True,False,1.1206705560889318,0.03323240528763094,True,False
2023-01-10,2023,269.53,-0.37332741923562507,0.9758261255267192,0.4393939393939296,0.5491039958446242,0.43223907292169184,True,False,True,False,57.13649686491351,True,False,1.2458724446258396,0.05565243201126613,False,False
2023-01-11,2023,273.94,0.3700582566958488,0.7767559447477391,0.9103773584905673,0.06935825363219017,0.7095327377669935,True,False,True,False,54.391472585237906,True,False,0.5548660290574547,0.29933562093888977,True,False
2023-01-12,2023,278.12,0.19453851142012812,2.4677570430146143,0.7036496350364989,0.7299007622608933,1.763629710940351,False,False,False,False,-23.37120667337711,False,False,0.23011649647632915,1.5748597727599623,False,True
2023-01-13,2023,276.52,-0.8995448518080429,1.2059635164677667,0.2407132243684993,0.9239837986402488,0.29378695005621847,False,False,False,False,82.09532764356986,False,False,0.8534644871980301,0.13018949804713964,False,False
2023-01-17,2023,280.77,-0.06051114116893963,0.5374813127358122,0.9403973509933561,0.03205470669944699,0.5083228924288363,True,False,True,False,50.931367311322084,True,False,0.740819888164701,0.4234782918402846,True,False
2023-01-18,2023,283.15,0.6040149227216185,0.9237875288683481,0.7576923076923062,0.22249690976514636,0.7006188206842401,True,False,True,False,19.42433339219507,True,False,0.5438813349814664,0.19777503090234738,False,False
2023-01-19,2023,276.24,-0.5848163676605567,1.183308441149483,0.4379562043795599,0.6689834926151272,0.5240174672489051,False,False,False,False,-23.533883579496262,False,False,0.3565739936287393,0.5031856356791153,False,False
2023-01-20,2023,276.76,0.607074048493228,0.6943182231269651,0.7382198952879537,0.18066194536783264,0.5120755402215238,True,False,True,False,53.47593582887722,True,False,0.57811822517706,0.37939008527244633,True,False
2023-01-23,2023,283.51,0.25815121295706955,0.5834924676426825,0.7272727272727304,0.15872455998025004,0.4250646452481188,True,False,True,False,124.51059927339526,False,False,1.3227046665020614,0.2751225706324245,True,False
2023-01-24,2023,287.31,-0.5847750865051848,0.8463667820069098,0.2371218315617299,0.6494726949984209,0.2022808914309504,True,False,True,False,32.01768125021598,True,False,0.7796456788834449,0.18446973652154197,False,False
2023-01-25,2023,283.77,-1.6088207759786588,1.7461253077216465,0.04368546465448181,1.6971490996229521,0.0775877270322578,False,True,False,True,-55.32649681079693,False,True,0.10924340134617072,0.8246114811290783,False,True
2023-01-26,2023,291.22,1.2234966979492556,1.2043795620438067,0.9451659451659463,0.0652427717876547,1.1373699838510998,True,False,True,False,4.807362131720172,True,False,0.4876038733603316,0.5768834558066094,False,False
2023-01-27,2023,292.0,-0.4703797123184916,0.7566977980775879,0.2972972972973049,0.5342465753424674,0.22653943845678537,True,False,True,False,98.97260273972641,True,False,1.1986301369863117,0.04109589041095818,False,False
2023-01-30,2023,292.93,-1.1039837947332876,1.5570560432140526,0.22983521248915806,1.2125763834363257,0.3631753863021281,False,True,False,True,-25.603386474584156,False,True,0.49499880517529515,0.46550370395658236,False,False
2023-01-31,2023,290.31,0.05859240366719032,1.2028675811677154,0.7077363896848198,0.3513485584375253,0.8581156197887907,True,False,True,False,69.92525231648727,True,False,0.719920085425918,0.03789053081189042,False,False
2023-02-01,2023,294.41,-0.08823429599212895,0.5226185224148925,0.5974025974026218,0.21059067287114708,0.31346894272377135,False,True,False,False,-1.3586495023953926,False,False,0.12907170272749013,0.3396623755986594,True,False
2023-02-02,2023,307.52,2.1389663876710596,2.117377441211638,1.0,0.0,2.116920420395485,True,False,True,False,41.65582726326722,True,False,0.5300468262226854,0.256893860561902,False,True
2023-02-03,2023,304.94,-2.1875801898896596,2.4162817551962914,0.06902960307978026,2.299796681314348,0.17081663491229637,False,False,False,False,163.31081524234347,False,False,2.079097527382423,0.13117334557617433,False,True
2023-02-06,2023,303.53,-0.8655039519237184,1.3420210333790517,0.29934290581649237,0.9485059137482432,0.4068805822031063,False,False,False,False,-21.57941554376763,False,False,0.6523243172009474,0.2833327842387767,False,False
2023-02-07,2023,303.46,-0.04611330698288674,0.5764163372859025,0.06857142857143117,0.537138337836951,0.03955957011934075,False,True,False,True,-6.102946022538136,False,True,0.3987345943452292,0.22737757859355723,True,False
2023-02-08,2023,308.54,-0.4517003290959498,0.8291927469832849,0.12451361867704047,0.7292409412069656,0.10382194536369127,False,True,False,True,-34.031243922992836,False,True,0.3111428015816431,0.4602320606728494,False,False
2023-02-09,2023,308.84,1.4652736710690561,1.4166502398317933,0.9837662337662222,0.022665457842263592,1.3926552373948464,True,False,False,False,-80.30047921253613,False,False,0.048568838233409295,0.8159564823209342,False,False
2023-02-10,2023,299.48,-0.7160853998143368,1.415594748707062,0.3629976580796295,0.908240950981698,0.5202564360755835,False,False,False,False,39.06771737678616,False,False,0.6978763189528392,0.4173901429143867,False,False
2023-02-13,2023,301.13,0.46373523720557586,1.1876960032027766,0.786516853932587,0.2523826918606531,0.9385579727147819,True,False,True,False,47.01955965862092,True,False,0.5778235313651958,0.39849898714839904,False,False
2023-02-14,2023,302.89,-0.5564949029006616,1.779470426974413,0.05719557195571981,1.6870811185578871,0.10245224403464537,False,True,False,True,94.75387104229239,False,True,1.5946383175410306,0.6537026643335775,False,True
2023-02-15,2023,304.9,-0.5901340028039548,0.8118418049623454,0.16465863453813923,0.6821908822564948,0.13465138428190304,False,True,False,False,20.334535913413276,False,False,0.6198753689734549,0.22958346999015777,False,False
2023-02-16,2023,304.38,-1.5747776879547315,2.0274858528698587,0.0382775119617237,1.9810762862211728,0.07891102781614201,False,True,False,True,71.29246336815775,False,True,0.7687758722649374,0.22011958735791426,False,True
2023-02-17,2023,301.07,-0.7286995515695005,0.6001055130572386,0.5879120879120864,0.24911150230844115,0.3566666666666718,True,True,False,True,-28.232636928288144,False,True,0.28564785598033104,0.7274055867406259,True,False
2023-02-21,2023,297.27,-1.2883944877967735,1.0757429852233094,0.04000493888133792,1.0461869680761682,0.04361574528404244,False,True,False,True,-34.64863592020584,False,True,0.4911360043058588,0.3902176472566965,False,False
2023-02-22,2023,294.62,0.20406775049317538,0.8162710019726472,0.5750000000000035,0.3462086755821048,0.47060428318101977,True,True,True,True,-49.555359446065154,True,True,0.46161156744282117,0.6482927160410101,False,False
2023-02-23,2023,297.96,1.2745997756704375,0.8837225111314931,0.9269230769230768,0.06376694858369891,0.8154288614447447,False,False,False,False,-50.00671231037535,False,False,0.05705463820646628,0.7081487447979429,False,False
2023-02-24,2023,291.76,-1.7080483778593836,1.9445473840245229,0.0848925848925866,1.810392103098435,0.16822879115596656,False,True,False,True,-29.13353441184374,False,True,0.4147244310392262,0.5004112969563934,False,True
2023-02-27,2023,295.08,1.117126996093476,1.2137619080255055,0.8503670242800607,0.1796123085265222,1.0312666913184554,True,False,True,False,20.672360037956583,True,False,0.47783651891013523,0.20672360037954363,False,False
2023-02-28,2023,293.3,-0.217731509831931,0.8610600802884962,0.15013828526273984,0.73337879304467,0.12972825344803596,False,False,False,False,11.59222638936086,False,False,0.5659734060688537,0.1159222638936308,False,False
2023-03-01,2023,293.24,-0.08518177791406734,0.9335922859381951,0.21897810218978858,0.7297776565270642,0.2050300710771058,False,True,False,True,-65.47537852953256,False,True,0.23530214159050988,0.8013913517937565,False,False
2023-03-02,2023,288.66,-0.8552292632663439,1.105272196462311,0.14294592914854998,0.9554493175361944,0.15961138098543604,False,False,False,False,49.539250329104775,False,False,0.6131781334441921,0.1004642139541434,False,False
2023-03-03,2023,295.39,0.5754170922710244,1.0997616615594206,0.8513931888544843,0.16249703781441305,0.9397211591033461,True,False,True,False,74.43041402890982,True,False,0.7481634449372221,0.1760384576322771,False,False
2023-03-06,2023,300.94,0.4137470804137511,0.6906906906906884,0.7536231884058007,0.1694689971422747,0.5210768922439657,True,False,True,False,59.151325845683274,True,False,0.656276998737293,0.10301056689041577,True,False
2023-03-07,2023,300.07,0.013332000133337019,0.4632870046328845,0.035971223021589796,0.44656246875729444,0.016665555629624684,False,True,False,True,-68.31739260839132,False,True,0.3132602392774908,1.1430666177891902,True,False
2023-03-08,2023,296.74,0.13835926163399126,0.5770593594978503,0.5380116959064485,0.2662263260766906,0.3109999323913204,False,True,False,True,2.0219720967862287,False,True,0.25274651209812315,0.6268113500033756,True,False
2023-03-09,2023,298.34,0.1544246005102723,1.127970995031561,0.7857142857142785,0.24133538915331876,0.8927967534663406,True,False,True,False,52.624522357043176,True,False,0.8848964268955095,0.12737145538647132,False,False
2023-03-10,2023,292.83,0.11624329036890035,1.497487093575847,0.4931506849315001,0.758119045179817,0.7431107441428386,False,True,False,True,-79.90984530273471,False,True,0.07854386504115851,1.2635317419663283,False,False
2023-03-13,2023,286.73,-0.6135181975736481,4.287694974003467,0.16168148746968466,3.616642834722561,0.7024198363361878,False,False,False,False,80.21483625710424,False,False,1.5362884944023936,0.5370906427649813,False,True
2023-03-14,2023,294.31,1.234865162355514,1.9262520638415044,0.9482142857142822,0.09853555774523848,1.837370242214531,True,False,True,False,83.2455574054558,True,False,0.8528422411742786,0.03397777853284545,False,True
2023-03-15,2023,294.71,-0.9011735431588175,2.0814418776690538,0.4297253634894942,1.1977876556614975,0.9108029447012278,False,False,False,False,-9.840181873704834,False,False,0.49540225984867625,0.24091479759763557,False,True
2023-03-16,2023,297.95,-0.3278359482153048,0.9733716923694655,0.10987387015843794,0.869273368014789,0.10741513884844345,False,True,False,True,50.00839066957585,False,True,0.7182413156569867,0.2550763550931312,False,False
2023-03-17,2023,306.72,-0.026271135062949647,0.8181209554348953,0.4780876494024103,0.42709963484610647,0.39277297721918014,True,False,True,False,-16.95357329160263,True,False,0.7922535211267512,0.29668753260303493,False,False
2023-03-20,2023,304.26,-0.35044050699243323,1.4017620279697476,0.6261682242990627,0.5258660356274314,0.8886530937064707,False,False,False,False,-13.475317162952027,False,False,0.07887990534412026,0.7394991126010608,False,False
2023-03-21,2023,307.94,0.6635938674773634,0.7878134091726221,0.8423236514522819,0.12340066246672166,0.6635938674773634,True,False,True,False,-20.783269468077627,True,False,0.47411833474053644,0.3344807430018748,False,False
2023-03-22,2023,310.27,-0.016112400103118762,0.5871358597576704,0.8342480790340173,0.09733457955973801,0.4923076923076808,True,False,True,False,45.78270538563301,True,False,0.5092338930609008,0.17081896412800557,True,False
2023-03-23,2023,309.92,1.2843556978986204,1.170299682996182,0.9972074839430353,0.003226639132680731,1.1656639975975214,True,False,True,False,60.66081569437331,True,False,0.8034331440371689,0.06130614352091168,False,False
2023-03-24,2023,309.32,-0.1484924785331465,1.3525727935954543,0.422434367541762,0.7823613086771042,0.5755161762315053,False,True,False,True,-1.9397387818442802,False,True,0.13254881675934804,0.6918401655243711,False,False
2023-03-27,2023,311.6,0.2090368226403072,0.8264994372085523,0.5719844357976775,0.3530166880616026,0.47399477638410126,True,False,False,False,-17.647625160462923,False,False,0.3530166880616026,0.2856225930680467,False,False
2023-03-28,2023,308.17,-0.17330461119838825,0.5280121799128603,0.3374233128834435,0.3504559171885635,0.17879201612378548,False,True,False,True,-55.16435733523672,False,False,0.009734886588552705,0.934549112502836,True,False
2023-03-29,2023,310.88,1.227573182247399,1.1657060987919585,0.9860335195530694,0.01608337622234224,1.1485277371075187,True,False,True,False,2.1230056613497084,True,False,0.3409675759135311,0.05146680391147074,False,False
2023-03-30,2023,315.22,0.7704357277580787,0.9078993638310897,0.926056338028177,0.06662013831608693,0.8413576889855889,True,False,True,False,20.62051900260098,True,False,0.2855148784975503,0.2855148784975725,False,False
2023-03-31,2023,315.91,0.07285859097820868,0.5321844906234002,0.48214285714287286,0.27539489094994263,0.25706125039670624,True,False,True,False,42.730524516476635,True,False,0.5571206989332333,0.0981292140166512,True,False
2023-04-03,2023,318.77,-0.660662532331957,0.9629468042008263,0.22330097087378337,0.7528939360667675,0.21692655935614535,False,False,False,False,38.27210841672812,False,False,0.4391881293722921,0.08783762587444288,False,False
2023-04-04,2023,320.6,0.13743128435781404,0.82458770614694,0.4090909090909179,0.48658764815969757,0.33800701051578397,False,True,False,True,-5.302557704305322,False,True,0.32127261384902184,0.41172800998130477,False,False
2023-04-05,2023,318.1,-0.32275248331400386,0.4574938112994818,-0.034246575342433756,0.4746934926123769,-0.01571585730000269,False,True,False,True,-63.50204338258503,False,False,0.06601697579375898,0.6475950958818033,True,False
2023-04-06,2023,314.24,-0.5097356340034831,0.6965331644768229,0.2681818181818271,0.5123472505091708,0.18810776343058944,False,True,False,True,15.593177189410223,False,True,0.3293660896130257,0.4518839103869743,False,False
2023-04-10,2023,315.06,-0.9556743162527526,0.9745363093366938,0.05483870967742409,0.9299815908081044,0.053987106608666124,False,True,False,True,-38.08480924268443,False,True,0.05713197486192367,0.5744937472227485,False,False
2023-04-11,2023,317.83,-0.028309008555627013,0.613361852038245,0.38974358974358736,0.3744139949029446,0.23969470463935938,False,True,False,True,-39.34807916181504,False,False,0.018878016549739307,0.6764622596985737,True,False
2023-04-12,2023,317.82,0.6300858056549341,1.4343159294557293,0.5518763796909456,0.6387263230759554,0.7928453634403088,False,True,False,True,-28.317915801395756,False,True,0.18878610534265317,0.9313447863570468,False,True
2023-04-13,2023,314.82,0.5686174290825408,0.6229235880398816,0.8564102564102446,0.08893971158123737,0.5332907552291211,True,False,True,False,77.02814306588036,False,False,0.8449272600216107,0.05717552887364308,True,False
2023-04-14,2023,317.59,-0.5262003946503002,0.8735552980236124,0.3477949085693707,0.5727510312037554,0.30636093740128434,True,False,True,False,0.6297427500867592,True,False,0.8721937088699283,0.05667684750777502,False,False
2023-04-17,2023,318.15,-0.13183915622940745,0.41749066139311325,0.09022556390977508,0.3803237466603937,0.03773228940666673,False,True,False,True,-7.543611504006176,False,True,0.3300015715857363,0.1823039446801733,True,False
2023-04-18,2023,320.99,0.6916887557444573,0.8218705397054455,0.8206106870229124,0.14642200691610263,0.6743194078534742,False,True,False,True,-76.01482912240276,False,True,0.13396055951899744,0.8380323374559961,False,False
2023-04-19,2023,316.41,-0.7621377493413517,0.9970518128214697,0.15413652091853197,0.849846717866054,0.15510255760953218,False,False,False,False,24.019468411238254,False,False,0.35871179798363517,0.04108593280871542,False,False
2023-04-20,2023,315.69,-0.9568927652632286,1.2169793562151028,0.15983500902294445,1.0323418543507934,0.1967816675659373,False,False,False,False,62.71975672336838,False,False,0.7697424688776877,0.038011973771734375,False,False
2023-04-21,2023,315.91,-0.1264582213651111,0.6417754734279756,0.6206896551724282,0.24374030578329098,0.4004449388209208,False,True,False,True,3.165458516665165,False,True,0.17726567693330253,0.5729479915165703,True,False
2023-04-24,2023,316.37,-0.07264687302590556,0.5874921036007623,0.7096774193548299,0.17068622182887516,0.41898111410887395,True,False,True,False,12.646584695135132,True,False,0.43275278945538176,0.17700793374846313,True,False
2023-04-25,2023,314.29,-0.5222510603279051,0.7615370006963367,0.2119700748129869,0.6032645009386162,0.16253425967238666,False,True,False,True,-29.90868306341321,False,True,0.2163606859906464,0.3849947500715989,False,False
2023-04-26,2023,313.44,1.1292508227398912,1.3415499774149886,0.7739297739297754,0.2998979070954588,1.0373216599725454,False,False,False,False,-24.566105155691133,False,False,0.13080653394590414,0.4147524247064882,False,False
2023-04-27,2023,315.7,1.2540491997818926,1.2017704223996966,0.9599679743794947,0.0475134621476192,1.152504141261046,True,False,True,False,30.40861577447096,True,False,0.39594551789674526,0.20589166930630176,False,False
2023-04-28,2023,320.11,-0.09051186017476898,0.5212234706616602,0.7125748502994173,0.14994845521849598,0.3731343283582156,True,False,True,False,54.04079847552312,True,False,0.5435631501671256,0.35925150729437805,True,False
2023-05-01,2023,322.09,-0.16427995784514815,0.3967515963052423,0.2734374999999792,0.2887391722810495,0.10878348977434449,False,True,False,True,-9.00369461951489,False,True,0.21112111521623955,0.14902666956440047,True,False
2023-05-02,2023,322.12,-0.015519756650217431,0.3071980631343786,0.3840557744771311,0.18924624363592102,0.11813890661369619,False,True,False,True,-65.96920402334506,False,True,0.10244629330684596,0.7605861169750372,True,False
2023-05-03,2023,319.75,0.12211923847695871,0.36948897795591396,0.36440677966102064,0.23455824863174435,0.13466115495428532,True,False,True,False,-2.5019546520710367,True,False,0.3252541047693569,0.08600469116496479,True,False
2023-05-04,2023,317.06,-0.09138175515992497,0.7720182763510284,0.2081632653061197,0.6118715700498267,0.16111198862738263,False,True,False,True,-56.266952627263,False,True,0.02207784015644254,0.5897937298933953,False,False
2023-05-05,2023,318.46,0.7051829364702833,0.5786927236505025,0.8415300546447961,0.09106324185141901,0.4859270478354105,True,False,True,False,71.59454876593641,False,False,0.7724674998430103,0.11304402436725924,True,False
2023-05-08,2023,322.42,-0.15174506828528056,0.32269053296585115,0.3166986564299726,0.22082997332670828,0.10245583532553226,False,True,False,True,-22.02096644128848,False,True,0.06820296507661361,0.2977482786427732,True,False
2023-05-09,2023,322.0,-0.5374683387903922,0.5498239327855602,0.15168539325841907,0.46894409937887627,0.08392130046932511,False,False,False,False,1.2422360248454112,False,False,0.27329192546583503,0.04658385093166961,True,False
2023-05-10,2023,324.11,0.7836064554246125,1.5143505706023213,0.8028747433264931,0.2961957360155365,1.2211118051218106,True,False,True,False,21.289068526118005,True,False,0.4967449322760942,0.33013483076732575,False,True
2023-05-11,2023,325.7,0.16915269875441563,0.4613255420575119,0.36666666666667425,0.29167945962542685,0.16915269875441563,False,True,False,True,-16.886705557261905,False,True,0.04605465151981125,0.4052809333742635,True,False
2023-05-12,2023,326.7,0.15635059321255085,0.27591281155156017,0.3333333333333333,0.18365472910928382,0.09191176470588758,False,True,False,True,-44.0128558310382,False,True,0.1438628711356138,0.47444138353229803,True,False
2023-05-15,2023,325.51,0.1476786758145554,0.4214995538873349,0.4598540145985353,0.2273355657276266,0.19391775424772995,False,True,False,True,-36.773063807563624,False,True,0.09216306718689005,0.4761758471321986,True,False
2023-05-16,2023,326.06,-0.24475310530502892,0.43443676191642167,0.1619718309859265,0.36496350364962904,0.07058895743179416,True,False,True,False,51.217567318899704,True,False,0.5888486781574054,0.012267680794952884,True,False
2023-05-17,2023,328.24,0.336247478143914,0.4080821666564711,0.9925093632958868,0.0030465513039201753,0.40530413104322704,True,False,True,False,-7.007067999025285,True,False,0.11272239824517971,0.3655861564708762,True,False
2023-05-18,2023,331.52,0.10568590150072943,0.3680888969411634,0.4257588187038423,0.21114864864866245,0.15679710937428482,True,False,True,False,87.17422779922934,False,False,0.8927666505791576,0.006032818532808459,True,False
2023-05-19,2023,337.49,0.07709871600984908,0.37956290958692074,0.3984375000000014,0.22815490829357632,0.151344293429867,False,True,False,True,-0.7407626892663721,False,True,0.21185812912973834,0.2755637204065353,True,False
2023-05-22,2023,336.26,-0.059442430006539926,0.3655709445402182,0.4227642276422554,0.21114613691786133,0.15488175373801205,True,False,True,False,39.99881044429942,True,False,0.7167073098197863,0.00594777850472239,True,False
2023-05-23,2023,335.89,-0.524195936741112,0.7848131256293245,0.03396226415093425,0.7621542766977241,0.026801667659315243,False,True,False,False,17.862990860104677,False,False,0.3483283217720068,0.05656613772365704,False,False
2023-05-24,2023,331.37,-0.5850234009360356,0.8820352814112729,0.11564625850341004,0.7846214201647772,0.10270972419419433,False,True,False,True,-36.81685125388579,False,True,0.2474575248212041,0.40438180885415953,False,False
2023-05-25,2023,339.16,2.2644353987637755,1.0915121362882572,0.8729281767955859,0.13562920155678615,0.9404761904761916,False,False,False,False,-48.64960490624015,False,False,0.07665998348862502,0.7356409954003995,False,False
2023-05-26,2023,340.76,0.30022958733149085,0.6917054217931426,0.7361702127659581,0.181946237821351,0.5102793263133121,True,False,True,False,130.59044488789695,False,False,1.3235121493132995,0.02934616739053153,False,False
2023-05-30,2023,352.71,1.237083811710682,1.2571756601607336,0.6643835616438291,0.41677298630604653,0.8319039451114785,False,False,False,False,-56.98732669898732,False,False,0.3458932267301762,0.751325451504059,False,True
2023-05-31,2023,348.37,-0.4543376385872655,0.6234998285518392,0.14207149404216313,0.5373597037632516,0.08906510371775589,True,True,False,True,-21.67235984728899,False,True,0.6401240060854851,0.38177799466084794,False,False
2023-06-01,2023,347.73,0.020134614278322083,0.4544670079963137,0.398734177215191,0.27320047163028605,0.18150388936906126,True,True,True,True,4.02611221349769,True,True,0.31346159376526295,0.30771000488885036,False,False
2023-06-02,2023,353.76,0.48572645930975433,0.5681011219997159,0.75,0.14133876074173823,0.42582183614374713,True,True,True,False,-12.437810945273853,True,False,0.585142469470834,0.494685662596106,False,False
2023-06-05,2023,354.43,-0.059214978569810395,0.5117866004962773,0.7327823691459977,0.13683943232796203,0.3766638346077489,True,False,True,False,26.662528566994137,True,False,0.569929182066975,0.0,False,False
2023-06-06,2023,354.28,-0.17469709777402365,0.40856579318117464,0.158620689655147,0.34436039290957066,0.06496257590735688,False,True,False,True,6.1787286891723525,False,True,0.1467765609122873,0.38105453313762583,True,False
2023-06-07,2023,355.13,0.07608634391027547,0.4931522290480753,0.7028571428571533,0.14642525272434703,0.347555806725075,True,True,True,True,-29.566637569341523,True,True,0.5603581786951306,0.4111170557260624,False,False
2023-06-08,2023,349.12,0.09174311926605228,0.733944954128441,0.6874999999999959,0.22914757103575933,0.5066789497927271,True,False,True,False,52.41750687442703,True,False,0.5871906507791014,0.06587992667278497,False,False
2023-06-09,2023,354.63,0.44326115587780546,0.6287794032260265,0.9729729729729716,0.016919042382190774,0.6128181121797471,True,False,True,False,73.31585032287258,True,False,0.8544116403011781,0.031018244367375658,False,False
2023-06-12,2023,356.19,0.4795621879319478,0.5909898727749802,0.6801909307875861,0.1881018557511549,0.4016743478077123,False,False,False,False,1.4037451921722344,False,False,0.0954546730677297,0.2779415480501979,False,False
2023-06-13,2023,363.29,0.765539622222855,1.2758993703714039,0.7152173913043487,0.3605934652756826,0.913888888888903,False,False,False,False,-69.09080899556996,False,False,0.22571499353134516,0.8973547303807061,False,True
2023-06-14,2023,363.27,0.0027528491989281534,0.46302923525849704,0.16765755053506512,0.3853882786907903,0.07768851862870463,True,True,True,True,33.99675172736538,True,True,0.5092630825556776,0.27803011534119904,False,False
2023-06-15,2023,364.61,-0.3525553429898798,0.8882208253621208,0.5415384615384587,0.40865582403115663,0.4850489182857798,True,False,True,False,82.4168289405125,True,False,0.8584514961191392,0.1727873618386777,False,False
2023-06-16,2023,372.72,0.6643979906012065,0.9236752552260616,0.9883040935672621,0.010731916720319035,0.9151459359939551,True,False,False,False,-39.43979394720021,False,False,0.03487872934107017,0.89611504614725,False,False
2023-06-20,2023,365.98,-0.516472762857445,0.7828639773839283,0.3576388888888997,0.5054921033936122,0.28223044252637663,True,True,True,True,-47.27307503142208,True,True,0.6393792010492394,0.5464779496147321,False,False
2023-06-21,2023,365.74,-0.3256707591262731,1.329935819695585,0.7049180327868855,0.39372231639962507,0.9494893734474097,False,False,False,False,-64.75638431672759,False,False,0.12030404112211013,0.8147864603270105,False,True
2023-06-22,2023,360.63,-0.38395668747582823,0.5057731617037781,0.1583833970508016,0.4273077669633585,0.08047954709442529,True,True,True,False,103.29146216343732,False,False,1.1258076144524898,0.11368993150874251,False,False
2023-06-23,2023,362.21,-1.0895685417804502,0.8793009284543885,0.1677018633540275,0.7399022666408905,0.14930737965548335,False,True,False,True,2.48198558847168,False,True,0.3009303994920165,0.38300985616078753,False,False
2023-06-26,2023,362.0,-0.15170321334988524,0.6426699765549693,0.3133047210300452,0.44198895027625085,0.2020649375813255,True,False,True,False,60.77348066298338,True,False,0.7845303867403342,0.06077348066299004,False,False
2023-06-27,2023,359.25,0.42490146199647416,0.4841640343275732,0.7517321016166282,0.11969380654139883,0.3637399845787703,True,False,True,False,8.907446068198155,True,False,0.6736256089074466,0.20598469032707678,False,False
2023-06-28,2023,361.99,-0.5139339306326596,0.635409223327641,0.08650519031141546,0.5834415315340014,0.05528068769176109,True,False,True,False,74.58769579270053,True,False,0.7679770159396693,0.02381281250863898,False,False
2023-06-29,2023,364.24,-0.09325799550166103,0.6528059685117109,0.15546218487395178,0.5518339556336516,0.1016846676010763,False,True,False,True,-36.51164067647761,False,True,0.1784537667471886,0.540852185372287,False,False
2023-06-30,2023,367.55,1.0169025697402745,0.8822316888827756,0.9127725856697899,0.07618011154943982,0.803576326038069,True,False,True,False,65.29451775268757,True,False,0.799891171269218,0.08706298462793916,False,False
2023-07-05,2023,368.695,-0.3930838849115159,0.6699986491962767,0.3568548387096711,0.4326068972999364,0.2406133601587701,True,False,True,False,75.80791711306212,True,False,0.850296315382626,0.00949294132005507,False,False
2023-07-06,2023,366.51,-1.018148428216481,1.284703467646107,0.14925373134327913,1.1041990668740453,0.19409513395296507,False,True,False,True,-20.190445008322342,False,True,0.1227797331587066,0.5429592644129788,False,True
2023-07-07,2023,367.23,-0.06667120212259237,0.8544798965916166,0.3057324840764405,0.5936334177490954,0.26210172823328826,False,False,False,False,-4.220788061978231,False,False,0.36489393568062134,0.21240094763500528,False,False
2023-07-10,2023,365.96,-0.07918088737202122,0.7290102389078387,0.7453183520599186,0.18581265712100947,0.5467483583811772,True,True,True,False,3.2763143512970494,True,False,0.2978467592086753,0.5547054322876721,False,False
2023-07-11,2023,366.79,0.09005075588059963,0.3847623205806978,0.37588652482270934,0.23991929987186023,0.14470594659532487,False,True,False,True,-17.721311922354044,False,True,0.20720303170751464,0.5916191826385697,True,False
2023-07-12,2023,372.34,1.1340024173943641,1.1353605041217951,0.9665071770334825,0.037600042971486225,1.096931849036098,True,False,True,False,37.33147123596847,True,False,0.49685771069454265,0.14234301982058994,False,True
2023-07-13,2023,376.05,0.8447304907482023,0.8101367658889823,0.9768288646143685,0.0186145459380338,0.790942886472501,True,False,True,False,-10.370961308335813,True,False,0.27836723839913535,0.15689403004920388,False,False
2023-07-14,2023,379.59,0.11340858740371829,0.3270387171642602,0.6935483870967343,0.10010801127533497,0.227074697013685,True,False,True,False,60.855133169999135,False,False,0.8614557812376633,0.0026344213493456614,True,False
2023-07-17,2023,379.8,0.1846478501714488,0.3270904774465864,1.0241935483871205,-0.007898894154823033,0.3355084141283493,True,False,True,False,14.494470774091273,True,False,0.33704581358608987,0.12901527119536516,True,False
2023-07-18,2023,381.95,-0.16989022477784665,0.28750653423942046,0.39090909090908904,0.1754156303181098,0.11270706647095174,False,True,False,True,-30.10865296504739,False,True,0.010472574944375701,0.5105380285377659,True,False
2023-07-19,2023,386.82,0.27478224802985896,0.3810659477395195,0.9523809523809561,0.018096272167933414,0.36324010170722953,True,False,True,False,-17.579235820278647,True,False,0.1447701773434673,0.26627371904244246,True,False
2023-07-20,2023,382.61,-0.7213472067256421,0.5552816627312704,0.33177570093458975,0.37374872585662633,0.185912542550426,True,True,False,True,-49.92028436266782,False,True,0.38812367685110427,0.5580094613313769,False,False
2023-07-21,2023,379.18,0.6636933205904194,0.8335988106615658,0.7834394904458568,0.17933435307768697,0.6530048842641634,True,True,False,True,-87.82899941980116,False,True,0.19515797246689726,0.880848145999269,False,False
2023-07-24,2023,376.62,0.2782400319510048,0.34081075683952067,0.7265624999999886,0.09293186766503592,0.24754451808672862,True,True,True,True,1.3275981094995615,True,True,0.25489883702405347,0.6053847379321464,True,False
2023-07-25,2023,376.95,0.18870933446735183,0.41462896023814644,0.4166666666666515,0.24141132776231977,0.17273452032950942,True,False,True,False,24.67170712296074,True,False,0.5199628597957417,0.005305743467298729,False,False
2023-07-26,2023,377.72,-0.2851108764519439,0.4392819429778363,0.19230769230771727,0.35581912527797854,0.08479067302598065,False,True,False,True,-9.001376681140316,False,True,0.12972572275757877,0.3415228211373522,False,False
2023-07-27,2023,383.07,1.4620580055621613,1.445371473976955,0.9651823346160898,0.049599289947011016,1.3941128048215568,True,False,True,False,-40.72362753543723,True,False,0.4281201869110074,0.41245725324352556,False,True
2023-07-28,2023,380.74,1.1154193445583438,1.3151325224411743,0.8889337641357004,0.14445553396018607,1.16969320132434,True,False,True,False,37.82108525502981,False,False,0.5751956715869033,0.13657614119871875,False,True
2023-07-31,2023,383.8,0.08344633357670883,0.5760404714717855,0.6247170665459454,0.21599791558102321,0.36085978766799975,True,False,True,False,0.13027618551264553,True,False,0.281396560708691,0.3413236060448188,False,False
2023-08-01,2023,382.31,-0.4011983847857281,0.6851634753158774,0.36121673003801913,0.43943396719938743,0.24910845395427206,False,True,False,True,-9.67800999189139,False,True,0.11508984855221893,0.42373989694227676,False,False
2023-08-02,2023,379.24,-0.9299895506792111,1.4751828631138952,0.3205241721267939,1.0117603628309269,0.47955912354609165,False,True,False,True,-77.12794009070767,False,True,0.005273705305341991,0.8991403860352243,False,True
2023-08-03,2023,371.94,-0.6543978204545997,0.8547236838590744,0.10312499999999539,0.7716298327687277,0.08880277710503481,False,False,False,False,-1.3443028445447869,False,False,0.7071032962305823,0.045706296714531636,False,False
2023-08-04,2023,375.75,0.5270479961474672,1.000588581518543,0.7032085561497297,0.2954091816367299,0.7048670668953649,True,True,True,True,-28.742514970059307,True,True,0.4577511643379939,0.7638057218895544,False,True
2023-08-07,2023,373.89,0.5053627590656085,0.4623531625494012,0.5523255813953335,0.205942924389535,0.2547326647718062,True,True,False,True,-5.0817085238974435,False,True,0.2567600096285094,0.4921233517879542,False,False
2023-08-08,2023,372.65,-0.6796375266524546,1.1383262260127973,0.3394989463825763,0.7570105997585008,0.390625,False,True,False,True,-59.70750033543415,False,False,0.0026834831611477483,0.8640815778880873,False,True
2023-08-09,2023,372.29,0.09410119911814618,0.4543743614561483,0.05917159763314963,0.4270864111310946,0.02686799752815716,False,True,False,True,-50.76687528539736,False,False,0.042977248918840694,0.6688334362996651,False,False
2023-08-10,2023,370.97,0.8426889933944137,1.1213200315328786,0.6751515151515212,0.36121519260317037,0.7564132161820947,True,False,True,False,64.02134943526372,True,False,0.9138205245707187,0.1748389357630109,False,True
2023-08-11,2023,365.99,-0.6973084436726729,1.0391795094421643,0.07310704960836203,0.9699718571545723,0.07656339722732497,False,True,False,True,36.2031749501357,False,True,0.5491953332058319,0.25683761851417186,False,True
2023-08-14,2023,365.44,-0.210261871603723,0.9994265585319967,0.09562841530055201,0.9057574430823223,0.0958667725766249,False,True,False,True,52.813047285464876,False,True,0.7032618213660191,0.2024956217162921,False,False
2023-08-15,2023,369.36,-0.29692814338928564,1.1121308643308332,0.4271844660194148,0.6389430366038562,0.47878128400435926,False,True,False,True,-58.479532163743244,False,True,0.21902750703919338,0.7364089235434301,False,True
2023-08-16,2023,365.87,-0.15010097702090608,0.6551225369794286,0.14167881691314457,0.5631508459288836,0.09304300414274547,False,True,False,True,15.852625249404007,False,True,0.42638095498401807,0.18312515374313554,False,False
2023-08-17,2023,363.95,0.4055396159788005,0.6621054954756062,0.7625000000000006,0.1566149196318145,0.5053573401082367,False,True,False,True,-70.06456930897187,False,True,0.09891468608325127,0.7418601456243956,False,False
2023-08-18,2023,355.26,-0.9286371622186818,1.0954014333918953,0.086558044806511,1.0099645330180707,0.09579623577142815,False,True,False,False,3.659291786297647,False,False,0.44192985419129194,0.15481619095873977,False,True
2023-08-21,2023,359.6,0.40766180823141873,0.8907131289439877,0.6238244514106616,0.33370411568409697,0.5564721344481383,True,False,True,False,15.572858731924821,True,False,0.8370411568409342,0.013904338153503115,False,False
2023-08-22,2023,366.55,0.7116166611715657,1.0687987690955014,0.8457583547557923,0.16368844632381752,0.9056873864449866,False,False,False,False,-53.471559132451944,False,False,0.002728140772068066,0.6274723775746893,False,False
2023-08-23,2023,364.58,0.3329939180449548,0.8145966920769564,0.4020270270270213,0.4854901530528366,0.3274718621866235,True,False,True,False,78.72071973229478,False,False,0.8982939272587753,0.06034340885401335,False,False
2023-08-24,2023,372.64,0.9399463661727614,1.4231925671099932,0.6193376475066589,0.5367110347788806,0.8809213126647952,False,True,False,True,-169.86904250751334,False,True,0.02683555173894625,1.7040575354229204,False,True
2023-08-25,2023,362.07,0.27140048187432875,0.8862056550998494,0.8343749999999931,0.1463805341508584,0.7429048414023365,True,False,True,False,-5.9988400033139655,True,False,1.0136161515728936,0.17123760598779514,False,False
2023-08-28,2023,366.99,0.8020435630510692,0.8047902875820603,0.9283276450512017,0.05722226763671401,0.7466988772064642,True,False,True,False,-3.269843864955879,True,False,0.19619063189730834,0.6212703343415393,False,False
2023-08-29,2023,366.56,-0.07905138339922013,0.5642633228840107,0.29951690821256355,0.39556962025315556,0.16942668196973099,True,False,True,False,141.270187690965,False,False,1.451331296377134,0.08975338280227119,False,False
2023-08-30,2023,374.89,0.042697408800984604,0.5790836068636127,0.6175115207373111,0.22139827682787772,0.35872038549056295,True,False,True,False,-7.202112619700829,True,False,0.5815039078129525,0.2747472591960287,False,False
2023-08-31,2023,376.94,0.0026530124956902768,0.5118191706683037,0.35247771096827374,0.33140552873136553,0.18072609365864523,True,False,True,False,65.26237597495488,True,False,0.6568684671300451,0.021223536902426066,False,False
2023-09-01,2023,380.4,0.664214453941625,0.9923522718251343,0.8266666666666576,0.17087276550999952,0.8216273522395845,False,True,False,False,-31.28286014721371,False,False,0.11303890641429781,0.8543638275499421,False,False
2023-09-05,2023,376.77,-0.23830328064183837,0.5851669446871554,0.6696832579185408,0.19375215648804733,0.3943616936235905,True,False,True,False,5.042864346949116,True,False,0.2654139129973254,0.24948907821747968,False,False
2023-09-06,2023,377.28,-0.20631645770513574,0.6435486430725262,0.5589806822852285,0.2844041560644772,0.3617791019365768,False,True,False,True,-72.87955894826115,False,False,0.09276929601358397,0.7342027141645446,False,False
2023-09-07,2023,370.19,-1.2313069462787318,1.3849868598337884,0.06935079946060711,1.3050055376968572,0.09734202201012732,False,True,False,True,6.4831572976031815,False,True,0.2620276074448258,0.2809368162295045,False,True
2023-09-08,2023,372.01,-0.005375910544846985,0.7523586807515618,0.42836727402643704,0.430095965162236,0.3233453160774724,True,False,True,False,66.51971721190364,True,False,0.7634203381629678,0.024192898040364952,False,False
2023-09-11,2023,375.66,0.8347872768755815,0.8431083076097221,0.8917542184017915,0.09050737368896389,0.7512223119195305,True,False,True,False,-26.886013948784758,True,False,0.17302880264067344,0.532396315817496,False,False
2023-09-12,2023,375.28,-0.4456706281833589,0.5735356536502639,0.0878815911193315,0.5254743125133299,0.05065450958436912,False,True,False,True,-11.458111276911875,False,True,0.3717224472393976,0.12763803027072695,False,False
2023-09-13,2023,373.03,0.05901129261554061,0.7644644725195048,0.8245614035087698,0.13403747687854572,0.6339700010790983,True,False,True,False,13.087419242421294,True,False,0.3779856847974772,0.3082861968206285,False,False
2023-09-14,2023,375.99,0.46761436511328913,0.5718255664813986,0.7009345794392569,0.1702172930130974,0.40054474084756375,False,True,False,True,-24.202771350302356,False,True,0.1196840341498362,0.55852549269928,False,False
2023-09-15,2023,375.91,-0.36312553011025317,0.7872137404580225,0.1548821548821657,0.667713016413507,0.12251964309495378,False,True,False,True,-72.09172408289332,False,False,0.10906866005160332,0.8885105477374977,False,False
2023-09-18,2023,369.32,-0.36151729347650985,0.617816867209832,0.25327510917030277,0.4630131051662545,0.15729240114985554,True,False,True,False,31.138308242175672,True,False,0.5415357955160793,0.07852269034983594,False,False
2023-09-19,2023,369.32,-0.36151729347650985,0.6393999892084402,0.10548523206751034,0.5740279432470574,0.06773782751239299,False,True,False,True,-34.387523015271256,False,True,0.12049171450232432,0.5252897216506014,False,False
2023-09-20,2023,370.95,0.29199448454861887,0.6002108849054993,0.8288288288288286,0.10243968189782571,0.4984963831919931,False,False,False,False,-29.923170238577157,False,False,0.09704811969268867,0.3747944466909181,False,False
2023-09-21,2023,360.8,-1.02595051297526,1.3751577330334057,0.19948134849391674,1.1122505543237127,0.27793218454696955,False,True,False,True,-13.580931263857954,False,True,0.22172949002217113,0.4517738359201773,False,True
2023-09-22,2023,359.63,0.5241016897038486,0.651842741540997,0.6440823327615839,0.23079275922475162,0.41940311843811084,False,False,False,False,10.288351917249194,False,False,0.1809915746739721,0.33089564274393357,False,False
2023-09-25,2023,356.93,-0.2821701961222556,1.014136447449292,0.26446280991735005,0.7480458353178454,0.2696856476669396,False,True,False,False,3.051018406969863,False,False,0.49029221415963775,0.2801669795197914,False,False
2023-09-26,2023,356.99,-0.7396079521757137,0.9311830946753918,0.13735443415945955,0.8092663660046462,0.1290214007236612,False,True,False,True,-38.376425109947206,False,False,0.15406594022242537,0.6610829434998244,False,False
2023-09-27,2023,355.38,0.32889629180017366,0.5293395254294708,0.4826666666666521,0.27294726771343036,0.25530714436843294,True,True,True,True,6.471945523103262,True,True,0.3517361697338073,0.3235972761550965,True,False
2023-09-28,2023,354.1,-0.2900346352040062,0.6645453777489813,0.1610169491525434,0.5591640779440743,0.10742960533756118,False,True,False,True,22.02767579779552,False,True,0.5422197119457683,0.24286924597571868,False,False
2023-09-29,2023,361.54,0.9747242005306633,0.9641111576595442,0.9449594438006959,0.0525529678597092,0.9104661743115638,True,False,True,False,-13.829728384134876,True,False,0.38999834043258463,0.2074459257620176,False,False
2023-10-02,2023,358.54,0.05581291510856623,1.1971870290785347,0.26573426573427456,0.8785630613041606,0.31897034135424107,False,False,False,False,39.605064985774874,False,False,0.797679477882518,0.1729235231773263,False,True
2023-10-03,2023,358.78,-0.697481317464721,1.2012178245225504,0.17972350230414222,0.9922515190367465,0.2178770949720521,False,True,False,True,-69.40186186520813,False,True,0.6215508110819945,0.7330397458052307,False,True
2023-10-04,2023,355.76,0.24232178078331668,1.3947590870667923,0.767676767676763,0.323251630312571,1.079668144107293,True,False,True,False,-9.557004722283713,True,False,0.5537440971441487,0.1293006521250195,False,True
2023-10-05,2023,359.74,-0.005559261730037068,0.6893484545252283,0.5362903225806471,0.3196753210652048,0.37108339611060526,False,True,False,True,-72.27442041474407,False,False,0.11397120142324635,0.9645855339967868,False,False
2023-10-06,2023,355.65,-0.8419996096690641,1.7537011737809183,0.29729729729729704,1.2427948826093216,0.5285770818022506,False,False,False,False,71.13735414030708,False,False,0.7344580345845619,0.2249402502460196,False,True
2023-10-09,2023,362.3,-0.6553511201294215,0.4058241245989639,0.6351351351351502,0.14904775048301122,0.26012840380784663,True,True,True,True,14.628760695556409,True,True,0.36425614131934125,0.4195418161744513,True,False
2023-10-10,2023,366.91,0.09548232213008045,0.4228502837189031,0.43225806451613613,0.23984083290180536,0.18294014853648122,True,False,True,False,57.507290616225504,False,False,0.6132294023057483,0.14172412853289407,True,False
2023-10-11,2023,369.94,0.3798773538828737,0.5264014760948602,0.7422680412371131,0.1351570524950052,0.3907734056987744,True,False,True,False,-5.676596204788886,True,False,0.397902362545266,0.15948532194409726,True,False
2023-10-12,2023,371.73,0.14278017241380336,0.5468749999999927,0.35960591133006303,0.3497161918596614,0.19676549865230708,True,False,True,False,16.409759771875976,True,False,0.4465606757592777,0.17216797137709072,True,False
2023-10-13,2023,370.56,0.19196971745301106,0.8408814384209852,0.9485530546623716,0.043177892918833116,0.802480890073709,True,False,True,False,-41.55872193437049,True,False,0.16191709844559643,0.4911485319516351,False,False
2023-10-16,2023,366.63,0.3778234086242227,0.6844626967830253,0.8839999999999918,0.07909881897281146,0.6064431150869742,True,False,True,False,80.18983716553407,False,False,0.8155360990644622,0.04364072770912664,False,False
2023-10-17,2023,365.81,-0.9932878640251164,1.0682580924542608,0.01773498859893416,1.0598398075503779,0.01913927926942005,False,True,False,True,28.97679123041952,False,True,0.43328503868127477,0.5877368032585206,False,False
2023-10-18,2023,365.66,-0.7060229185901212,0.8026937489817025,0.04736129905278836,0.7701143138434619,0.03830159772379993,False,True,False,False,18.049554230705755,False,False,0.6153257124104305,0.04922605699283489,False,False
2023-10-19,2023,364.81,0.47371175190724646,1.06034316560633,0.885714285714287,0.12061072887257218,0.9435528500276735,True,False,True,False,-55.37128916422218,True,False,0.14391052876838728,0.5646775033579132,False,False
2023-10-20,2023,359.48,-0.12779907762404674,0.6220481191309596,0.6610093791871523,0.21113831089349944,0.4134078212290504,False,True,False,True,-65.78947368421129,False,True,0.15578057193723627,0.6926671859352473,False,False
2023-10-23,2023,353.26,-0.3835091083413289,1.240764762280761,0.4363636363636366,0.7020324973107783,0.5464791939431946,False,True,False,True,43.31087584215743,False,True,0.5803091207609246,0.6058144143124111,False,True
2023-10-24,2023,357.51,0.5173334832850651,0.7180813675598252,0.6162881754111172,0.2741182064837311,0.44221433066617966,True,False,True,False,47.257419372885856,True,False,0.47690973679057613,0.12587060501804137,False,False
2023-10-25,2023,356.69,-0.6960104679974433,0.9184554135694141,0.17884207335555588,0.7594830244750383,0.16568379668631117,False,True,False,True,-86.62984664554618,False,False,0.05326754324483929,0.9700299980375027,False,False
2023-10-26,2023,349.12,-0.33685412503569045,1.524978589780184,0.7225758143017643,0.42449587534372224,1.1179980304697912,False,False,False,False,-71.32218148487635,False,False,0.27211274060494617,1.0454857928505867,False,True
2023-10-27,2023,346.43,0.8118961704109084,0.9844604818996736,0.7428318060892715,0.2511329850186206,0.7306995583236775,True,False,True,False,13.855612966544584,True,False,0.444534249343298,0.10536039026642907,False,False
2023-10-30,2023,347.83,0.6977013490822692,0.8488217242776955,0.7714870395634338,0.19262283299312788,0.6545744976386603,True,False,True,False,-15.467325992583048,True,False,0.7791162349423564,0.2272661932553266,False,False
2023-10-31,2023,349.23,0.022912788199924705,0.8964628383216371,0.7380191693290753,0.2348022793001725,0.6658595641646503,False,True,False,True,-15.748933367695228,False,True,0.06299573347077203,0.7473584743578732,False,False
2023-11-01,2023,351.72,0.228000748888868,0.8406476805675566,0.888135593220344,0.09382463323097667,0.7505012890289375,True,False,True,False,76.19697486636935,True,False,0.8131468213351312,0.028431707039699994,False,False
2023-11-02,2023,361.54,1.2461844352964269,1.4290514996219466,0.8451891044483711,0.2185097084693055,1.2073555470331288,False,False,False,False,5.25529678597092,False,False,0.2129778171156671,0.34297726392653605,False,True
2023-11-03,2023,364.75,0.36044464010565047,0.8942328857583094,0.8861538461538447,0.10143934201507498,0.7958659187000894,True,False,True,False,16.44962302947306,True,False,0.7265250171350157,0.06305688827964451,False,False
2023-11-06,2023,368.49,0.20667337448672107,0.30729067522366826,0.5486725663716876,0.13840267035740705,0.16853779867889163,True,False,True,False,5.4275557002902985,True,False,0.3500773426687198,0.1275475589568309,True,False
2023-11-07,2023,370.27,0.2843832945127467,0.6934618926385394,0.9179815653803955,0.05671536986524561,0.6388352237825856,True,False,True,False,41.32119804467038,True,False,0.44832149512519237,0.33083965754718836,False,False
2023-11-08,2023,373.08,0.11001690503662509,0.34078407169881714,0.9685039370078574,0.010721561059301443,0.3307785397337559,True,False,True,False,-24.927629462849765,True,False,0.19030770880241743,0.3189664415138793,True,False
2023-11-09,2023,373.64,0.1796391130653774,0.3110169718744202,0.8706896551723872,0.0401455946900775,0.27104634624157686,True,True,True,True,-27.028690718337025,True,True,0.1819933625950121,0.33187024943795995,True,False
2023-11-10,2023,371.82,0.4688112190442739,0.7917100125646677,0.9726962457337933,0.02151578720885894,0.7724205219936442,True,False,True,False,4.303157441774008,True,False,0.3953525899628829,0.14523156365984224,False,False
2023-11-13,2023,376.79,-0.41758067500066165,0.5928059835610632,0.1604993312527929,0.49974787016640043,0.09563531068192965,False,True,False,True,-4.511797022214159,False,True,0.06104195971230464,0.4113697284959805,False,False
2023-11-14,2023,383.71,1.7096962307162178,1.9562105709590192,0.9092140921409192,0.17461103437492742,1.7798408488063577,True,False,True,False,44.043678819942755,True,False,0.4664981366135912,0.13812514659508057,False,True
2023-11-15,2023,387.24,0.5061122790625205,1.0049573048872313,0.41890495867768807,0.5810350170436962,0.4206235186116958,False,False,False,False,-12.157834934407585,False,False,0.10587749199462149,0.3226422890197367,False,False
2023-11-16,2023,384.84,-0.1996836181634376,0.4561603692850327,0.39226833428083685,0.2777777777777768,0.1796173369777332,True,False,True,False,15.59089491736776,True,False,0.34559817066834864,0.16370439663236924,True,False
2023-11-17,2023,385.21,-0.19432065499015438,0.37568659964762896,0.048275862068961194,0.35824615144985916,0.018175209014903437,False,True,False,True,4.5429765582416515,False,True,0.10903143739777743,0.22585083460969768,True,False
2023-11-20,2023,386.05,-0.002590270942337547,0.5802206910842898,0.6071428571428608,0.22794974744204666,0.35353141490550577,True,False,True,False,41.18637482191323,False,False,0.673487890169655,0.0025903380391101294,False,False
2023-11-21,2023,389.01,-0.4427496545017173,0.6577263653580369,0.10894941634240213,0.5886738130125302,0.07202942916677557,False,True,False,True,-53.211999691524795,False,True,0.05655381609728227,0.560396904963889,False,False
2023-11-22,2023,390.57,0.5509358185516122,0.8186545838374932,0.9339916349570722,0.05374196686893651,0.7662538699690247,True,False,True,False,-4.77507233018315,True,False,0.6400901246895518,0.39173515631000244,False,False
2023-11-27,2023,389.0,-0.07706139224249453,0.6555355766760906,0.6857366771159819,0.20616966580977447,0.4519044544867734,True,False,True,False,9.12596401028365,True,False,0.30848329048842604,0.1850899742930623,False,False
2023-11-28,2023,388.4,-0.1901629233694857,0.44097240067842125,0.381701631701614,0.2731719876416072,0.16892545358417888,False,False,False,False,7.59526261586041,False,False,0.2136972193614861,0.09011328527290807,True,False
2023-11-29,2023,392.69,0.6342657253052941,0.7234473303178963,0.7821466524973384,0.15661208586925657,0.5654550017670346,True,False,True,False,-23.937457027171092,True,False,0.3692480073340221,0.38452723522370835,False,False
2023-11-30,2023,390.1,0.08980115458627758,0.4746632456702927,0.07027027027026911,0.4409125865162622,0.033335897633146594,False,True,False,True,-52.037938990003866,False,False,0.11535503716995077,0.6998205588310769,True,False
2023-12-01,2023,387.72,-0.2854718000154244,0.5015045135406335,0.16410256410258592,0.420406478902291,0.08260196179661339,False,True,False,True,-32.497678737234416,False,True,0.1908593830599381,0.368822861859075,True,False
2023-12-04,2023,386.09,-0.9949483293586803,1.1467292355822256,0.07377177486078668,1.0728068585045047,0.08551947181680841,False,True,False,True,-69.15486026573991,False,True,0.08547229920485844,0.7355797870962633,False,True
2023-12-05,2023,384.38,-0.4892950526833473,0.7608667512361728,0.24157876828852948,0.5798948956761585,0.1850548648578254,True,False,True,False,63.76242260263343,True,False,0.9209636297414114,0.044227066964985795,False,False
2023-12-06,2023,390.27,0.7681483107192077,0.7177990937141016,0.9676258992805644,0.023060957798448634,0.6940502605913723,True,True,False,True,-83.78814666769152,False,True,0.02562328644273304,0.9608732416019672,False,False
2023-12-07,2023,388.06,0.7908782774697087,0.8700959702868778,0.9611940298507479,0.03349997423078843,0.8367113605654453,True,False,True,False,36.5922795444007,True,False,0.39169200639075363,0.2834613204143799,False,False
2023-12-08,2023,388.67,-0.4864684947640585,0.9324832936477446,0.4365733113673898,0.5279543057091995,0.4107677999380055,True,False,True,False,89.53611032495257,True,False,0.987984665654662,0.04885892916870471,False,False
2023-12-11,2023,391.73,-0.10710187428278894,0.38352671171745994,0.5119680851064021,0.1873739565517063,0.19695109474116013,True,False,True,False,41.865570673678135,True,False,0.5947974370101861,0.05105557399229799,True,False
2023-12-12,2023,395.56,0.007584759689538423,0.6497610800697781,0.027237354085600532,0.6320153706138143,0.01769956256794103,False,True,False,True,13.904338153503115,False,True,0.2856709475174357,0.2907270704823439,False,False
2023-12-13,2023,399.63,0.22068965517241246,0.35134796238244775,0.4718058529621673,0.18517128343717992,0.16567703255139232,True,False,True,False,11.535670495208539,True,False,0.29026849836097934,0.06756249530815994,True,False
2023-12-14,2023,404.98,0.302159698831006,0.5889637408361509,0.394449116904974,0.35557311472171893,0.23215408299137597,False,False,False,False,-16.544026865524806,False,False,0.3259420218282294,0.21482542347770472,False,False
2023-12-15,2023,404.18,0.20080819099090874,0.39417904157474076,0.49685534591195263,0.19793161462715592,0.19584025384864479,True,False,True,False,44.78202780939134,True,False,0.462665149190955,0.0940175169478974,True,False
2023-12-18,2023,404.93,-0.0024695016545672743,0.2765841853114053,0.8035714285714558,0.05433037809003949,0.2227557359602006,True,False,True,False,32.84518311806872,True,False,0.3482083323043339,0.08149556713505923,True,False
2023-12-19,2023,407.54,0.10562255901354067,0.39792685023703783,0.4876543209876656,0.20366099033224394,0.1942224953902949,True,False,True,False,22.32909653040016,True,False,0.2527359277616936,0.04784806399371622,True,False
2023-12-20,2023,408.35,-0.1955273127214885,0.4668214591225634,0.2565445026178101,0.34774090853433304,0.12013926347276271,True,False,True,False,39.42696216480801,True,False,0.4040651401983508,0.09305742622750524,False,False
2023-12-21,2023,407.06,1.0149638930937677,1.2606397498573194,0.7834645669291311,0.27023043286003023,0.9873970427706658,False,False,False,False,-26.65454724119276,False,False,0.21127106569056586,0.47167493735568167,False,True
2023-12-22,2023,409.0,0.29672135167611025,0.6964368915373047,0.8802816901408528,0.08312958435208184,0.6150061500614923,True,False,True,False,14.669926650368037,True,False,0.23716381418092958,0.05623471882640896,False,False
2023-12-26,2023,409.25,0.19831554206248825,0.28155910292822306,0.46956521739130824,0.14905314599877872,0.13212302121308195,True,False,True,False,18.570555894930063,True,False,0.26145387904703554,0.024434941967022006,True,False
2023-12-27,2023,410.95,0.020688060555174026,0.17037226339551645,0.4999999999999594,0.08516851198443476,0.08524111056988914,True,True,True,True,-6.570142353083952,True,True,0.18591069473172794,0.211704586932715,True,False
2023-12-28,2023,412.67,0.2843256379100989,0.26731470230863247,0.609090909090911,0.10419948142583735,0.1626213592233139,False,True,False,True,-12.35854314585505,False,True,0.060581093852229984,0.27382654421208574,True,False
2024-01-03,2024,399.93,-0.6557865712795263,0.7799885734158001,0.13375796178344515,0.680119020828629,0.10512878275887871,False,True,False,True,-17.002975520716834,False,True,0.26754682069360936,0.3050533843422687,False,False
2024-01-04,2024,396.45,-0.4732197773231084,0.8886992104635597,0.09322033898304581,0.8096859629209252,0.08330808845804505,False,False,False,False,33.04325892294013,False,False,0.48402068356665495,0.06487577248076581,False,False
2024-01-05,2024,396.44,0.05047445992327759,0.7091661619220679,0.9893238434163596,0.007567349409765001,0.7061931616115347,True,False,True,False,54.232670769851495,False,False,0.6482695994349585,0.07062859449096237,False,False
2024-01-08,2024,397.99,0.3074829246162869,0.8090329409985583,0.9875389408099801,0.010050503781489084,0.8028975229218416,True,False,True,False,78.14266690117977,False,False,0.8029096208447495,0.03771451544009041,False,False
2024-01-09,2024,401.91,-0.7654131996740698,0.8945458136836105,0.07728401876898434,0.8317782588141531,0.0697159076762377,False,False,False,False,34.83366922942821,False,False,0.46279017690527,0.049762384613483146,False,False
2024-01-10,2024,406.07,0.06900120752113548,0.5618669755292219,0.32017543859649505,0.38170758736177923,0.18009572210984093,False,True,False,True,11.081833181469936,False,True,0.20439825645823806,0.22163666362942092,False,False
2024-01-11,2024,409.79,0.3084228820404933,0.9203730448192277,0.5824468085106391,0.3831230630322757,0.5372914622178593,False,True,False,True,-54.17408916762345,False,True,0.344176285414477,0.9346250518558419,False,True
2024-01-12,2024,410.41,0.2613963941955566,0.8281624077783856,1.0,0.0,0.8328829050169739,True,False,True,False,-24.122219244170353,True,False,0.20467337540508446,0.41421992641506034,False,False
2024-01-16,2024,408.31,-0.3052055864830594,0.6348276198847599,0.8884615384615315,0.07102446670421703,0.568965517241371,True,False,True,False,44.084151747447734,True,False,0.5069677450956434,0.3624696921456727,False,False
2024-01-17,2024,406.17,-0.8204527140868723,0.852928967352818,0.12882908674491533,0.7491936873722738,0.11091393078970224,False,True,False,True,-43.33160991703,False,True,0.1083290247925639,0.8001575694906116,False,False
2024-01-18,2024,410.52,0.815324165029474,1.1665029469548134,0.770526315789467,0.26551690538829664,0.8995723344639384,True,False,True,False,19.731072785735826,True,False,0.32641527818377813,0.07307804735456891,False,True
2024-01-19,2024,415.22,0.49129940221206425,0.580846583896023,0.3791666666666807,0.35884591300996416,0.21964229683089087,False,False,False,False,14.450170993689504,False,False,0.23842782139587015,0.14329752902076942,False,False
2024-01-22,2024,423.41,0.5151457601367371,0.9068464533282673,0.666230366492152,0.30112656762948387,0.6047069725446441,True,False,False,False,-24.092487187360454,False,False,0.3111641198837889,0.2621572471127265,False,False
2024-01-23,2024,422.43,0.16835815232856266,0.5643554965379861,0.6134453781512531,0.21778756243637787,0.3468180630448625,False,True,False,True,-13.019908623914667,False,True,0.0023672561134446823,0.4403096370996451,False,False
2024-01-24,2024,427.44,0.9517961314092549,0.8722042464750439,0.9864608719198452,0.011697548193900786,0.8596096716116275,True,False,True,False,13.803106868799375,False,False,0.15206812652066581,0.3088152723189186,False,False
2024-01-25,2024,428.35,0.6012353507597545,0.6902463655792678,0.9659748213678234,0.023345395120810686,0.6671977927715123,True,False,True,False,3.978055328586194,True,False,0.07237072487451535,0.4108789541263147,False,False
2024-01-26,2024,424.42,-0.4433393539912234,1.029532499824074,0.4875825928457595,0.5298996277272483,0.506772757412155,False,False,False,False,13.43009283257146,False,False,0.14513924885726226,0.2921634230243608,False,True
2024-01-29,2024,424.28,0.12034830214502357,0.3610449064351015,0.33986928104573316,0.2380503441123949,0.12271096847271679,False,True,False,False,1.178467050062526,False,False,0.19798246441029566,0.12256057320636504,True,False
2024-01-30,2024,427.1,-0.24757100149477296,0.44843049327354634,0.182291666666677,0.3675954109107815,0.08201523140012323,False,True,False,True,-2.9243736829787093,False,True,0.13579957855303082,0.24584406462186958,False,False
2024-01-31,2024,420.85,-1.0253756967145589,1.3480397921027323,0.2791346824843013,0.9818225020791216,0.3816338700059596,False,True,False,True,-43.008197695141305,False,True,0.16157775929666052,0.4597837709397701,False,True
2024-02-01,2024,418.79,0.4557557149368119,0.5397107150567296,0.3822222222222283,0.33190859380596294,0.20577608690450777,True,True,True,False,36.2950404737461,True,False,0.3689199837627388,0.22684400296092422,False,False
2024-02-02,2024,423.8,0.40750568612586413,1.3021228203184185,0.4068413391557492,0.7692307692307665,0.5304058221290209,False,False,False,False,43.88862671071303,False,False,0.6654082114204707,0.23831996224633611,False,True
2024-02-05,2024,429.07,-0.01747661046964666,0.3588530683102496,0.7597402597402599,0.08623301559185226,0.2734283711147478,False,True,False,True,-54.303493602442245,False,True,0.0815717715058284,0.6875335026918616,True,False
2024-02-06,2024,429.58,0.26374139339480074,0.525148792157778,0.7466666666666697,0.13268774151495855,0.39261509698527153,True,True,False,True,-66.34387075748371,False,True,0.14898272731507234,0.8031100144326953,False,False
2024-02-07,2024,430.41,0.6453875833041245,0.8160879223664232,0.9742120343839614,0.0209102948351525,0.7962342802276368,True,False,True,False,51.1140540414945,False,False,0.522687669896138,0.30668432424898473,False,False
2024-02-08,2024,432.11,0.018517232599601918,0.354142073467114,0.6601307189542542,0.12033972830991502,0.23428438877290958,True,False,True,False,2.0851172155245123,True,False,0.16199578810951465,0.1596815625650838,True,False
2024-02-09,2024,433.94,0.26340110905729297,0.6122920517560021,0.43018867924528154,0.3479743743374675,0.26340110905729297,False,False,False,False,34.10609761718142,False,False,0.34336544222703935,0.18433423975664498,False,False
2024-02-12,2024,436.94,-0.032030749519540436,0.21963942527684555,0.25,0.16478234997940877,0.054957636821617584,False,True,False,True,1.3731862498289615,False,True,0.11672083123541732,0.1280267313589878,True,False
2024-02-13,2024,427.28,-1.8446624244791154,1.9135788288805644,0.03721488595437527,1.8769893278412386,0.07260463264395778,False,True,False,False,65.06272233664178,False,False,0.6529676090619718,0.2340385695562608,False,True
2024-02-14,2024,431.26,0.6394100625408461,0.702417623448145,0.8172757475083013,0.12753327459074093,0.5736940298507465,True,False,True,False,26.666048323518154,True,False,0.32231136669294,0.26202290961369057,False,False
2024-02-15,2024,433.92,0.15695688302095334,0.4971840088634467,0.4753946146703819,0.26041666666667407,0.23654642223536193,False,True,False,True,-38.94727138643028,False,True,0.08296460176990816,0.5058536135693181,False,False
2024-02-16,2024,434.92,0.08975214599682424,0.692702460129333,0.19933554817276564,0.5541248965326817,0.13814698839564876,False,True,False,True,-89.44173641129538,False,True,0.016094914007180883,1.1657316288053,False,False
2024-02-20,2024,428.54,-0.47609094498245463,0.5852435031003929,0.43650793650794867,0.3313576328930701,0.2573460602657729,True,True,False,True,-86.10631446306027,False,False,0.3593596863769921,0.891398702571522,False,False
2024-02-21,2024,424.55,-0.6505510963423999,0.5780076287646481,0.12955465587044412,0.5064185608291139,0.07543078047285157,False,True,False,True,-11.777175833235232,False,True,0.1766340831468538,0.2602755859145045,False,False
2024-02-22,2024,434.49,2.0864171424543665,0.7706585841498155,0.789634146341466,0.15880687702825025,0.5996758508914235,True,False,True,False,34.293079242331274,True,False,0.4131280351676647,0.17952081751019255,False,False
2024-02-23,2024,439.65,0.34463869995891017,0.6139590085360839,0.9368029739776892,0.03866712157398755,0.5764875437512806,True,False,True,False,-31.388604571818135,True,False,0.21380643693846846,0.33663141134993024,False,False
2024-02-26,2024,437.6,0.19461934745277354,0.5014310246136229,0.8949771689497892,0.05255941499084926,0.44991277201360536,True,False,True,False,1.3711151736739424,True,False,0.1828153564899404,0.2845063985374763,False,False
2024-02-27,2024,437.67,0.23818793944530015,0.5977601172617579,0.8007662835249122,0.1188109763063494,0.4798200101014727,False,False,False,False,-4.569652934859336,False,False,0.07311444695774494,0.4249777229419438,False,False
2024-02-28,2024,435.44,-0.49814907910973316,0.7353411635665686,0.22684897451833877,0.5713760793679912,0.16792804398335637,False,True,False,True,-11.712291015983922,False,True,0.12401249311042584,0.2618041521219916,False,False
2024-02-29,2024,438.23,0.6777246829626993,1.137199044293326,0.9838383838383871,0.01825525409031581,1.123776998338566,True,False,True,False,-7.530292312256659,True,False,0.23731830317412772,0.2761107181160627,False,True
2024-03-01,2024,439.9,0.18447243161994198,0.7060056024960637,0.5161290322580592,0.3409865878608809,0.36504677161761645,True,False,True,False,45.4648783814493,True,False,0.5455785405774183,0.013639463514436567,False,False
2024-03-04,2024,445.61,-0.013462876119096912,0.3522785917831564,0.26114649681530366,0.26031731783398016,0.09209344115004292,False,True,False,True,-20.870267722896685,False,True,0.026929377706963464,0.2648055474518074,True,False
2024-03-05,2024,440.94,-0.6668168506420269,0.7607569272358662,0.18655611489487522,0.622987254501739,0.14308101110580562,False,True,False,True,-93.89032521431417,False,False,0.0022678822515498354,0.9910645439288768,False,False
2024-03-06,2024,440.32,0.9792454993693411,1.058823529411756,0.9956681828026896,0.004542151162789665,1.0550280797662737,True,False,True,False,-48.14680232558155,True,False,0.11582485465115866,0.7789789244186052,False,True
2024-03-07,2024,442.39,0.8043567424691256,1.4833887800209742,0.976958525345617,0.033906733877353545,1.4586152328968316,True,False,True,False,30.742105382128848,True,False,0.31194195167159045,0.345848685548944,False,True
2024-03-08,2024,445.81,0.06733855581244619,0.8821350811429485,0.6590330788804092,0.30057647876897686,0.5843599115563425,True,False,True,False,59.66443103564201,True,False,0.6258271460936271,0.1659899957380917,False,False
2024-03-11,2024,437.51,-0.33940774487472014,0.715261958997719,0.4108280254776972,0.4228474777719482,0.2957223419375543,False,True,False,True,-25.59941487051742,False,True,0.1417110466046534,0.47313204269616715,False,False
2024-03-12,2024,439.74,0.546473076483367,0.9900537327083535,0.6327944572748312,0.36157729567471986,0.6270022883295256,False,True,False,True,28.42588802474122,False,True,0.2979033064993031,0.7458953017692393,False,True
2024-03-13,2024,442.64,-0.2366517162884052,0.4913340395321073,0.15596330275228162,0.4156876920296426,0.07687090210264369,False,True,False,True,-46.08711368154661,False,False,0.006777516717870746,0.6732333273088642,False,False
2024-03-14,2024,441.5,0.2884855643640716,0.49519569316039497,0.4220183486238592,0.28539071347677414,0.20881565209496245,False,True,False,True,-32.72933182332905,False,True,0.12004530011324732,0.9309173272933235,False,False
2024-03-15,2024,436.07,-0.712659380692171,1.081511839708561,0.09894736842104641,0.981493796867472,0.10789715335168815,False,True,False,True,-21.785493154768965,False,True,0.16281789620931075,0.6352191161969389,False,True
2024-03-18,2024,438.73,1.1178205955563847,1.2390522725177546,0.9516369047619068,0.059261960659173774,1.1798512040662956,True,False,True,False,47.63977845144041,True,False,0.5265197273949918,0.0364688988671924,False,True
2024-03-19,2024,435.45,-0.4617459482936015,0.948636477929923,0.3614457831325272,0.6085658514180858,0.3456619426201124,False,True,False,True,-36.054656102881836,False,True,0.05511539786426933,0.4868526811344642,False,True
2024-03-20,2024,439.78,0.27361028774681717,0.5287518810707321,0.8796895213453855,0.06344081131475221,0.466030063508005,True,False,True,False,-10.914548183181827,True,False,0.08640683978353714,0.3911046432306997,False,False
2024-03-21,2024,448.88,1.1423807485185122,1.2599986480701166,0.97317596566524,0.03341650329709012,1.227229060206847,True,False,True,False,-14.926038139368991,True,False,0.09802174300481692,0.3341650329709456,False,True
2024-03-22,2024,445.35,-0.10094212651412526,0.6034096007178102,0.39033457249071085,0.36824969125406337,0.23632680621201718,False,False,False,False,-1.908611204671784,False,False,0.15493432132029916,0.19310654541372374,False,False
2024-03-25,2024,443.55,-0.5939040788883854,0.7180636485880788,0.012484394506872774,0.7133355878705894,0.009018962368378958,False,True,False,True,29.759891782210612,False,True,0.45316198850184897,0.227708262879045,False,False
2024-03-26,2024,446.29,0.34851823537347393,0.5299725682421125,0.5078489605430706,0.25992067937887775,0.2689325601615833,False,False,False,False,-7.618364740415995,False,False,0.2095050303614343,0.1120347755943496,False,False
2024-03-27,2024,446.43,0.7037964404141617,0.48277728903024814,0.9578544061302766,0.02020473534485312,0.4613168909491927,True,True,False,True,-81.98373765204047,False,False,0.024639921152247446,1.0079967744103246,True,False
2024-03-28,2024,444.79,-0.0325890298582876,0.49670176542640604,0.70135746606336,0.14838463094943855,0.3496976807147334,True,False,True,False,-7.270846916521689,True,False,0.19110141864699948,0.23156995436048877,True,False
2024-04-01,2024,444.97,0.22524044417415734,0.6441876703380889,0.18181818181819448,0.5258781490886877,0.11699853751829803,True,False,True,False,19.1001640560029,True,False,0.5753196844731079,0.09438838573386787,False,False
2024-04-02,2024,440.09,-1.1011483404121503,1.2810175509562016,0.07367904006735648,1.1998454861505747,0.09552619009711716,False,True,False,True,-26.812697402802677,False,True,0.022722624917626,0.46808607330318663,False,True
2024-04-03,2024,438.96,-0.4783821162173796,1.321785657605365,0.670668953687818,0.4373974849644746,0.8987472704286681,True,False,True,False,92.03799890650677,False,False,0.9727537816657694,0.002278111900855251,False,True
2024-04-04,2024,446.33,0.9659322263946057,1.0860516671944958,0.9500104144969778,0.05377187282953333,1.0324400308758586,True,False,True,False,-16.803710259225557,True,False,0.13891067147626668,0.29126431115991114,False,True
2024-04-05,2024,436.78,0.3538277731826023,0.8133443617314501,0.6497175141242876,0.28389578277394634,0.5293684404345411,True,False,True,False,36.17381748248549,True,False,0.6341865470030683,0.18773753376986058,False,False
2024-04-08,2024,441.42,0.20657873828062723,0.6424371750925028,0.6855123674911692,0.2016220379683631,0.44143078183307427,False,True,False,True,5.89008200806429,False,True,0.06343165239452997,0.5029223868424637,False,False
2024-04-09,2024,442.94,0.5265307975125921,0.7534837274749202,0.9819277108433728,0.013545852711427386,0.7414483260553162,True,False,True,False,-58.69869508285608,True,False,0.06772926355713693,0.647943288029984,False,False
2024-04-10,2024,437.0,-1.1893456337900732,2.2136299914077737,0.20837589376915386,1.7734553775743622,0.4690086444730568,False,False,False,False,20.59496567505592,False,False,0.38215102974827886,0.16475972540046513,False,True
2024-04-11,2024,440.25,0.45177630227941634,1.067834896296805,0.8931623931623933,0.11357183418512218,0.9585616988098344,False,False,False,False,-30.437251561612477,False,False,0.05224304372515309,0.5201590005678658,False,False
2024-04-12,2024,441.1,-0.9787635253445726,1.2122300543258604,0.09259259259259298,1.1108592155973707,0.11348161597821704,False,True,False,True,-11.56200408070851,False,True,0.25844479709815626,0.1949671276354592,False,True
2024-04-15,2024,442.06,0.8601610805631044,0.8720253713294857,0.9058084772370452,0.08143690901687428,0.7893332846935053,False,True,False,False,-57.68447722028669,False,False,0.020359227254207468,0.7849613174682246,False,False
2024-04-16,2024,430.89,-0.023202394487120692,0.6914313557159141,0.6073825503355675,0.2715310171969687,0.42183275845997237,True,False,True,False,-5.801944811900661,True,False,0.35275824456357796,0.25760634964840934,False,False
2024-04-17,2024,433.1,0.4685905168414273,1.0044539296650237,0.946882217090078,0.05310551835602251,0.9557109557109644,False,False,False,False,-59.108750865850546,False,False,0.004617871161394227,0.8242900023089472,False,False
2024-04-18,2024,426.48,0.1596993893846932,0.6129638327853351,0.07279693486590072,0.5674357531419982,0.04457059748059766,False,True,False,True,-11.489401613206107,False,True,0.0304820859125865,0.691708872631791,False,False
2024-04-19,2024,422.22,-0.26927437641722785,1.2889739229024928,0.7238409382444658,0.3569229311733091,0.9443660793267528,False,False,False,False,-67.29430154895688,False,False,0.12552697645775712,0.8763204016863368,False,True
2024-04-22,2024,417.31,0.6439320856646669,0.7211074667181191,0.7859531772575303,0.15336320720806818,0.5663196452670105,True,True,True,True,-55.354532601663564,True,True,0.24442261148784894,0.615849128944912,False,False
2024-04-23,2024,420.76,0.4560105049540297,0.6661095857705671,0.9211469534050087,0.05228633900562496,0.6145531935244808,True,False,True,False,79.3801692176066,True,False,0.8199448616788674,0.0808061602813881,False,False
2024-04-24,2024,428.2,0.7197629016324036,0.8608928823446453,0.855191256830594,0.12377393741243026,0.7363493071729454,True,False,True,False,-3.035964502569044,True,False,0.3573096683792798,0.11443250817375628,False,False
2024-04-25,2024,419.24,-1.6860915038810598,1.8969115681354498,0.06181233774261344,1.8101803263047334,0.11940583655729586,False,True,False,True,45.91642018891395,False,True,0.5462265051044746,0.26237954393665275,False,True
2024-04-26,2024,427.62,0.7634667043687315,0.775248597954668,0.12462006079028039,0.6734951592535454,0.09597153624680832,True,True,True,True,55.42303914690683,True,True,0.8138066507646924,0.16369674009634183,False,False
2024-04-29,2024,433.12,0.4802227119823588,0.33406797355295154,0.9027777777777871,0.03232360546729929,0.3010513639942536,True,True,True,True,-15.074344292574926,True,True,0.14776505356481895,0.5125600295530219,True,False
2024-04-30,2024,431.15,-0.36742616813791873,0.6941812635762857,0.35952063914779536,0.4462484054273519,0.25112191038667575,False,False,False,False,-6.262321697784179,False,False,0.3270323553287824,0.06494259538443181,False,False
2024-05-01,2024,423.15,-0.32506536640519723,0.9205474289213991,0.5501535312180064,0.4154555122297232,0.5106888361045003,False,False,False,False,-19.378470991373575,False,False,0.08743944227815881,0.43719721139074963,False,False
2024-05-02,2024,425.29,0.9111401115197593,0.5125163127298671,0.5972222222222248,0.2045662959392347,0.3042452830188669,False,True,False,True,-46.791601025183425,False,True,0.11051282654188643,1.0957229184791584,True,False
2024-05-03,2024,434.44,1.7590705736303391,1.3702480500316263,0.9675213675213681,0.043734462756650494,1.3200242548626395,True,False,True,False,-9.207255317189578,True,False,0.46957002117669067,0.4189301169321369,False,True
2024-05-06,2024,437.3,0.417929640856074,0.49370809222008677,0.9767441860465067,0.011433798307791676,0.4825367647058876,True,False,True,False,10.976446375485782,True,False,0.2332494854790701,0.1783672536016523,True,False
2024-05-07,2024,440.7,0.08516436722874055,0.3361153693294767,0.9729729729729595,0.009076469253455066,0.32782406775031525,True,False,True,False,-12.480145223507932,True,False,0.1341955979124121,0.16337644656228,True,False
2024-05-08,2024,437.66,-0.5973335755979026,0.7722183106588787,0.06764705882353521,0.724306539322761,0.05257984134605653,False,False,False,False,66.26148151533062,False,False,0.7013892062331495,0.025133665402365946,False,False
2024-05-09,2024,440.33,0.05680785311761305,0.5680785311761498,0.7720000000000027,0.1294483682692471,0.4402372262773735,False,False,False,False,-18.622396838734456,False,False,0.09765403220312052,0.42468148888333834,False,False
2024-05-10,2024,442.54,0.3423803369385414,0.4852277622837418,0.6728971962616854,0.15817779183802116,0.32645658580821024,True,False,True,False,-23.161748090568814,True,False,0.3999638450761456,0.2643828806435655,True,False
2024-05-13,2024,443.99,0.4365923177849229,0.3865991041940015,0.935634874195428,0.024775332777760006,0.3614449661046404,False,True,False,True,-14.639969368680505,False,True,0.022523029797971716,0.4301898691412065,True,False
2024-05-14,2024,442.65,-0.10155721056196443,0.7605506657639369,0.7685459940652735,0.17621145374449032,0.5885561059855382,True,False,True,False,48.90997402010599,True,False,0.5241161188297871,0.042923302835196075,False,False
2024-05-15,2024,448.43,0.5516066103101069,0.8431060385227812,0.7553191489361691,0.2051602256762486,0.6373572117866377,False,False,False,False,10.815511897064312,False,False,0.1739401913342098,0.3411903753094192,False,False
2024-05-16,2024,452.71,-0.028707711332920383,0.28486882784206796,0.0,0.2849506306465521,0.0,False,True,False,True,19.65938459499661,False,True,0.23193655982858274,0.03976055311347704,True,False
2024-05-17,2024,452.11,0.033188777767945155,0.35843879989379696,0.5,0.17915993895289972,0.17948149789497325,False,False,False,False,6.967330959279927,False,False,0.0818384906328129,0.16810068346199136,True,False
2024-05-20,2024,451.98,0.04648383026761849,0.2678354029705336,0.0991735537190137,0.2411611133235958,0.026556898154295183,True,True,True,False,57.967166688792645,False,False,0.6040090269480825,0.043143501924858274,True,False
2024-05-21,2024,453.02,-0.41765585157830243,0.41985404027080986,0.05235602094239139,0.39954085912321524,0.022078954340720713,False,True,False,True,24.391859079069267,False,True,0.2494371109443172,0.03973334510617432,True,False
2024-05-22,2024,456.06,0.057042562527431784,0.3181219833260177,0.8758620689655116,0.039468490988037175,0.27924976362716514,True,False,True,False,5.043196070693146,True,False,0.1293689426829836,0.09647853352628966,True,False
2024-05-23,2024,460.57,1.0731214887640395,0.5222963483146058,0.609243697478988,0.20192370323728337,0.31582157170237934,False,True,False,True,-47.11553075536834,False,True,0.00217122261545466,0.7599279154091643,False,False
2024-05-24,2024,455.28,0.36152014813508604,0.48496605237634366,0.8818181818181625,0.05710771393430125,0.4279348833105434,True,False,True,False,37.77894921806357,True,False,0.4019504480759162,0.15375153751536752,True,False
2024-05-28,2024,459.18,0.25545293770878885,0.4971507172332453,0.3895476504172181,0.3027135328193653,0.19354430462608097,False,True,False,True,-14.155668800907018,False,True,0.08275621760529539,0.45515919682913575,False,False
2024-05-29,2024,455.48,-0.913679081099894,0.6961364427427751,0.07187500000000593,0.6520593659436136,0.050521691378357936,False,False,False,False,46.10520769298354,False,False,0.5378940897514672,0.030736805128661615,False,False
2024-05-30,2024,455.51,-0.22342452850853123,0.6637022758635737,0.8283828382838329,0.11415775723913058,0.5540838852097218,False,False,False,False,-24.550503830870205,False,False,0.028539439309782644,0.42809158964676186,False,False
2024-05-31,2024,451.79,0.05315026021481817,0.9722068430959996,0.6378132118451071,0.35193342039443465,0.6236219069467142,False,True,False,True,-97.27970959959364,False,False,0.15272582394474377,0.9982513999867271,False,False
2024-06-03,2024,454.57,0.6309218099707747,0.4936686442929288,0.9820627802690493,0.008799524825664484,0.4841062823290221,True,False,True,False,-8.139560463734652,True,False,0.22218800184790055,0.35858063664562234,False,False
2024-06-04,2024,452.85,-0.06620324395893995,0.7745779543197723,0.840455840455842,0.12366125648670678,0.6557012669482276,True,False,False,False,-9.937065253395883,False,False,0.13470244010156396,0.3795738103124724,False,False
2024-06-05,2024,457.98,0.7989435457246508,0.7593265103994692,0.9797101449275382,0.015284510240620719,0.7435107787065576,True,False,True,False,22.92676536093108,True,False,0.23581815799815775,0.2642036770164724,False,False
2024-06-06,2024,464.22,0.13589594253544668,0.33195280312345227,0.6628110988368513,0.11177889793632101,0.2202072538860289,False,True,False,True,-11.201585455172802,False,True,0.0689328335702788,0.3748222825384562,True,False
2024-06-07,2024,463.0,-0.08847456895622052,1.0811160743186359,0.4910179640718531,0.5507559395248496,0.5341555565206102,False,False,False,False,-1.2958963282938551,False,False,0.12526997840172083,0.25053995680346386,False,True
2024-06-10,2024,461.82,-0.24839622437740072,0.3499146812968452,0.16666666666665497,0.29232168377291146,0.05849853753656653,False,True,False,False,24.251873024121462,False,False,0.2511801134641223,0.06279502836603612,True,False
2024-06-11,2024,463.56,-0.26892708848776925,0.4216776747488177,0.3520408163265331,0.27396669255328465,0.149069933242596,False,True,False,True,15.531969971525061,False,True,0.17904909828285742,0.3300543618949048,True,False
2024-06-12,2024,471.99,0.841790407007803,1.1537228928533227,0.7203703703703709,0.31992203224644467,0.8310190130313977,True,False,True,False,71.39981779274996,False,False,0.7182355558380538,0.1483082268692093,False,True
2024-06-13,2024,477.72,0.7550512506854679,1.087231619352928,0.7613967022308501,0.25747299673448687,0.8284173534967687,False,False,False,False,-31.81780122247457,False,False,0.1402495185464092,0.5170392698651938,False,True
2024-06-14,2024,476.52,-0.03985651654044853,0.7740555054435607,0.49322493224932096,0.39242843951985407,0.38340004213186507,False,False,False,False,24.553009317551666,False,False,0.3672458658608324,0.09863174683119036,False,False
2024-06-17,2024,479.46,0.06035426198758298,0.35269260981679135,0.24260355029583947,0.2669670045467809,0.08558605573529832,False,True,False,True,-4.79706336294905,False,True,0.13139782255036092,0.2753097234388657,True,False
2024-06-18,2024,485.0,-0.010308215647869545,0.4514998453767648,0.1415525114155263,0.3876288659793836,0.06395840640409656,False,True,False,True,-5.3608247422676225,False,True,0.14020618556700448,0.12783505154638775,True,False
2024-06-20,2024,486.42,0.24524452321579293,0.7206891577190228,0.24220760651988374,0.544796677768189,0.17443309244955518,False,True,False,True,-37.62180831380357,False,True,0.08607787508736475,0.6270301385633892,False,False
2024-06-21,2024,481.19,-0.03946985749303522,0.6398271635713956,0.5487012987013008,0.288867183441055,0.3524504692387964,False,True,False,True,-26.392900933103203,False,True,0.054032710571716436,0.5237016563103936,False,False
2024-06-24,2024,478.18,-0.3916177144523636,0.6582510519518328,0.1993670886075955,0.5290894642184796,0.1319233588106039,False,True,False,True,-14.847965201387758,False,True,0.365970973273666,0.2844117278012481,False,False
2024-06-25,2024,476.07,0.4557827435589079,0.5971597982739425,0.8339222614840917,0.09872497741929553,0.4981950982668737,True,False,True,False,24.996324069990195,False,False,0.34238662381582685,0.19955048627302574,False,False
2024-06-26,2024,478.55,-0.16897530040053121,0.8469626168224303,0.16256157635468588,0.7104795737122416,0.1381070957751751,False,False,False,False,15.465468603070853,False,False,0.4764392435482101,0.04597220771079824,False,False
2024-06-27,2024,480.13,-0.054122691979430204,0.3580424238639496,0.7965116279069667,0.07289692374983225,0.2861559027487637,True,False,True,False,43.9464311748905,True,False,0.618582467248463,0.0020827692499891803,True,False
2024-06-28,2024,482.41,0.17442947027432876,0.8432834271237782,0.28589017483378665,0.6011484007379497,0.24124725453975593,True,False,True,False,70.06488256876997,True,False,0.9929313239775306,0.15339648846417475,False,False
2024-07-01,2024,480.04,0.2213036034907523,0.5720489373251512,0.5985401459854153,0.22914757103573713,0.3428093645485131,False,True,False,True,-17.29022581451578,False,True,0.07499375052077983,0.7884759603366431,False,False
2024-07-02,2024,480.41,-0.3174669045939327,0.7347387641615132,0.4716181869528431,0.38945900376761156,0.3488323515896008,True,False,True,False,38.09246268811961,True,False,0.5765908286671673,0.027060219395946827,False,False
2024-07-05,2024,491.9,0.2915570779048471,0.607029991640674,0.5868740133678123,0.25005082333808826,0.35648074569414323,True,False,True,False,36.389510063021824,True,False,0.4959747916243096,0.06302093921528584,False,False
2024-07-08,2024,496.53,0.06045583701106416,0.28011204481793583,0.8129496402877412,0.05236340200995837,0.2280985062575791,True,False,True,False,-3.8265563007267023,True,False,0.10271282701952433,0.16917406803214075,True,False
2024-07-09,2024,498.87,0.29352043585773036,0.199030980478871,0.46464646464646636,0.10624010263193817,0.09229349330872605,True,True,True,True,-9.82219816785923,True,True,0.22651191693225936,0.14833523763706502,True,False
2024-07-10,2024,499.71,0.3897382325170229,0.29933503425275776,0.8322147651006657,0.05002901682975569,0.248761209300441,True,False,True,False,6.603830221529883,True,False,0.17890376418323584,0.17610213924076357,True,False
2024-07-11,2024,503.07,0.021870526483214192,0.5536424367742873,0.2314874667815769,0.42538811696184453,0.12829765374122726,False,True,False,True,-96.73206512016196,False,True,0.041743693720541764,1.1369988272009857,False,False
2024-07-12,2024,492.51,0.12197353174361325,0.6261307962838698,0.8149350649350662,0.11573369068649253,0.5122448979591798,True,False,True,False,51.1664737771822,True,False,0.6964325597449861,0.09542953442569502,False,False
2024-07-15,2024,496.61,0.3576913749899102,0.5031929512569738,0.5863453815261169,0.20740621413180005,0.29486014339090705,True,False,True,False,34.23209359457058,True,False,0.3644711141539636,0.13894202694266777,False,False
2024-07-16,2024,497.62,0.2881960539309558,0.5360849674519776,0.9699248120300809,0.016076524255459468,0.5211700064641223,True,True,True,True,-62.09557493669915,True,True,0.1647843736184207,0.7998070817089364,False,False
2024-07-17,2024,488.26,-1.6358435069906085,1.7289173616986973,0.015147984152877597,1.7310449350755652,0.026632249605640368,False,True,False,True,-63.69557203129483,False,True,0.11026911891205415,0.7987547618072299,False,True
2024-07-18,2024,485.52,0.7721046077210358,0.811332503113335,0.8669736505500045,0.10710166419509726,0.7029209903532507,False,False,False,False,-47.001153402537184,False,False,0.03913330037896845,0.6096556269566622,False,False
2024-07-19,2024,479.17,-0.07507350947801861,1.034346130586195,0.4778225806451642,0.5405179790053616,0.4970637583892712,False,False,False,False,-34.43454306404914,False,False,0.5259093849781848,0.356867082663781,False,True
2024-07-22,2024,481.17,1.2477905900176722,1.06051679151587,0.9841269841269874,0.01662614044932731,1.0415572961508746,True,False,True,False,3.4291414676723697,True,False,0.35122721699192283,0.3595402872165754,False,True
2024-07-23,2024,481.42,-0.18866750979619207,0.688325420355357,0.5783132530120542,0.29080636450500297,0.40041710114702145,True,False,True,False,30.32694944123504,True,False,0.44659548834697915,0.11424535748411069,False,False
2024-07-24,2024,473.82,-1.414839166077153,0.9196454579501511,0.16742081447963947,0.7766662445654493,0.15642174685042143,False,True,False,True,-76.40032079692772,False,False,0.07808872567642844,0.8631969946393148,False,True
2024-07-25,2024,463.72,0.08417326743359599,1.0964107655450848,0.7283464566929164,0.29759337531267693,0.8043128559627855,False,True,False,True,-72.45751746743801,False,True,0.049598895885449856,1.7445872509272875,False,True
2024-07-26,2024,462.66,0.9623567921440257,1.4911074740862034,0.6941314210449339,0.4517356157869745,1.0357772260038534,False,False,False,False,-13.184628020577183,False,False,0.15346042450179453,0.605196040288769,False,True
2024-07-29,2024,465.71,0.5853131749459894,0.6889848812095027,0.41692789968651567,0.39939017843722,0.28640337654506354,True,True,True,False,4.401880998905483,True,False,0.4723969852483467,0.3242361126022608,False,False
2024-07-30,2024,465.85,0.4333390824422301,0.7437909624008254,0.9797101449275382,0.015026296018039176,0.7308582178303435,True,False,True,False,-63.75228077707406,True,False,0.15262423526885005,0.6675968659439757,False,False
2024-07-31,2024,467.9,2.300056845511378,2.385981022344661,0.9816732337578993,0.04274417610601322,2.3432424806479446,True,False,True,False,35.69138704851538,True,False,0.5107929044667836,0.3184441119897352,False,True
2024-08-01,2024,471.76,0.15285326086955653,1.0387652853260931,0.21316165951359087,0.8160929286077812,0.22157687102866142,False,True,False,True,-40.06274376801788,False,True,0.8033745972528372,0.4069866033576397,False,True
2024-08-02,2024,450.89,-1.912199791159075,1.4510093978419805,0.508245877061466,0.7274501541395972,0.7575418994413274,False,True,False,True,-87.38273193018232,False,True,0.594380003992101,1.423850606578092,False,True
2024-08-05,2024,424.71,-5.348666176372263,3.6036638363308184,0.29128014842300404,2.6983117892208863,1.1214285714285621,True,False,True,False,169.5274422547155,True,False,3.1456758729486056,0.29667302394574824,False,True
2024-08-06,2024,437.3,0.3557085484796385,2.342168674698799,0.22104644326866793,1.8179739309398535,0.5185682367760514,False,True,False,True,46.19254516350368,False,True,0.8300937571461331,0.6265721472673236,False,True
2024-08-07,2024,446.51,1.5718835304822543,1.2829845313921717,0.9769503546099298,0.029114689480636002,1.24943310657597,True,False,True,False,-11.869834942106472,True,False,0.5576582831291699,0.26875097982127505,False,True
2024-08-08,2024,441.07,1.4350435802497508,1.957086677552145,0.9330199764982381,0.12923118779331055,1.8331678710779675,True,False,True,False,83.43346861042545,False,False,0.8751445348810893,0.888747817806701,False,True
2024-08-09,2024,446.73,-0.3279785809906177,1.4413208389112084,0.25386996904025294,1.0789514919526288,0.36846480487093825,False,False,False,False,23.28028115416325,False,False,0.6245383117319037,0.25071072012177176,False,True
2024-08-12,2024,451.39,0.1908862894812735,0.685858877322272,0.6245954692556592,0.2569839828086673,0.4294041738975629,True,True,True,True,29.243004940295858,True,True,0.45858348656371284,0.6281486076341936,False,False
2024-08-13,2024,455.81,0.9590679542836877,1.1867635332683626,0.8898842851810425,0.12943989820319857,1.0571077638002802,True,False,True,False,43.4391522783617,True,False,0.5265351791316597,0.028520655536301565,False,True
2024-08-14,2024,463.56,0.2075226977950706,0.8538694336359681,0.8354430379746888,0.14021917335402811,0.7169860513622783,True,True,False,True,-68.275951333161,False,True,0.18767797048926393,0.9017171455690809,False,False
2024-08-15,2024,468.76,1.2856247704241541,1.3504461874203237,0.9376000000000022,0.08319822510451935,1.265932166774686,True,False,True,False,62.931990784196316,True,False,0.6975851181841408,0.08106493728133879,False,True
2024-08-16,2024,472.66,-0.38567725347214976,1.1380640266391235,0.24259259259259403,0.8653154487369363,0.277925108730237,False,False,False,False,33.42783396098614,False,False,0.45275673845892594,0.21368425506708144,False,True
2024-08-19,2024,475.17,0.03157761778451729,0.6020799124247429,0.6713286713286737,0.1978239366963397,0.4057052297939734,False,False,False,False,3.156764947280788,False,False,0.10522549824274474,0.37881179367385,False,False
2024-08-20,2024,480.35,-0.1890869800107997,0.5589494244275439,0.05576208178439934,0.5287810971166707,0.031236984589755323,True,True,True,True,3.122723014468143,True,True,0.5391901738315719,0.0791089830332048,False,False
2024-08-21,2024,481.05,0.17700957934194683,0.35401915868387934,0.7235294117647214,0.09770294148216951,0.2563461297986791,True,False,True,False,16.424488098949475,True,False,0.3429996881820996,0.1455150192287702,True,False
2024-08-22,2024,484.87,0.48494394130935703,0.5450438314716174,0.9581749049429605,0.022686493286872,0.522442210013474,True,True,True,True,-39.7632355064248,True,True,0.13818136820178406,0.5650999236908927,False,False
2024-08-23,2024,479.23,0.9266474317124018,0.9569740749320774,0.8855633802816937,0.10850739728314185,0.8467906550001514,True,False,True,False,61.711495524070514,True,False,0.732424931661213,0.2524883667550104,False,False
2024-08-26,2024,479.44,-0.1208282988208742,0.49581267447189614,0.1596638655462169,0.41715334556982064,0.07932200559428448,False,True,False,True,-72.79325880193532,False,False,0.19606207241782414,0.7821625229434304,True,False
2024-08-27,2024,473.69,-0.3450234573874944,0.8520396356215706,0.25925925925926135,0.6333255926872061,0.22215639810427845,False,True,False,True,54.67710950199489,False,True,0.56999303341847,0.4179948911735565,False,False
2024-08-28,2024,476.29,-0.11324790805946616,0.46976910009856954,0.3169642857143007,0.3212328623317662,0.14929139156398818,False,True,False,True,-23.515085347162177,False,True,0.15326796699488554,0.5668815217619638,True,False
2024-08-29,2024,473.28,0.424376167034457,1.2115939568833893,0.9422066549912367,0.06972616632860973,1.1498183372515403,True,False,True,False,51.06068289384646,False,False,0.9486984448952018,0.10564570655848815,False,True
2024-08-30,2024,475.04,0.9263193677232939,0.6947395257924787,0.8837920489296663,0.07999326372516435,0.6120936143174882,True,False,True,False,-5.157460424385363,True,False,0.35575951498820757,0.2252441899629476,False,False
2024-09-03,2024,473.19,-0.6717185499275802,0.9571989336468025,0.16447368421052624,0.8051733975781294,0.1587503175006333,False,True,False,True,-81.99666096071367,False,False,0.02958642405799239,0.9932585219467827,False,False
2024-09-04,2024,458.67,-0.686384895201797,0.9540100467694453,0.20880617339991256,0.7600235463405047,0.20098306936100485,False,True,False,False,60.61002463644716,False,False,0.6540650140623994,0.20494037107288143,False,False
2024-09-05,2024,458.97,-0.35821284355868066,0.8922756285007194,0.3430656934306619,0.5882737433819285,0.3081563073695337,True,False,True,False,115.89864261280613,True,False,1.3922478593372034,0.0,False,False
2024-09-06,2024,460.32,-0.1778201847595029,1.4214772086568084,0.8375286041189937,0.23136079249217456,1.2070443902117312,False,True,False,True,-151.63364615919383,False,False,0.19551616266946237,1.5228536670142456,False,True
2024-09-09,2024,453.04,0.9289994876022112,0.568093211843075,0.866666666666677,0.07504856083346834,0.49020695162256267,True,False,True,False,-3.752428041674527,True,False,0.48560833480486565,0.12692036023310704,False,False
2024-09-10,2024,456.24,0.38062968911576345,1.0274801434511927,0.8950749464668079,0.10739961423811284,0.924656019112513,True,False,True,False,13.150973172013636,True,False,0.34630896019638424,0.37041907767841886,False,False
2024-09-11,2024,459.86,0.25944578891141656,1.1620555083175232,0.8761726078799306,0.14352194146043384,1.025945209692658,False,True,False,True,-129.82211977558444,False,False,0.017396598964891652,1.3547601443917756,False,False
2024-09-12,2024,468.64,0.04055929127975144,0.471768598569747,0.11764705882352638,0.4160976442471709,0.0555104829411901,True,True,True,True,40.32733014680767,True,True,0.46944349607374036,0.3821483441447504,True,False
2024-09-13,2024,472.5,-0.1563688614656389,0.3845828754965753,0.038461538461534855,0.37037037037037646,0.014817009927403646,True,True,True,False,26.45502645502562,True,False,0.6095238095238154,0.05291005291004902,True,False
2024-09-16,2024,473.19,-0.45230782176967077,0.6193461522278826,0.13043478260869984,0.5410088970603688,0.08121724343599368,False,True,False,True,-23.924850482892612,False,True,0.14157103911747182,0.5621209239417557,False,False
2024-09-17,2024,476.3,0.6508600650860119,0.8178014454165092,0.8785529715762351,0.09867730422001841,0.7189680693592715,True,False,False,False,1.469661977744341,False,False,0.15746378332983646,0.43460004199034064,False,False
2024-09-18,2024,474.7,0.25131465016579035,0.3864754704230078,0.9234972677595696,0.029492310933210142,0.3572863152998984,False,True,False,True,-14.982093954075681,False,True,0.027364651358752212,0.4128923530650863,True,False
2024-09-19,2024,482.61,2.393227674877485,2.318333227250551,0.9899331930081438,0.02279273119081271,2.2927427918599808,True,False,True,False,39.16205631876668,True,False,0.4206294937941557,0.4392780920411954,False,True
2024-09-20,2024,482.51,-0.1861773649696974,0.4592375002585853,0.5855855855855835,0.19066962342748628,0.2701523243490378,True,True,False,True,-17.305340821951454,False,True,0.23211954156390213,0.3129468819299097,True,False
2024-09-23,2024,482.95,0.1098627751751513,0.9680361510716835,0.5995717344753752,0.38720364426958476,0.5831510986150201,False,False,False,False,12.32011595403204,False,False,0.2153432032301561,0.22362563412361425,False,False
2024-09-24,2024,484.48,0.30226491656661914,0.6542172166784036,0.677215189873426,0.21053500660501712,0.4436704399386482,False,True,False,True,-72.44881109643275,False,True,0.08462681638043978,0.8359478203434634,False,False
2024-09-25,2024,484.74,-0.1256824971670012,0.42649634284536786,0.8405797101449347,0.06807773239261294,0.3602484472049694,True,False,True,False,40.434047118043104,True,False,0.6292032842348583,0.012377769525928617,True,False
2024-09-26,2024,493.37,1.5310847241372105,0.8663799312658159,0.8004750593824278,0.17025761598798983,0.6877551020408212,False,True,False,True,-76.61592719460097,False,True,0.06688692056671108,0.8006161704197656,False,False
2024-09-27,2024,490.5,0.2165740438051733,0.7477933965348088,0.8743169398907149,0.09378185524973048,0.6566796634516647,False,False,False,False,-32.415902140672245,False,False,0.028542303771650346,0.4627930682976511,False,False
2024-09-30,2024,485.78,-0.20543161181643121,0.6039689387402929,0.47619047619046884,0.31701593313846477,0.28902927453651195,True,False,True,False,2.881963028531498,True,False,0.4137675490963,0.24496685742516622,False,False
2024-10-01,2024,487.7,-0.07171396373323313,0.48355701260117073,0.2966101694915189,0.34037318023376617,0.14373716632443134,False,True,False,True,-167.52101701865917,False,False,0.06151322534344583,1.7961861800287027,True,False
2024-10-02,2024,480.36,-0.16833967204937794,0.6588108153043656,0.4858044164037895,0.33932883670579894,0.32162399231443484,True,True,False,True,31.642934465816452,False,True,0.35390124073610973,0.5495878091431372,False,False
2024-10-03,2024,479.74,-0.456488359546825,0.6660580155206,0.389408099688476,0.40855463375994994,0.26123847938306355,True,False,True,False,26.264226455996464,True,False,1.0015841914370327,0.07712510943427286,False,False
2024-10-04,2024,487.45,1.208396486929808,1.4785208562589618,0.873613256565085,0.18463432146886838,1.292731734787389,False,False,False,False,-92.1120114883578,False,False,0.055390296440660514,1.0390809313775784,False,True
2024-10-07,2024,485.42,-0.42462409485322095,0.8461712035118668,0.4509090909090942,0.46660623789707145,0.3846471999338297,False,False,False,False,19.570681059699613,False,False,0.20600716904948246,0.24102838778790048,False,False
2024-10-08,2024,484.66,0.5393519478902986,0.7654648798904696,1.0,0.0,0.7671996174397622,True,False,True,False,38.635331985308326,True,False,0.4745594849997925,0.16815912185862425,False,False
2024-10-09,2024,488.98,-0.0715263727954496,0.48842294566039,0.8284518828452007,0.08384801014356125,0.4065708418891312,True,False,True,False,29.44905722115365,True,False,0.3517526279193328,0.21064256206798637,True,False
2024-10-10,2024,490.85,-0.4704260194253518,0.721860616014762,0.23595505617978407,0.554140776204548,0.17142507295770937,False,True,False,True,22.552714678618635,False,True,0.29133136396046755,0.2689212590404555,False,False
2024-10-11,2024,490.74,-0.37758830694275547,0.5501421031262762,-0.007380073800731196,0.5563027264946951,-0.004075311761342348,True,True,True,True,56.64914211191308,True,True,0.6846802787626949,0.1161511187186659,True,False
2024-10-14,2024,495.76,0.49053391170390537,0.7743138606235037,0.9005235602094251,0.07664999193157662,0.6987325316867077,True,False,True,False,44.57802162336711,True,False,0.6192512506051351,0.04437631111827711,False,False
2024-10-15,2024,497.83,0.06633165829146304,0.41206030150753997,0.8048780487804722,0.08034871341622285,0.33254061026239956,True,True,True,True,-56.84671474197933,True,True,0.13458409497217882,0.5925717614446713,True,False
2024-10-16,2024,491.18,0.08150291372917007,0.3357920045641566,0.42354368932038394,0.1934117838674254,0.14230899400997643,False,True,False,True,-11.808298383484406,False,True,0.010179567571966253,0.734964778696201,True,False
2024-10-17,2024,496.42,1.1182857026460047,1.4727150510256082,0.9294605809128645,0.10273558680149453,1.372268735960791,False,False,False,False,-61.441924177109144,False,False,0.014100962894314506,0.9830184118286955,False,True
2024-10-18,2024,494.06,0.5515416709066745,0.8482751602727193,0.7624760076775413,0.20038052058455325,0.6474060975957485,True,False,True,False,16.79957899850093,True,False,0.2793183014208722,0.1538274703477338,False,False
2024-10-21,2024,493.22,-0.2608642899031288,0.6430608076681982,0.6069182389937116,0.253436600300061,0.3928433308229451,True,False,True,False,39.130611086328756,True,False,0.6102753335225586,0.020274928024011096,False,False
2024-10-22,2024,492.72,-0.5570356018406386,0.5772180511826943,0.3426573426573474,0.3815554473128646,0.19929230894375483,True,False,True,False,41.201899659033536,True,False,0.5642149699626398,0.15221626887481632,False,False
2024-10-23,2024,493.58,-0.49392173860451916,0.5503699373021831,0.09523809523809128,0.5004254629441984,0.052704127138558654,False,True,False,True,-7.901454678066466,False,True,0.13574293934113246,0.43154098626362325,False,False
2024-10-24,2024,492.11,0.7658128058644076,0.5344308618465535,0.5019157088122588,0.2641685801954896,0.2669111654441725,False,True,False,True,-28.0425108207516,False,True,0.023978378817735013,0.36983601227367213,True,False
2024-10-25,2024,495.14,0.5707553876465044,0.7068429711778722,0.8505747126436678,0.1050208021973642,0.6014059896785717,True,False,True,False,97.14424203255633,False,False,1.0380902371046608,0.00403926162296786,False,False
2024-10-28,2024,498.46,0.6420610563721452,0.8074220642868729,0.6924231057764414,0.2467600208642562,0.5586141366294761,False,False,False,False,-13.040163704208796,False,False,0.012037074188508967,0.46342735625727327,False,False
2024-10-29,2024,495.72,0.06459426725879958,0.43399273314492887,0.567441860465135,0.18760590656015097,0.24671385237613475,True,True,True,True,15.936415718549313,True,True,0.4437787460663145,0.37722908093278384,True,False
2024-10-30,2024,499.39,-0.1499580117567123,0.5958331667133125,0.15771812080536127,0.5026131880894624,0.09420347951574204,False,True,False,True,14.317467310118737,False,True,0.19223452612187053,0.5586815915416765,False,False
2024-10-31,2024,492.37,-0.8118452860596204,1.1442385173247396,0.33274647887323666,0.7697463289802364,0.38533681291794686,False,True,False,True,-109.67361943253984,False,True,0.012185957714727635,1.2003168349005833,False,True
2024-11-01,2024,485.52,0.3347799132052076,0.43397396156231105,0.1285714285714185,0.37691547207119314,0.05564142194744992,True,True,True,False,99.47478991596537,True,False,0.9948096885813218,0.06590871642774276,True,False
2024-11-04,2024,486.82,-0.11899876897825123,0.7775954041854781,0.19788918205804643,0.6244607863276075,0.15429876355257388,False,True,False,True,31.225093463702613,False,True,0.41288361201266,0.5269914958300759,False,False
2024-11-05,2024,487.61,0.33953411803442357,0.5029220511976212,0.803600654664497,0.09843932651092402,0.4044097964360782,True,False,True,False,55.78228502286508,False,False,0.8203277209245075,0.018457373720803805,False,False
2024-11-06,2024,500.56,1.6881665820213332,1.3143727780599346,0.8392581143740315,0.20776730062330717,1.0966816795588974,True,False,True,False,52.54115390762371,True,False,0.5793511267380591,0.1917852005753562,False,True
2024-11-07,2024,508.4,0.5498200229421268,0.6920216763577325,0.9142612174907075,0.059008654602688004,0.6332133150963593,True,False,True,False,49.37057435090652,False,False,0.5802321007081002,0.01180173092053538,False,False
2024-11-08,2024,513.035,-0.11000778816200318,0.6444704049844352,0.4607250755286858,0.3479294784956455,0.29813688881936695,False,False,False,False,3.021236367890534,False,False,0.2185036108647509,0.12182404709230044,False,False
2024-11-11,2024,515.36,0.23339038431617887,0.41913023183444315,0.38747099767983617,0.2561316361378241,0.1622856032262865,False,True,False,True,-43.65880161440572,False,True,0.042688606022989184,0.6054020490530942,True,False
2024-11-12,2024,513.75,-0.015569351731126169,0.47097288986629016,0.8223140495867945,0.08369829683696484,0.388854150382989,True,False,True,False,0.0,True,False,0.17712895377128834,0.165450121654509,True,False
2024-11-13,2024,512.4,-0.09943264900275084,0.6433877288413306,0.37878787878787096,0.400078064012499,0.2445466105839733,False,True,False,True,-27.71272443403472,False,True,0.12490241998437401,0.47814207650273,False,False
2024-11-14,2024,511.91,-0.07027544068556324,0.4216526441134607,0.4490740740740815,0.23246273759058855,0.18984616589032832,False,True,False,True,-18.362602801273997,False,True,0.17190521771404121,0.45906507003184993,True,False
2024-11-15,2024,502.94,-1.1264670611594974,0.8099553738179968,0.029126213592234083,0.7953234978327339,0.02386539914880359,False,True,False,True,-80.52650415556583,False,True,0.07754404103867962,0.8430429077027068,False,False
2024-11-18,2024,498.13,0.33638158159772225,0.8169036780405209,0.44028010651938093,0.4557043342099387,0.3597502057039348,True,False,True,False,45.77118422901761,False,False,0.46172685845060624,0.28105113123080283,False,False
2024-11-19,2024,497.42,-0.5179896402071948,1.4179716405671836,0.46685472496474106,0.7599211933577266,0.6698913197466183,False,False,False,False,40.2074705480282,False,False,0.4060954525350713,0.06835269993165083,False,True
2024-11-20,2024,503.11,-0.0556228768946454,0.536363455769878,0.20740740740740912,0.42535429627714727,0.11143169833847111,False,True,False,True,-110.11508417642312,False,False,0.019876368984905746,1.3028959869611056,False,False
2024-11-21,2024,506.24,0.6061328722748893,1.3911246248931814,0.9557142857142854,0.06123577749683751,1.339205284756284,True,True,True,True,-164.54646017699082,True,True,0.14222503160554734,1.6731194690265516,False,True
2024-11-22,2024,504.4,-0.11485603390234411,0.6099251455503157,0.7467532467532358,0.1546391752577314,0.4580760804620443,True,False,True,False,-22.997620935765184,True,False,0.3885804916732738,0.32117367168913447,False,False
2024-11-25,2024,509.9,0.8165767048263106,1.0299147833995697,0.8617776924553605,0.14120415767797656,0.88818802914854,True,False,True,False,-38.242792704451524,True,False,0.30447146499312794,0.6785644243969324,False,True
2024-11-26,2024,508.08,0.2980831869238143,0.6632844424265071,0.7023809523809486,0.1968193985199207,0.46666139365656445,True,False,True,False,8.266414737836403,True,False,0.4054479609510331,0.08856872933395987,False,False
2024-11-27,2024,508.17,-0.22187315923817286,0.37895150206165457,0.4093264248704755,0.22433437629139075,0.15570184082935867,False,True,False,True,-75.56526359289273,False,False,0.013774917842446222,0.8068166164866164,True,False
2024-12-02,2024,511.01,0.22751789742081474,0.48445621261155775,0.9635627530364248,0.017612179800785555,0.4679236380079832,True,False,True,False,66.33921058296188,False,False,0.7299270072992803,0.07631944580340777,False,False
2024-12-03,2024,513.95,-0.2619833106927816,0.4288763826897024,0.12669683257922254,0.3755229107889724,0.05450970467422156,False,True,False,True,9.144858449263715,False,True,0.35801147971590286,0.11285144469307395,True,False
2024-12-04,2024,520.32,0.6596893076164179,0.7763440444177969,0.7632693745327875,0.18257995079948852,0.592162116704098,True,False,True,False,18.257995079948852,True,False,0.2133302583025687,0.13837638376383854,False,False
2024-12-05,2024,523.31,0.011466794075487563,0.21213569039654087,1.0,0.0,0.21256223669090524,True,False,True,False,-8.7902008369789,True,False,0.06497104966463052,0.18153675641587874,True,False
2024-12-06,2024,522.46,0.1264852433882968,0.4062859333077816,0.5566037735849345,0.17991807985298092,0.22636586863107322,True,False,True,False,65.26815449986456,True,False,0.7139302530337233,0.021054243387053084,True,False
2024-12-09,2024,525.55,-0.18233271922660776,0.5128107728248362,0.22962962962962744,0.3957758538673861,0.11811098622673821,False,True,False,True,-28.35125107030767,False,False,0.15222148225668697,0.32156788126723734,False,False
2024-12-10,2024,523.62,0.2412129565816601,0.4479669193659606,0.9658119658119488,0.015278255223272197,0.433481663342028,True,False,True,False,12.986516939763604,True,False,0.33612161491156645,0.15660211603836238,False,False
2024-12-11,2024,524.98,0.8510229564883343,0.8356545961002829,1.0,0.0,0.8355261894243515,True,False,True,False,46.096994171205274,False,False,0.6743114023391339,0.07428854432549592,False,True
2024-12-12,2024,527.68,-0.4264633732120826,0.5189266709438805,0.3927272727272463,0.3164796846573781,0.20508925180400261,False,True,False,True,7.0004548211044515,False,True,0.11749545178896259,0.31458459672528694,False,False
2024-12-13,2024,530.46,0.7521367521367672,0.6153846153846171,0.6574074074074041,0.20925234701956175,0.40315711771052865,True,False,True,False,3.204765675073329,True,False,0.510142140783465,0.03204765675075549,False,False
2024-12-16,2024,533.08,0.4863336475023683,0.6158341187558791,0.9020508111417379,0.06002851354391936,0.5558982368575327,True,False,True,False,43.14549410970203,True,False,0.4352067231935042,0.015007128385990942,False,False
2024-12-17,2024,536.36,-0.34188034188035177,0.44091415830545033,0.06742520016855147,0.41259601760010867,0.029839612085047484,False,True,False,True,-39.89857558356347,False,True,0.1361026176448732,0.4157655306137653,True,False
2024-12-18,2024,535.15,-0.1306335728282204,0.5169357096202261,0.09386281588447387,0.46902737550218454,0.048608125035043415,False,True,False,True,14.388489208632116,False,True,0.1588339717836229,0.3157993086050581,False,False
2024-12-19,2024,521.19,0.9021741234778391,1.1306216483069778,0.9743150684931547,0.02878029125654713,1.1037827352085472,True,False,True,False,-82.21569868953948,True,False,0.10934591991402787,0.8346284464398779,False,True
2024-12-20,2024,510.44,-0.7254410020032243,1.3789213684190007,0.7094499294781369,0.4035733876655456,0.995231594151269,True,False,True,False,118.13337512734279,True,False,1.1989655983073222,0.22529582321134667,False,True
2024-12-23,2024,519.55,0.1407039050152159,0.8943371496858229,0.39224137931033226,0.5427774035222876,0.35153458366328216,False,True,False,True,-35.03031469540785,False,True,0.24636704840730328,0.6582619574631798,False,True
2024-12-26,2024,528.34,-0.2906318411715847,0.8964293802370349,0.3305263157894842,0.6018851497141986,0.2980427890730386,False,True,False,True,17.413029488586584,False,True,0.22712647159024435,0.38422228110688295,False,True
2024-12-27,2024,526.01,-0.6684921159474944,0.5098668680955615,0.003703703703700273,0.5113971217277413,0.0019011406844127166,False,True,False,True,-126.42345202562689,False,False,0.08364859983651662,1.4942681698066562,False,False
2024-12-30,2024,515.51,-1.3510151750004917,1.496450236331984,0.144501278772377,1.2977439816880487,0.21968194719856893,False,True,False,True,-59.55267599076497,False,True,0.038796531590090666,0.7138561812573996,False,True
2025-01-03,2025,513.35,0.6233216378854101,0.4292686751474883,0.9086757990867866,0.03895977403329809,0.3891583229036266,True,False,True,False,18.11629492548761,True,False,0.6584201811629553,0.15973507353658212,True,False
2025-01-06,2025,524.02,1.0529157667386713,1.239586547361925,0.9066583696328526,0.11449944658601385,1.1246796554172933,True,False,True,False,65.64634937597846,False,False,0.6984466241746423,0.049616426853937856,False,True
2025-01-07,2025,525.61,0.20780904445969473,0.6062685884237138,0.9716981132075377,0.017122961891913313,0.5913649238306729,True,True,False,True,-98.93266870873884,False,False,0.07229695021022664,1.2195353969673306,False,False
2025-01-08,2025,515.08,-0.013588275259623916,1.0598854702513791,0.5787545787545855,0.44653257746367636,0.6172839506172867,False,False,False,False,-30.86899122466513,False,False,0.23491496466567785,0.5785509047138371,False,True
2025-01-10,2025,511.48,-0.7413157384048019,1.5078594993207806,0.44787644787645126,0.8387424728239612,0.6850393700787327,False,True,False,True,-74.68522718385829,False,True,0.01955110659261905,1.4780636584030615,False,True
2025-01-13,2025,501.2,-1.1849135466571958,1.0528183592594733,0.2977528089887608,0.7482043096568303,0.3182482336222092,False,False,False,False,-22.047086991220375,False,False,0.4429369513168524,0.2992817238627321,False,True
2025-01-14,2025,508.76,0.6249999999999867,0.9295886075949343,0.6595744680851007,0.3144901328720806,0.6130601590001117,False,False,False,False,-27.32133029326178,False,False,0.27419608459784417,0.4933563959430787,False,False
2025-01-15,2025,513.03,1.5699861413581262,1.956048307265887,0.8127530364372446,0.3606026937995832,1.5900990099009915,True,False,True,False,64.32372375884566,True,False,0.7212053875991664,0.3060249887920752,False,True
2025-01-16,2025,519.0,0.47819100536270476,0.9079821113971969,0.7206823027718631,0.25240847784200326,0.6555215080873422,False,True,False,True,-54.72061657032845,False,True,0.011541425818872852,0.7321772639691582,False,False
2025-01-17,2025,522.85,1.9061726470072315,1.9432046309470492,0.9227683049147463,0.1472697714449689,1.7911028910736926,False,False,False,False,-53.55264416180727,False,False,0.03825188868697982,0.7535622071339843,False,True
2025-01-21,2025,524.47,0.5193958908310314,0.7169963201471914,0.8342689120555983,0.11821457852689843,0.5986392992026524,False,True,False,True,-31.269662707114065,False,True,0.04194710850955463,0.840848856941312,False,False
2025-01-22,2025,529.57,0.9358441657454586,0.4307551557198931,0.8185840707964736,0.07742130407688563,0.35056469339802554,True,False,True,False,43.053798364709465,False,False,0.5419491285382438,0.05853805918010213,True,False
2025-01-23,2025,529.03,-0.46659517224512115,0.7070422005230453,0.2341671101649778,0.5440145171351496,0.16661933162926967,False,False,False,False,5.18118065138129,False,False,0.1266468820293909,0.10963461429407406,False,False
2025-01-24,2025,533.02,0.05631476197627272,0.3435200480552712,0.9016393442622624,0.03376983978087278,0.31051809473623404,True,False,True,False,-24.014108288619163,True,False,0.14445987017372985,0.2607782071967213,True,False
2025-01-27,2025,510.92,-3.534476248017515,5.081376029000823,0.3195481737450317,3.5843184843028064,1.712056059882161,False,False,False,False,114.49933453378192,False,False,1.1547796132467036,0.07633288968920127,False,True
2025-01-28,2025,515.195,0.2227409785040546,0.8316311642836256,0.32046783625731273,0.563864167936412,0.26662774290857616,True,True,True,True,77.93165694542914,True,True,0.8453109987480278,0.6628558118770722,False,False
2025-01-29,2025,522.46,0.11497336450390083,0.5960219215881706,0.2798353909465054,0.4287409562454547,0.1668744928963406,False,True,False,True,-43.73540558128997,False,True,0.0248822876392385,0.5416682616851132,False,False
2025-01-30,2025,523.71,0.5626176120434812,0.7584776681132017,0.6303797468354563,0.2787802409730533,0.47772533671002204,True,True,True,True,-53.554448072407055,True,True,0.45540470871283656,0.5766550189990616,False,False
2025-01-31,2025,526.92,0.7244853095788706,0.9886643855255912,0.8240525908739216,0.172701738404335,0.8154471949152198,True,False,True,False,56.18310179913655,True,False,0.6718287406058066,0.037956426022911494,False,False
2025-02-03,2025,513.47,-1.686834648081481,2.7569502948609945,0.41461212584207424,1.641575944066842,1.1763546798029711,False,False,False,False,65.82663057238092,False,False,0.6933219078037567,0.47130309463064846,False,True
2025-02-04,2025,518.63,0.09360314197763842,1.157977014156269,0.7000000000000076,0.3470682374717926,0.816437610559273,True,False,True,False,100.45697317933922,False,False,1.114474673659438,0.07712627499373292,False,True
2025-02-05,2025,521.82,-0.5185495863041734,0.988866435352883,0.5648737227684706,0.43252462534972835,0.5646668850816328,False,False,False,False,13.797861331492633,False,False,0.2740408570004904,0.22996435552490313,False,False
2025-02-06,2025,527.36,0.09680174622757054,0.5655309860491657,0.5804665212283983,0.2370297330097193,0.3290334179618659,True,False,True,False,6.257584951456785,True,False,0.31477548543688005,0.182038834951459,False,False
2025-02-07,2025,530.14,0.10385392473422073,0.5853584848656551,0.722580645161288,0.16222130003396007,0.4243227884068945,True,True,True,True,-63.0022258271401,True,True,0.3697136605425033,0.9035349153053818,False,False
2025-02-10,2025,527.25,0.8241863311278408,1.0234443722033073,0.8822869955156953,0.11948790896159078,0.9036836303509155,True,False,True,False,45.04504504504459,True,False,0.4931247036510156,0.0948316737790389,False,False
2025-02-11,2025,525.96,-0.6150619313511463,0.578214903205681,0.2810457516339964,0.4182827591451721,0.1637783279375471,True,False,True,False,59.70035744162993,True,False,0.6331279945242851,0.024716708494942896,False,False
2025-02-12,2025,522.29,-1.0720712188654336,1.5304479590870208,0.12004950495048544,1.3613126806946374,0.18606613979894604,False,False,False,False,66.24672117023111,False,False,0.8558463688755236,0.06509793409790188,False,True
2025-02-13,2025,529.98,0.3142035130224041,0.7476529376135546,0.6987341772151996,0.22453677497262792,0.5235006259246555,True,False,True,False,48.26597230084051,True,False,0.581154005811535,0.1490622287633414,False,False
2025-02-14,2025,536.08,0.037321788460120686,0.5281033067104651,0.5477031802120303,0.23877033278614235,0.2899743700073065,False,False,False,False,13.803909864198438,False,False,0.2350395463363686,0.07648112222058412,False,False
2025-02-18,2025,539.73,0.2991897717981251,0.6565450085482821,0.5612793659779373,0.2871806273507138,0.3687607741186927,False,True,False,True,-52.61890204361519,False,True,0.05002501250626068,0.5623552516999308,False,False
2025-02-19,2025,538.57,-0.13906400652673456,0.4060668990580621,0.27397260273974383,0.29522624728446356,0.1115303827351033,False,True,False,True,-25.437733256586938,False,True,0.06870044748128468,0.3917782275284609,True,False
2025-02-20,2025,538.73,-0.15382904588923108,0.3484320557491281,0.8404255319149174,0.05568652200544921,0.29414502466722503,True,True,False,True,-55.12965678540316,False,False,0.06868004380673476,1.1638483099140506,True,False
2025-02-21,2025,538.38,0.22152311100354094,0.6161693255645014,0.5105740181268787,0.30090270812437314,0.3148931412919831,False,True,False,True,-80.98183439206541,False,True,0.0037148482484372636,0.8674170660128433,False,False
2025-02-24,2025,527.88,0.3383387188747422,0.47519482988025086,0.4119999999999891,0.27847238008638087,0.1955015659105941,False,True,False,True,-113.66219595362548,False,True,0.2252405849814343,1.4569220277335648,True,False
2025-02-25,2025,519.24,-0.11349864378740193,0.7579400958005388,0.6395939086294467,0.273476619674895,0.48769159312587185,False,True,False,True,-162.44896387027197,False,True,0.015407133502809423,1.704414143748556,False,False
2025-02-26,2025,515.53,0.4364004753647954,0.49874340041690773,0.10937499999999167,0.442263301844692,0.05434255215914785,True,True,True,True,21.72521482745937,True,True,0.6323589315849754,0.221131650922346,False,False
2025-02-27,2025,518.13,0.707496744348779,1.008765962409387,0.7957610789980639,0.2045818616949635,0.8035019455252979,False,True,False,True,-100.07141064983571,False,False,0.18140235076138378,2.0834539594310364,False,False
2025-02-28,2025,500.13,-0.03997361741250316,0.6055203565646592,0.257459730657507,0.4498030512066764,0.15620306398316242,True,True,True,True,80.58104892727957,True,True,0.8197868554175924,0.6398336432527518,False,False
2025-03-03,2025,511.52,0.649325095431097,1.02514659005943,0.7447216890594949,0.26000938379731053,0.764321172484439,True,True,False,True,-46.72349077259885,False,True,0.29715358148263427,1.4134344698154444,False,False
2025-03-04,2025,494.18,-0.6313842194160646,1.5844928818466972,0.24619289340101508,1.2019911773038183,0.39411669104501,False,True,False,True,-88.6316726698777,False,False,0.4330405924966474,1.3041806629163433,False,True
2025-03-05,2025,496.2,0.13722957701001182,1.2027768808524337,0.15939597315436105,1.0096735187424377,0.19182231196366306,False,True,False,True,-43.72632003224464,False,True,0.3728335348649692,0.7315598548972124,False,True
2025-03-06,2025,493.69,-1.6749651463851878,1.65106552479585,0.0337756332931211,1.622475642609733,0.056747937820467165,False,True,False,True,72.92025360043696,False,True,0.8520123964431026,0.41305272539448046,False,True
2025-03-07,2025,487.16,-0.2395920791268158,1.2184383511150225,0.03697478991597104,1.1762049429345556,0.045180104324971104,False,True,False,False,11.80310370309634,False,False,1.0304622711224232,0.04926512849987574,False,True
2025-03-10,2025,483.47,-1.6957768243833993,1.7063500132164968,0.052430886558633434,1.6447763046311126,0.09109165062213265,False,True,False,True,-106.93528036899936,False,True,0.1034190332388718,1.1376093656276454,False,True
2025-03-11,2025,472.35,-0.2007183604479157,0.8937249102049478,0.082742316784875,0.8214247909389183,0.07415254237288504,True,True,True,True,-51.02148830316566,True,True,1.0013760982322317,0.5504392928972202,False,False
2025-03-12,2025,479.15,1.5858545169292082,2.079843958699939,0.7502548419979567,0.511322132943759,1.5600161088619835,False,False,False,False,-33.392465824897414,False,False,0.3986225607847338,0.5885422101638338,False,True
2025-03-13,2025,476.24,-0.17607109918671426,1.1444621447136707,0.7564102564102584,0.2792709558205875,0.8747961280210159,False,True,False,True,-49.974802620527115,False,True,0.008420124307062515,1.2745674449857192,False,False
2025-03-14,2025,473.74,1.1422105510365377,0.8326394671107361,0.5743589743589801,0.3504031747372016,0.4750795334040214,True,False,True,False,6.121501245408556,True,False,0.7957951619031567,0.1308734749018492,False,False
2025-03-17,2025,479.6,-0.010424267695186007,1.1133117898467582,0.6516853932584334,0.3878231859883119,0.7309081744098167,True,False,True,False,7.506255212677004,True,False,0.738115095913261,0.08757297748124282,False,False
2025-03-18,2025,479.41,-0.6877550597642612,0.7354007416153981,0.06760563380281924,0.6904319893202171,0.05008660809315835,False,True,False,True,-98.87152958845236,False,False,0.04171794497402903,1.3015998831897524,False,False
2025-03-19,2025,476.81,0.4381437869947158,0.6129800096897117,0.9725085910652973,0.0167781715987525,0.5970716063968817,True,False,True,False,30.620163167718317,True,False,0.5641660200079723,0.4068706612696871,False,False
2025-03-20,2025,476.89,-0.8111649576738378,1.772083445995141,0.1455399061032868,1.5265574870515275,0.26069588983497205,False,False,False,False,135.77554572333338,False,False,1.5097821300509517,0.14888129338002098,False,True
2025-03-21,2025,474.09,-1.0849381376619727,1.397901061987521,0.174626865671636,1.166445189731924,0.24739913727478413,False,True,False,False,43.66259570967701,False,False,0.5758400303739863,0.24995254065683925,False,False
2025-03-24,2025,487.74,1.3759561024276667,0.9394745593614979,0.8384955752212363,0.14966990609750486,0.7831387540035095,True,False,True,False,40.40677410095617,True,False,0.4490097182925368,0.12711690654857444,False,False
2025-03-25,2025,491.39,0.19166071974716647,0.7442144968906176,0.7178082191780767,0.209609475162309,0.5360394459561713,True,False,True,False,25.63544231669379,True,False,0.2563544231669379,0.19739921447322617,False,False
2025-03-26,2025,492.3,-0.23305299422433645,0.38504407741412044,0.10526315789473212,0.3453178955921121,0.0406421459053119,False,True,False,True,-75.1391427991055,False,True,0.17469022953484625,1.0339020922201958,True,False
2025-03-27,2025,482.41,-0.41081750619321733,0.6482246077621773,0.10828025477708067,0.5804191455401009,0.07052917626071409,False,True,False,True,47.26270185112291,False,True,0.4726270185112291,0.4477519122737972,False,False
2025-03-28,2025,479.81,-0.36754018024004464,0.7537688442211046,0.3911845730027597,0.4605989870990479,0.29682894709337493,False,True,False,True,-137.50234467810208,False,True,0.14797524019924957,1.417227652612496,False,False
2025-03-31,2025,461.92,-1.5135217423100644,1.8295645781287648,0.14100920638620604,1.5957308624870103,0.2626381020598645,False,True,False,True,-55.74558365084803,False,True,0.12989262209905927,0.9936785590578534,False,True
2025-04-01,2025,467.3,-0.34759985498901136,1.0044143049069114,0.34394904458598974,0.6612454526000455,0.3478783714138567,False,True,False,True,-24.181468007703486,False,True,0.4237106783650635,0.6163064412582964,False,False
2025-04-02,2025,466.12,-1.3773988109091695,1.3350824111884567,0.03169572107765271,1.3108212477473735,0.04292582417582125,True,True,True,False,137.73277267656425,True,False,1.499613833347646,0.05577962756371235,False,False
2025-04-03,2025,456.44,-4.139451853407539,1.7473485246245917,0.2704326923076925,1.3298571553763905,0.4953873929412822,False,False,False,False,-0.8763473841033598,False,False,0.7952852510735298,0.35492069056174413,False,True
2025-04-04,2025,438.14,-2.7824620573355885,4.49764799857992,0.39023186975826224,2.8210161135710177,1.8385514724682084,False,False,False,False,-131.23659104395836,False,False,0.5089697357009149,1.3306249144109161,False,True
2025-04-07,2025,408.66,-3.4360015992393134,6.376872277299787,0.46911475895801735,3.505848382518484,3.196969696969698,True,False,True,False,255.22439191503875,True,False,8.437331767239264,1.5342827778593526,False,True
2025-04-08,2025,438.11,3.340016511381072,2.7786295553720897,0.9651952461799687,0.09358380315445114,2.664385808689129,True,False,True,False,74.75291593435296,True,False,1.1477482823948337,0.4679190157723001,False,True
2025-04-09,2025,415.49,-0.18018450893715343,3.8655583317316875,0.6867619639527675,1.213025584249916,2.732172881020678,True,False,True,False,139.35353438109033,True,False,2.2744229704686036,0.014440780764879424,False,True
2025-04-10,2025,453.64,-2.4723739089306473,2.42722621146322,0.17094774136403926,2.063310113746586,0.42726528082177584,False,True,False,True,-77.15369015078078,False,True,0.42985627369720447,1.183758046027683,False,True
2025-04-11,2025,444.65,-0.3451444451915142,2.5549653734956035,0.197368421052631,2.0577982683009255,0.5085895117540762,False,True,False,True,-57.57337231530379,False,True,1.2884291015405447,0.7466546722140976,False,True
2025-04-14,2025,464.46,2.249911940824223,2.4216273335681575,0.9454545454545434,0.1291822761917194,2.2904461965378875,False,False,False,False,-49.30456874650102,False,False,0.12702923825518297,1.2548335701675017,False,True
2025-04-15,2025,458.54,0.24704313416847867,1.0581316543145045,0.7376033057851263,0.27696602259343894,0.7846671209090772,True,False,True,False,-9.813756706068544,True,False,0.8374405722510581,0.30313604047630394,False,False
2025-04-16,2025,449.01,-1.960741500906138,1.80134937444049,0.22060606060605978,1.4320393755150151,0.40698584494285317,False,False,False,False,18.930536068240134,False,False,0.5055566691164914,0.39865481837819683,False,True
2025-04-17,2025,447.17,0.6640853631083576,0.9972536130746041,0.223476297968399,0.769282375830227,0.2218835447577172,False,True,False,True,-97.69662544446112,False,True,0.04472571952500726,0.9996198313840465,False,False
2025-04-21,2025,438.23,-1.3128856460838612,1.5171373237850794,0.17812082529316334,1.2634917737261109,0.27458069240098304,False,True,False,True,-112.04162197932632,False,True,0.19396207470963045,1.2733039727996776,False,False
2025-04-22,2025,438.82,1.2903076887565534,0.9833114050273505,0.9718309859154919,0.027346064445565865,0.9524247722462409,True,False,True,False,71.09976755845126,False,False,0.8545645139236946,0.27346064445558094,False,False
2025-04-23,2025,458.17,3.103199963994774,1.552725145146041,0.9159420289855092,0.12659056682016168,1.3986942569436778,True,False,True,False,80.10127245345444,True,False,0.9625248270292541,0.1604208045048794,False,False
2025-04-24,2025,456.48,0.4643792503906452,1.4965996874793641,0.9941030278966493,0.008784612688406135,1.5031575202348213,True,False,True,False,139.54609183315813,True,False,1.4064143007360475,0.14239397125833664,False,False
2025-04-25,2025,466.97,-0.04922945205478868,1.4062499999999987,0.30441400304414035,0.9786495920508731,0.4301352775447853,False,False,False,False,-16.06098892862451,False,False,0.5396492280018039,0.3383515000963788,False,False
2025-04-28,2025,473.01,0.10158085200939748,0.8507396355786897,0.8781094527363156,0.10359189023487758,0.7518957144074134,True,False,True,False,-30.231918986913797,True,False,0.38011881355572985,0.5813830574406431,False,False
2025-04-29,2025,470.09,-0.4995237591279511,1.223409884643884,0.18685121107266064,0.9998085472994633,0.23027227564444974,False,False,False,False,36.37601310387373,False,False,0.9055712735859034,0.10636261141483416,False,False
2025-04-30,2025,467.13,-1.7437213411299557,2.028522148836819,0.16590626296142905,1.722004581165848,0.343694283934437,False,True,False,True,5.351829255240137,False,True,0.08027743882859095,1.0061438999850125,False,True
2025-05-01,2025,483.41,1.6656501714021443,0.6414435634818842,0.4950819672131286,0.31857015783702813,0.31334301722349966,False,True,False,True,15.307916675284527,False,True,0.18204009019258116,0.5357563972611223,True,False
2025-05-02,2025,486.54,1.1118269290716798,1.375755938402711,0.8247734138972859,0.2384182184404171,1.1349463706660012,True,False,True,False,43.26468532905636,True,False,0.43572984749455923,0.35146133925268996,False,False
2025-05-05,2025,484.6,-0.8714151290758032,0.6300372294726474,0.2987012987013054,0.445728435823356,0.19020840224941438,True,False,True,False,26.000825423029283,True,False,0.5138258357407999,0.10317787866281902,True,False
2025-05-06,2025,479.56,-1.314950097746681,1.0247967897931924,0.06224899598393597,0.9738093252147806,0.06468440271256704,False,True,False,True,52.026857953124676,False,True,0.5692718325131407,0.2856785386604388,False,False
2025-05-07,2025,482.08,0.13709442898093283,0.874704000664703,0.24483495606744307,0.6596415532691635,0.21432328099633136,False,False,False,False,37.33820112844288,False,False,0.4003484898772003,0.1866910056422144,False,False
2025-05-08,2025,488.53,1.0716871832005648,1.6431157546291522,0.7041047595064189,0.4810349415593773,1.1579126099002357,False,False,False,False,-34.79827236812505,False,False,0.042986101160624735,0.6734489181831171,False,False
2025-05-09,2025,490.21,0.40760312973657786,0.8348695260333501,0.5608439646712436,0.36514962975051635,0.4685155884933012,False,True,False,True,-45.08067970869667,False,True,0.27131229473082996,0.552824299789878,False,False
2025-05-12,2025,507.0,3.882798893555983,4.353037598606701,0.9129206872205214,0.36489151873768666,3.9776048235764527,False,False,False,False,-84.81262327416195,False,False,0.011834319526626835,0.9309664694280184,False,True
2025-05-13,2025,509.19,0.2737298148877576,1.126427727451758,0.7709790209790217,0.2572713525403003,0.8736479258290686,True,False,True,False,97.01683065260536,True,False,1.1312083897955683,0.15122056599696787,False,False
2025-05-14,2025,516.77,0.2308080220334352,0.6805151479886732,0.5329761158296767,0.3170849701027434,0.363177315983676,True,False,True,False,12.578129535383287,True,False,0.4160458230934472,0.1973798788629355,True,False
2025-05-15,2025,516.52,-0.4202814729130644,0.9118951224214417,0.5729386892177645,0.3910787578409236,0.5274323193398489,False,False,False,False,-7.7441338186323705,False,False,0.19457136219314108,0.26136451637884806,False,False
2025-05-16,2025,520.69,0.26959887538755556,0.7413969073157625,0.659740259740276,0.25158923735810745,0.49020553893661667,False,False,False,False,-26.02316157406581,False,False,0.007682114117790739,0.36490042059577066,True,False
2025-05-19,2025,514.3,-1.3844147875441082,0.8072557140665598,0.5249406175771885,0.3888780867198127,0.43156476400632027,True,False,True,False,94.62764923196643,False,False,1.2930196383434067,0.011666342601579505,False,False
2025-05-20,2025,519.46,-0.49230887113765887,0.4921173112656502,0.1595951732191787,0.41562391714473623,0.07899046334651771,False,True,False,True,-8.277826974166791,False,True,0.12224232857198647,0.26758556963000224,True,False
2025-05-21,2025,516.29,-0.7592649546363295,0.9380286021836067,0.26434426229507474,0.695345639078826,0.2504854368931886,True,False,False,False,48.809777450657954,False,False,0.7340835576904681,0.015495167444634639,False,False
2025-05-22,2025,513.67,0.12084592145014117,0.9628691160705691,0.6396761133603104,0.3465259797146292,0.6189888542829758,True,False,True,False,29.590982537428534,True,False,0.7534019896042299,0.2667081978702246,False,False
2025-05-23,2025,506.2,-1.5213415820396037,2.3578849072020556,0.24092409240924215,1.8174634531805678,0.5801939278334167,False,False,False,False,44.44883445278602,False,False,0.6874753062030781,0.1224812327143443,False,True
2025-05-27,2025,516.15,1.3476697301028073,1.891077026388885,0.757034575848819,0.453356582388853,1.4328134119667713,True,False,True,False,52.3103748910203,True,False,0.5851012302625191,0.30223772159254647,False,True
2025-05-28,2025,522.18,0.18610540856851543,0.5928512499760235,0.7443365695792656,0.1512888276073543,0.44240978687388743,True,False,True,False,-22.59757171856336,True,False,0.2872572676088758,0.30449270366538217,True,False
2025-05-29,2025,526.32,1.4201753540803663,2.3603430002890495,0.6367050371458958,0.8454932360540957,1.5040856590186502,False,False,False,False,-99.55920352637149,False,False,0.03039975680194651,1.3432892536859753,False,True
2025-05-30,2025,519.44,-0.10000769289945088,0.9039156858219731,0.7957446808510773,0.18481441552440359,0.7252278456467032,False,False,False,False,1.1550900970269673,False,False,0.04620360388107869,0.6834283074079961,False,False
2025-06-02,2025,517.27,-0.35829175736328267,0.9783676535742617,0.561134081512106,0.43091615597270483,0.5540220053652734,True,False,True,False,42.240995998221734,True,False,0.788756355481679,0.25131942699170295,False,False
2025-06-03,2025,523.58,0.07071730280383548,0.7062173888113638,0.941813261163756,0.04106344780165916,0.6691020957508176,True,False,True,False,35.047175216775805,True,False,0.42591390045454425,0.16998357462087998,True,False
2025-06-04,2025,528.02,0.11376132873233136,0.5043418907132992,0.6428571428571368,0.1799174273701798,0.324903573939328,True,True,True,False,8.333017688724187,True,False,0.3105942956706187,0.38835650164766866,True,False
2025-06-05,2025,530.18,0.2647603918453756,0.8188660690646471,0.5473441108544993,0.3696857670979714,0.44902521740777246,False,True,False,True,-4.903994869667194,False,True,0.12637217548758795,0.548870195028095,False,False
2025-06-06,2025,530.0,1.0101010101009944,0.9790356394130088,0.9377068327817702,0.06037735849058201,0.9172040983809415,True,False,True,False,-5.469811320754081,True,False,0.3056603773584854,0.13396226415095525,False,False
2025-06-09,2025,530.14,0.0566208666767265,0.40767024007246866,0.7175925925925821,0.11506394537292852,0.29323294046423865,True,False,True,False,24.89908326102741,True,False,0.3112385407628038,0.21315124306786615,True,False
2025-06-10,2025,531.17,0.092334363458213,0.9572623803421889,0.43503937007873117,0.5403166594498909,0.41780096793706534,False,False,False,False,16.943727996687752,False,False,0.2579211928384506,0.0790707306511984,False,False
2025-06-11,2025,535.63,0.2526764992138997,0.990117541364072,0.6465028355387491,0.3491215951309634,0.6426034835872896,False,False,False,False,9.428150028938376,False,False,0.11761850531151197,0.45553833803183563,False,False
2025-06-12,2025,531.07,-0.2591792656587488,0.6949009296647658,0.7486486486486652,0.17511815768165295,0.5243233011546611,True,False,True,False,41.331651194755906,True,False,0.45944979004650666,0.04330879168471524,True,False
2025-06-13,2025,527.67,-1.122437507026952,0.8057564741595687,0.8813953488372102,0.09665131616349854,0.7234481178895802,True,False,True,False,-24.636610002463087,True,False,0.5173688100517326,0.2899539484905289,False,False
2025-06-16,2025,530.51,0.6774964891638424,0.959312255664772,0.7804154302670574,0.20923262520970987,0.7491952560462423,True,False,True,False,81.05408003619141,False,False,0.8237356506003657,0.011309871632947388,False,False
2025-06-17,2025,531.71,-0.47915847792313615,0.5615138413161884,0.5700000000000122,0.24261345470273366,0.32264150943397407,True,False,True,False,16.362302759023173,True,False,0.30279663726466843,0.17018675593838406,True,False
2025-06-18,2025,530.1,0.20793950850661602,0.5141776937618199,0.40441176470588663,0.3056027164686004,0.20793950850661602,True,True,True,True,35.465006602528604,True,True,0.3923787964534853,0.3056027164685893,True,False
2025-06-20,2025,532.26,0.6238656987295643,1.1153962492437948,0.8745762711864387,0.13902979746740485,0.9789413773477529,True,False,True,False,-62.751286965018195,True,False,0.2442415360913719,0.8416939089918474,False,False
2025-06-23,2025,526.82,0.0208843576161577,0.8372728826109184,0.6145124716553415,0.3226908621540403,0.5170670279139866,True,False,True,False,51.56599977221843,False,False,0.6434835427660213,0.504916290194013,False,False
2025-06-24,2025,536.9,0.9779951100244322,1.457212713936439,0.7289623128549291,0.39113428943937656,1.0631489387334048,False,False,False,False,9.40584838889924,False,False,0.21233004283851553,0.11734028683181297,False,False
2025-06-25,2025,542.06,0.4307669504479028,0.47245407468479056,0.8784313725489943,0.05718924104343159,0.4149531325256417,True,False,True,False,-4.98099841345967,True,False,0.23060177840090734,0.15127476663099326,True,False
2025-06-26,2025,543.35,0.40283090341299843,0.6088659755714395,0.7875569044006251,0.12883040397533296,0.47988460578265446,False,False,False,False,7.545780804270041,False,False,0.09478236863900147,0.33679948467839615,True,False
2025-06-27,2025,547.26,0.1922337562475951,0.43023745445891187,0.1787234042553,0.3526660088440714,0.07680491551458335,True,True,True,False,32.25523517158324,True,False,0.49884881043744667,0.09501882103569725,True,False
2025-06-30,2025,551.26,0.5563561408949091,0.7095820944528531,0.7429305912596392,0.18140260494141636,0.5270164305122504,False,False,False,False,-13.788412001595196,False,False,0.009070130247068597,0.4081558611181646,False,False
2025-07-01,2025,549.73,-0.34624030164599473,0.5166412877963931,0.37894736842106397,0.32197624288285986,0.19684680579605818,False,True,False,True,-16.28071962599842,False,True,0.17826933221762875,0.23829880122970826,True,False
2025-07-02,2025,546.16,-0.1499140736407223,0.8336685070752238,0.35526315789473323,0.5383037937600754,0.2974988063319417,True,False,True,False,60.513402665887114,False,False,0.6371759191445836,0.007323861139585386,False,False
2025-07-07,2025,553.52,-0.4155946962200785,0.7137074285303032,0.21426770859592287,0.5631232837115085,0.15379883112889292,False,True,False,False,-2.529267235149568,False,False,0.14814279520163343,0.18608180372885474,False,False
2025-07-08,2025,553.38,0.23910444516901386,0.4789334492627624,0.667170953101364,0.1590227330225069,0.319787678384964,False,True,False,True,-26.74473237196939,False,True,0.030720300697528735,0.3776789909284761,True,False
2025-07-09,2025,554.46,0.3874565469293101,0.5558371958285142,0.9869706840391,0.0072142264545549395,0.5494804417605303,True,False,True,False,30.209573278503488,True,False,0.5717274465245392,0.0,True,False
2025-07-10,2025,556.89,0.11325639089634354,0.4152734332865828,0.9523809523809453,0.01975255436441614,0.3966179307360651,True,True,True,True,-59.07809441720868,True,True,0.07362315717645007,0.7434143188062237,True,False
2025-07-11,2025,553.3,-0.390660161664913,0.5076781824400842,0.510638297872331,0.24941261521778113,0.2609357445728877,True,False,True,False,32.351346466656935,True,False,0.37773359840955756,0.2259172239291507,True,False
2025-07-14,2025,554.0,-0.03789177387633069,0.688367225419977,0.8387942332896461,0.1110108303249202,0.5809731299927456,True,False,True,False,-0.9909747292413673,True,False,0.1949458483754496,0.42779783393501747,False,False
2025-07-15,2025,560.26,0.7335754611816458,0.8876622676112071,0.9048004861251719,0.08388962267518174,0.8037164915714934,True,False,False,False,-9.102916503052061,False,False,0.09638382179701921,0.33734337628957833,False,False
2025-07-16,2025,557.28,0.10418537812104667,0.6394826657086303,0.9353932584269602,0.04127189204707893,0.6011372867587239,True,False,False,False,-29.15948894631093,False,False,0.06998277347114445,0.5329457364341095,False,False
2025-07-17,2025,557.99,0.11662539921770687,0.5418595471346004,0.5331125827814647,0.25269270058603244,0.28937057406808186,True,False,True,False,23.656337927202564,True,False,0.32617071990537205,0.13978745138801818,True,False
2025-07-18,2025,563.12,0.2349590601637752,0.3310786756852795,0.6344086021505448,0.12075578917458696,0.20998683133430784,False,True,False,True,-46.87988350618011,False,False,0.03551640858077132,0.4954538997016589,True,False
2025-07-21,2025,562.09,0.14788155222178467,0.35812279513950596,0.38308457711442057,0.22060524115354863,0.1371766550274378,True,False,True,False,67.3984593214616,False,False,0.6778273941895341,0.005337223576307171,True,False
2025-07-22,2025,564.31,0.026588201928534616,0.32614861032329806,1.005434782608691,-0.001772075632189285,0.3289122782064391,True,True,False,True,-76.19925218408264,False,True,0.008860378160946425,1.0100831103471375,True,False
2025-07-23,2025,562.34,0.18706907302821207,0.22626449785315647,0.5905511811023707,0.09247074723477411,0.13354938656315873,False,True,False,True,-29.341679411032384,False,True,0.005334850802007907,0.49080627378453867,True,False
2025-07-24,2025,565.13,0.2305659507298108,0.32261497259811645,0.6157229246839083,0.1236883548917822,0.19857803939646868,False,True,False,True,-18.04894449064731,False,True,0.11324827915699665,0.32470405039548567,True,False
2025-07-25,2025,564.93,-0.028314073864355027,0.3473782937231176,0.17473255221597908,0.28676119165207403,0.06075237297351599,False,True,False,True,19.471438939338004,False,True,0.24427805214806142,0.11682863363602358,True,False
2025-07-28,2025,567.74,0.2383516658133189,0.7828528046045956,0.4046008119079827,0.46500158523268276,0.31699137373530917,False,False,False,False,12.681861415437812,False,False,0.22897805333426113,0.03522739282066922,False,False
2025-07-29,2025,570.77,0.45230552622315123,0.4635691657866974,0.8367501898253374,0.0753368256916298,0.3876418920582658,True,False,True,False,-15.417768978748247,True,False,0.23477057308549654,0.2382746114897416,True,False
2025-07-30,2025,568.18,0.14982461706589678,0.3816121128796227,0.6212471131639428,0.14432046182548675,0.2372824543297236,True,False,False,False,6.8640219648719025,False,False,0.16368052377768727,0.16016051251362962,True,False
2025-07-31,2025,574.54,1.1336032388663764,0.44358387607815203,0.023809523809502325,0.42816862185401927,0.010444227823414032,False,True,False,True,-45.42590594214357,False,False,0.015664705677598256,0.5813346329237135,True,False
2025-08-01,2025,558.85,-1.0884955752212377,1.2631858407079546,0.19616085189855517,1.0265724255166697,0.2511436003229006,False,True,False,True,-44.197906414960016,False,False,0.030419611702603433,1.2472040798067519,False,True
2025-08-04,2025,559.05,0.938882368872429,0.6193012548523877,0.9766763848396379,0.014309990161898156,0.602843260752195,True,False,True,False,67.61470351489329,False,False,0.7298094982559844,0.01788748770233939,False,False
2025-08-05,2025,565.39,0.2286828576493427,0.5396206346392453,0.5627463863337632,0.23541272396045976,0.3038974448132503,False,True,False,True,-25.469145191813205,False,True,0.20706061302817602,0.3731937246856165,False,False
2025-08-06,2025,561.11,0.16422999339509303,0.49983041468074546,0.5249999999999969,0.23703017233698276,0.2626688585519288,True,False,True,False,12.831708577640821,True,False,0.4954465256366891,0.08554472385093881,False,False
2025-08-07,2025,571.67,0.7667630261580571,0.9879785658887431,0.8519179304192617,0.14518865779209467,0.8423076583847111,True,False,True,False,-11.28273304528804,True,False,0.2886280546469333,0.2466457921528109,False,True
2025-08-08,2025,570.43,0.20554758907134207,0.7353407468188143,0.3860487338748141,0.45053731395614527,0.2840998990882859,True,False,True,False,55.92272496187212,True,False,0.5907823922304267,0.04908577739599629,False,False
2025-08-11,2025,574.68,0.02262640327213017,0.38464885562614853,0.5113122171945597,0.18793067446232214,0.19701856856420008,True,False,True,False,15.138859887242617,True,False,0.2166423052829325,0.14790840119717208,True,False
2025-08-12,2025,575.16,0.41902367483761527,0.9148683567288235,0.6030534351144967,0.3616385005911438,0.5524475524475436,False,False,False,False,8.519368523540738,False,False,0.30947910146743585,0.46508797551985115,False,False
2025-08-13,2025,582.76,0.47239750353436083,0.5473949174166329,0.9905511811023706,0.0051479168096557615,0.5426015544801155,True,False,True,False,-36.37861212162807,True,False,0.09607728739102761,0.4032534834237156,False,False
2025-08-14,2025,578.28,-0.356681313000784,0.7168088222624224,0.37019230769230177,0.45306771806046253,0.26701806706661557,False,False,False,False,39.773120287751595,False,False,0.43577505706577924,0.06398284568029933,False,False
2025-08-15,2025,579.8,-0.010347325216442105,0.3638809367778453,0.4218009478672894,0.21041738530527265,0.15373719576445843,False,True,False,True,-22.593997930320242,False,True,0.006898930665766301,0.5864091065884702,True,False
2025-08-18,2025,576.44,-0.1368605235348097,0.49027250835887376,0.2190812720848129,0.38338768995904715,0.10767253655656894,False,True,False,True,2.775657483866656,False,True,0.22985913538269287,0.13791548122963349,False,False
2025-08-19,2025,576.39,-0.1230289377924132,0.29284352798476077,0.4260355029585823,0.1682888322143139,0.12507165563604428,False,True,False,True,-57.166154860424086,False,False,0.02949391904785159,0.5864085081281778,True,False
2025-08-20,2025,568.32,-0.1686340640809303,0.493605958403588,0.7900355871886372,0.10381475225222925,0.39215686274509665,False,True,False,True,-141.45199887387605,False,False,0.022874436936937137,1.5501829954955082,False,False
2025-08-21,2025,564.35,-0.26508792082707844,0.6697888132897347,0.3271767810026441,0.45184725790732294,0.22020564365754502,False,True,False,True,36.50217063878802,False,True,0.37919730663595885,0.44298750775227935,False,False
2025-08-22,2025,564.65,0.23610026272808948,0.80771142512248,0.9230769230769174,0.06198530062870855,0.7493978053349837,True,False,True,False,124.5019038342332,True,False,1.581510670326769,0.24439918533605276,False,False
2025-08-25,2025,570.4,-0.27797688770783147,0.43357401353170827,0.3225806451612696,0.2945301542777168,0.1404494382022392,False,True,False,True,18.93408134642449,False,True,0.26998597475456076,0.21739130434782483,False,False
2025-08-26,2025,569.83,-0.09117208731480586,0.36293503988779696,0.6135265700483404,0.1403927487145129,0.22337132404672833,True,False,True,False,30.886404717196392,True,False,0.3290455047996854,0.180755663969967,True,False
2025-08-27,2025,571.59,-0.18510433947436233,0.35798480747401634,0.04390243902440675,0.3429031298658014,0.01574803149606563,False,True,False,True,24.144929057541287,False,True,0.2781714165748017,0.21343970328382422,True,False
2025-08-28,2025,574.11,0.09938278062560091,0.5004010182376128,0.8397212543553882,0.08012401804533553,0.42154976386215015,True,False,True,False,-5.194126561113288,True,False,0.42152200797755945,0.28740136907561276,False,False
2025-08-29,2025,574.67,-0.41589408563953434,0.5060044708614135,0.31849315068491885,0.3462856943985182,0.16209432844145333,False,True,False,True,-64.76760575634732,False,True,0.06264464823289018,0.9431499817286415,False,False
2025-09-02,2025,561.31,-1.5780891094317129,1.7984955550489994,0.07214585161352238,1.695498031390863,0.1320084913569941,False,True,False,True,70.01478683793306,False,True,0.7820990183677656,0.3162245461509672,False,True
2025-09-03,2025,569.29,0.6488455146564709,0.7135532689791836,0.8042616451932443,0.13876934427095033,0.5734536537795654,True,False,True,False,3.8644627518502617,True,False,0.19673628554865985,0.2301111911328091,False,False
2025-09-04,2025,570.74,0.13158125581149704,0.32632151441253593,0.30645161290325046,0.2260223569401143,0.09997018433098859,True,True,True,True,0.5256333882330821,True,True,0.28208991835161346,0.30048708693977133,True,False
2025-09-05,2025,580.48,0.9056616892937353,1.0796669390025575,0.9146675253582399,0.09130374862182933,0.9883454912064993,True,True,False,True,-92.18233186328528,False,True,0.11025358324145973,1.0267364939360646,False,True
2025-09-08,2025,578.37,0.4062288422478133,0.5211534121486646,0.9133910726182561,0.044953922229717946,0.47634930892868077,True,False,True,False,32.505143766101696,True,False,0.37865034493489436,0.051869910265045505,False,False
2025-09-09,2025,579.67,0.1468504889257316,0.3438029093673351,0.422110552763776,0.19838873842015214,0.14512032893940763,False,True,False,True,-10.178204840683991,False,True,0.09143133161972905,0.2277157693170162,True,False
2025-09-10,2025,583.74,0.5633366065429746,0.6615328957568921,0.7317708333333427,0.17644841881658824,0.4837071592102449,False,False,False,False,-15.246513858909738,False,False,0.005139274334453603,0.41285503820193137,False,False
2025-09-11,2025,583.24,0.4374031341484397,0.5596693645600137,0.9938461538461595,0.003429120087772297,0.5568869502249996,True,False,True,False,-4.972224127288705,True,False,0.10458816267746585,0.2777587271106219,False,False
2025-09-12,2025,585.04,0.16264616754266825,0.3321405947713436,0.8711340206185528,0.04273212088061751,0.28970600839974825,True,False,True,False,12.135922330098747,True,False,0.14272528374128512,0.16067277451113915,True,False
2025-09-15,2025,588.44,0.30341253877885777,0.43466403027306355,0.9568627450980777,0.018693494663835075,0.4163822525597327,True,False,True,False,31.450955067635622,False,False,0.3602746244306898,0.024641424784188626,False,False
2025-09-16,2025,592.61,0.15379415244212158,0.4669596079094192,0.49692363373146237,0.23455560992895474,0.2322249791538944,False,True,False,True,-20.333777695280553,False,True,0.042186260778587226,0.27336696984525677,False,False
2025-09-17,2025,591.1,-0.01184092562206418,0.3687602550873799,0.6697247706421989,0.12180680087972018,0.24760871039957166,False,True,False,True,-34.16173236339137,False,True,0.07951277279647506,0.3552698358991746,False,False
2025-09-18,2025,594.91,0.844167952129915,0.6865221297441993,0.5037037037037003,0.33786623186700115,0.3440889233727429,True,False,True,False,42.695533778220884,True,False,0.43241834899396814,0.32778067270679,False,False
2025-09-19,2025,597.32,0.3258423191911053,0.5357922671235078,0.8495297805642905,0.08035893658338011,0.45576091892165493,True,False,True,False,5.022433536461257,True,False,0.18583004084911092,0.12807205517981757,False,False
2025-09-22,2025,597.74,-0.28526148969889586,0.4956209859037457,0.511612251767075,0.24274768293908178,0.2549394518801762,True,False,True,False,36.63967611336139,True,False,0.3747448723525393,0.0033459363602883485,False,False
2025-09-23,2025,602.37,0.02158607863973483,0.27231668437831863,0.6280487804877934,0.1012666633464443,0.17128413210496518,False,True,False,True,-19.589288975213613,False,True,0.033202184703751136,0.2905191161578391,True,False
2025-09-24,2025,599.57,0.23907446417228417,0.3009328919651032,0.6500000000000158,0.1050753039678387,0.19552139037435357,False,True,False,True,-27.352936270995663,False,True,0.05503944493552293,0.4069583201294358,True,False
2025-09-25,2025,592.2,-0.6475858135086887,0.9982216555380218,0.14453781512605438,0.8595069233366948,0.1454324077518887,False,True,False,True,17.730496453900457,False,True,0.2684903748733314,0.624788922661268,False,True
2025-09-26,2025,594.35,0.13478224243956838,0.7261393311431319,0.484918793503481,0.3735172877934012,0.35288555701888935,False,True,False,True,-35.66921847396376,False,True,0.3112644064944936,0.5535458904685875,False,True
2025-09-29,2025,599.11,0.5133797500209925,0.8331515812431858,0.7221103503826031,0.23034167348232604,0.6021587710990595,True,False,True,False,41.64510690858103,True,False,0.490727913071054,0.010849426649539584,False,True
2025-09-30,2025,598.45,-0.05010438413360907,0.36392484342379516,0.6654428636989734,0.1218146879438331,0.24288107202681264,False,True,False,True,-15.373047038182985,False,True,0.03676163422172696,0.3926810928231328,False,False
2025-10-01,2025,597.18,-0.5247114087252203,0.934486032682027,0.5115864527629229,0.45882313540306363,0.48291295788394084,True,False,True,False,49.23138752135125,False,False,0.5308282259955277,0.14066110720384328,False,True
2025-10-02,2025,607.06,0.6282427437134253,0.6113348915079464,0.9105206073752597,0.05436035976675857,0.556234698576441,False,True,False,True,-35.25186966691906,False,True,0.016472836292957815,0.5963166738048753,False,False
2025-10-03,2025,606.51,0.13372956909361022,0.36486709592206085,0.30769230769229583,0.2522629470247839,0.11224270835052952,False,True,False,True,-17.229724159535387,False,True,0.13445779954164294,0.3281067088753753,False,False
2025-10-06,2025,608.43,0.8745678971408655,0.7659722625195664,0.8636363636363614,0.10354519007937935,0.6601151479054712,False,False,False,False,-27.69422941012012,False,False,0.029633647256077644,0.3845964202948471,False,True
2025-10-07,2025,609.03,0.21720886607097256,0.5660594691547044,0.7354651162790502,0.14941792686733457,0.41714756801318753,False,False,False,False,-9.112851583664705,False,False,0.11165295634041339,0.11329491158069693,False,False
2025-10-08,2025,605.41,0.15550813109004302,0.3445994011282561,0.6495439270283108,0.12057944203103244,0.22398548481350478,True,False,True,False,53.18709634793084,False,False,0.5839018186022837,0.02477659767760043,True,False
2025-10-09,2025,611.48,0.004906370103840985,0.2780276392182591,0.48235294117648714,0.14391312880224216,0.13428094193168594,False,True,False,True,-30.090926931379826,False,True,0.0212598940276143,0.3270752927323817,True,False
2025-10-10,2025,611.4,0.11462256427050566,0.38152939250041606,0.6051502145922504,0.1504743212299653,0.23115133034967705,True,False,True,False,8.096172718350392,True,False,0.2911350997710116,0.07196597971866892,False,False
2025-10-13,2025,599.7,1.7328685208275019,1.2824753810529437,0.6455026455026496,0.4468901117225199,0.8204162603812959,False,False,False,False,-1.1672502918136374,False,False,0.3401700850425238,0.4118726029681552,False,True
2025-10-14,2025,595.3,-1.1195269417314524,1.6361039133612425,0.3350253807106545,1.1002855703007075,0.5574324324324254,False,True,False,True,33.59650596338027,False,True,0.3494036620191654,0.8684696791533608,False,True
2025-10-15,2025,604.01,0.9965721929604543,1.1902014881698753,0.9072773250913214,0.10926971407758668,1.0807427638096723,True,False,True,False,39.403321137068126,False,False,0.440390059767215,0.4139004321120465,False,True
2025-10-16,2025,605.1,0.4882423276205694,0.7640826358442937,0.7239730493371045,0.20988266402246492,0.553534661971633,True,False,True,False,14.212526855066354,True,False,0.3173029251363424,0.12229383572963659,False,False
2025-10-17,2025,597.95,-0.33668350084170573,1.5719119289297863,0.8313010285229561,0.26607575884272094,1.32856586060226,True,False,True,False,69.06932017727297,True,False,0.898068400367924,0.2642361401455018,False,True
2025-10-20,2025,607.14,0.5398423527853247,0.7372325627608132,0.8225516621743117,0.13011825938002985,0.6068158242719779,True,False,True,False,65.20901274829515,False,False,0.6588266297723688,0.012352999308218315,False,False
2025-10-21,2025,611.63,0.013081514185264709,0.2779821764369114,0.6176470588235274,0.10627340058531054,0.17196763732842957,False,True,False,True,-31.064532478786155,False,True,0.01471477854257941,0.37277438974543387,True,False
2025-10-22,2025,610.82,-0.0964982581246443,0.49901048396328673,0.4329727958046727,0.283225827576028,0.21673538430744266,False,True,False,True,-55.66287940801051,False,True,0.09659146720799594,0.586097377296102,False,False
2025-10-23,2025,604.91,-0.07763718656050855,0.7515940401070327,0.41978021978021696,0.4364285596204276,0.31674958540630627,True,False,True,False,51.66057760658704,True,False,0.6480302854970255,0.06447240085302175,False,False
2025-10-24,2025,615.99,0.882738290206353,1.1721257779233418,0.8197568813748809,0.2094189840744054,0.9616093804036163,True,False,True,False,12.500202925371795,True,False,0.31006996866831393,0.1396126560496147,False,True
2025-10-27,2025,624.51,1.213899063239432,0.3808628569576388,0.6170212765957581,0.14411298457990274,0.23272237023721498,True,False,True,False,20.57613168724215,True,False,0.22897951994365062,0.07686025844262367,False,False
2025-10-28,2025,630.36,0.363011081390896,0.47143675964845444,0.9257007767645976,0.03490069166824927,0.4367299269142588,True,False,True,False,-2.6968716289099692,True,False,0.1586395075829694,0.09359730947395839,False,False
2025-10-29,2025,635.58,0.42503436616159185,0.664254451800463,0.7454804947669008,0.16835016835015093,0.4955363778093247,True,False,True,False,11.642908839171184,True,False,0.2249913464866582,0.04248088360239155,False,False
2025-10-30,2025,632.15,-0.5850252410083856,1.1511787000487421,0.1448087431693927,0.990271296369527,0.16796336497171271,False,True,False,True,-39.86395633947648,False,True,0.2135569089614764,0.6944554298821459,False,True
2025-10-31,2025,634.2,1.308285810130827,1.6531684797367348,0.8328340902502739,0.2727846105329501,1.3777592350151302,False,False,False,False,-35.79312519709998,False,False,0.0,0.5282245348470549,False,True
2025-11-03,2025,635.12,0.9424816033312577,1.001287369475032,0.93968253968254,0.059831212999128525,0.9408773045136654,True,False,True,False,-72.2713817861198,True,False,0.110215392366797,0.7620607129361412,False,True
2025-11-04,2025,623.28,-1.3969087658793677,1.6826185315846873,0.21718691237306811,1.3358362212809727,0.3719986472776382,False,False,False,False,47.330252855859456,False,False,0.5888204338339253,0.3066519060454298,False,True
2025-11-05,2025,618.5,-0.11950132420386339,0.7396163038563467,0.7096069868995569,0.21503637833468758,0.5282405526208844,True,False,True,False,57.2352465642667,False,False,0.6855295068714629,0.20856911883588847,False,False
2025-11-06,2025,621.79,-0.2406584414959334,0.7396236101975027,0.22342733188719516,0.5757570884060703,0.16592563953863326,False,True,False,True,-65.4561829556588,False,True,0.04020650058702557,1.0437607552389094,False,False
2025-11-07,2025,608.31,-0.5541932319764742,1.1492561713258087,0.14793741109530123,0.9846953033814998,0.17125825415382767,False,True,False,True,-55.23499531488674,False,True,0.003287797340179033,0.8975686738669331,False,True
2025-11-10,2025,618.92,1.5022303857255226,1.5535620572028268,0.9208276153277734,0.12117882763522658,1.429538329424762,True,False,True,False,41.039229625801084,True,False,0.5041039229625843,0.05816583726491187,False,True
2025-11-11,2025,620.58,-0.41721492987578657,0.6221316473570964,0.19602785659014707,0.5022720680653459,0.1226162434255107,False,True,False,True,-23.526378549100222,False,True,0.15952818331239627,0.2836056592220193,False,False
2025-11-12,2025,624.84,0.5341742824044315,0.7941820054060886,0.7568881685575465,0.19204916458612775,0.6015095700558915,False,True,False,True,-64.49651110684518,False,True,0.003200819409765465,0.8386146853594512,False,False
2025-11-13,2025,617.54,-0.5635707844905302,1.1142599510498636,0.14161849710982774,0.9618810117563381,0.15894641235241203,False,True,False,True,-36.11102114842835,False,True,0.09392104155196979,0.7610843022314184,False,True
2025-11-14,2025,599.55,-1.456254828158643,1.8030604362189828,0.14494074749315686,1.5645067133683632,0.2659040738510754,False,True,False,True,115.5866900175151,False,True,1.2309231923942843,0.3969643899591313,False,True
2025-11-17,2025,606.3,-0.4139154429880887,1.4733418744456532,0.022296544035666797,1.4464786409368546,0.032997855139393906,False,True,False,True,55.74797954807753,False,True,1.0192973775358771,0.17483094177799252,False,True
2025-11-18,2025,599.62,-0.6676054004804088,1.1074960656009398,0.40685673258144583,0.6613188352623478,0.4556877198860887,False,True,False,True,-70.71145058537121,False,True,0.4486174577232216,1.172409192488566,False,False
2025-11-19,2025,597.07,0.12409236496571108,1.1654620763671197,0.5784172661870604,0.4907297301823821,0.6778517831548925,True,False,True,False,138.84301673170674,True,False,1.5224345554122554,0.1557606310817916,False,True
2025-11-20,2025,611.62,1.9774576497265661,2.099339735894359,0.8975458660948326,0.2109152741898601,1.8824991379583267,True,False,True,False,18.96602465583097,True,False,0.354795461234092,0.25996533795494825,False,True
2025-11-21,2025,587.47,0.30686075911328103,1.5981619771312603,0.7692307692307729,0.3676783495327296,1.240801695762328,True,False,False,False,-65.87570429128276,False,False,0.3915093536691172,0.7319522699031578,False,True
2025-11-24,2025,595.28,0.8675613392978176,0.8607835163345604,0.761811023622042,0.20326569009543327,0.6543683738861272,True,False,True,False,88.02580298346908,False,False,1.00456927832282,0.02015858083590505,False,False
2025-11-25,2025,603.51,-0.2973682906279307,0.6145611339644195,0.2311827956989267,0.4738943845172372,0.14270306147847744,False,True,False,True,-30.644065549865207,False,True,0.09279050885653284,1.025666517539059,False,False
2025-11-26,2025,612.51,0.5912203773956737,0.4598380713077579,0.8892857142856959,0.05061141858908602,0.4081833382512112,True,False,True,False,-12.897748608184934,True,False,0.22693507044782013,0.34611679809308793,False,False
2025-12-01,2025,613.61,-0.880367008044447,1.0751784964300632,0.22235576923077366,0.8435325369534175,0.24177870713737448,False,False,False,False,27.378954058765448,False,False,0.5282345463730964,0.1776372614527233,False,False
2025-12-02,2025,619.46,0.3661697990926749,0.7598833441347927,0.846481876332639,0.11623026506957235,0.645014541259803,True,False,True,False,31.257869757530532,True,False,0.6263519839860621,0.077486843379726,False,False
2025-12-03,2025,619.62,-0.3938463516967583,1.0014950086003211,0.2921348314606813,0.7117265420741647,0.2945937196503712,False,False,False,False,12.74974984667887,False,False,0.3082534456602337,0.2566088893192653,False,False
2025-12-04,2025,624.92,0.2229243179959317,0.5003768864369003,0.8365384615384647,0.08161044613710366,0.4194051196349191,False,True,False,True,-46.72598092555824,False,True,0.0032004096524484993,0.7360942200601572,False,False
2025-12-05,2025,624.38,0.24403557781844665,0.6614648556658004,0.582524271844654,0.2754732694833395,0.3858644972507097,True,False,True,False,60.860373490501104,True,False,0.7271213043338998,0.022422242864916786,False,False
2025-12-08,2025,627.18,0.266982142571659,0.3582676535946826,0.5493083444890406,0.16103829841513928,0.19666138934641975,True,True,True,True,-34.918205299913076,True,True,0.2646768072961603,0.5165981058069313,True,False
2025-12-09,2025,623.04,-0.18263962318562088,0.46140536383735387,0.22222222222221782,0.3595274781715396,0.10282776349614942,False,True,False,True,14.92681047765787,False,True,0.19902413970209754,0.327426810477649,False,False
2025-12-10,2025,623.84,-0.20316424309321235,0.49751243781094745,0.23794212218649705,0.37990510387277965,0.11876103354195866,False,True,False,True,-4.488330341114732,False,True,0.09778148243140272,0.30777122339062934,False,False
2025-12-11,2025,623.82,-0.5943749502031581,1.4707991395107989,0.5384615384615403,0.682889294988942,0.8031025288842253,False,True,False,True,-16.831778397615736,False,True,0.02404539771088121,0.9778461735757138,False,True
2025-12-12,2025,622.08,-0.5658386880214805,1.2402097119657323,0.4884650083773773,0.6380208333333304,0.6129809636254979,False,True,False,True,-93.3963477366262,False,False,0.2346965020576075,0.9524498456790265,False,True
2025-12-15,2025,618.39,0.7855664390371109,0.8458692569715036,1.0077071290944053,-0.006468409903126471,0.8529584447778848,True,True,False,True,-132.9258235094366,False,True,0.004851307427355955,1.4667119455359812,False,False
2025-12-16,2025,608.26,-0.36528034857246094,1.212141067011741,0.5081081081081085,0.5984283036859273,0.6220016542597184,True,False,True,False,3.9456811232030375,True,False,0.6954262979646852,0.21208036037220213,False,True
2025-12-17,2025,613.06,0.2059496567505814,0.8466819221967882,0.6003861003860869,0.33765047466807196,0.5098778588408681,False,True,False,True,-38.33230026424661,False,True,0.09623854108897767,0.6801944344762223,False,False
2025-12-18,2025,609.75,1.564061563062169,1.2975548004530555,0.980744544287551,0.02460024600245969,1.2688711365032912,True,False,True,False,17.71053710537096,True,False,0.23124231242312998,0.4641246412464217,False,True
2025-12-19,2025,611.96,0.4612985307395734,0.4842813756874221,0.7152542372881567,0.13726387345576185,0.34598671804542125,True,False,True,False,56.21282436760522,False,False,0.9248970520949085,0.014706843584555429,True,False
2025-12-22,2025,621.36,0.6674875251117873,0.6380014257015265,0.9771457592686568,0.014484356894550743,0.6231457850211841,True,False,True,False,-35.084331144586976,True,False,0.04667181666022646,0.4196440066949858,False,False
2025-12-23,2025,618.2,-0.1550487757606911,0.45707087021124226,0.3003533568904751,0.320284697508888,0.13768526767636846,True,False,True,False,11.303785182787962,True,False,0.40682626981558556,0.0679391782594796,True,False
2025-12-26,2025,624.67,0.2358793324775288,0.3241335044929367,0.7277227722771915,0.08804648854596753,0.2358793324775288,True,True,True,True,-5.282789312756053,True,True,0.13527142331151154,0.24492932268237455,True,False
2025-12-29,2025,620.13,-0.5947037701974911,0.8715375737368575,0.22254919992643624,0.6816312708625594,0.19550184191818865,False,False,False,False,14.513085965845995,False,False,0.42732975343879875,0.1773821618047844,False,False
2025-12-30,2025,619.84,-0.16750418760468344,0.25447751578405503,0.10759493670890402,0.2274780588539027,0.0274339567834625,True,True,True,True,1.6939855446573837,True,True,0.3081440371708766,0.0742127000516346,True,False
2026-01-05,2026,619.3,1.012901857802273,1.099186090133591,0.985161003116186,0.016147263038912563,1.0836335265342445,True,False,True,False,10.981753592766985,True,False,0.15016954626192458,0.41659938640399297,False,False
2026-01-06,2026,619.23,0.20713649971679793,0.5518245812767971,0.7448680351906121,0.14049706894045944,0.41187630738295233,True,False,True,False,51.67708282867389,True,False,0.5426093697010748,0.11142870984933717,False,False
2026-01-07,2026,623.04,-0.06896883570982615,0.27747926925112965,0.9075144508670057,0.025680534155125834,0.2526268363718165,True,False,True,False,28.730097586031622,False,False,0.3386620441705235,0.07704160246533309,True,False
2026-01-08,2026,623.03,-0.1650482325417424,0.559032785309104,0.7853928397397351,0.12017077829318268,0.44172886875493145,False,True,False,True,-34.66927756287763,False,True,0.06259730671074326,0.839445933582661,False,False
2026-01-09,2026,621.41,0.15795496671664466,0.6479377206131203,0.3507462686567101,0.42001255209926924,0.22741935483869824,True,True,True,True,53.58780837128485,True,True,0.5608213578796706,0.3781722212388039,False,False
2026-01-12,2026,622.3,-0.6973367162940614,0.49308248360381574,0.8737864077669593,0.06267073758638997,0.43576500968365295,True,False,True,False,67.1701751566789,False,False,0.7166961272698114,0.0064277679575730495,False,False
2026-01-13,2026,627.27,0.012755305409828388,0.6553038154307328,0.45498783454987796,0.35710300189710775,0.29900863447394066,False,True,False,True,-41.60887656033285,False,True,0.3507261625775193,0.5308718733559648,False,False
2026-01-14,2026,622.24,-0.6212767316691403,0.7044862887898591,0.1995012468827945,0.5674659295448636,0.1416248229689776,False,True,False,True,-49.33787606068441,False,True,0.19445872975059064,0.8019413731036318,False,False
2026-01-15,2026,626.61,1.1232147179859764,1.428225611232151,0.9276836158192108,0.10213689535756298,1.3276196636481385,True,False,False,False,-23.459568152439658,False,False,0.1053286733374792,0.319177797992376,False,True
2026-01-16,2026,625.51,0.6193095904513779,0.7151819322459265,0.9437696806117862,0.03996738661251609,0.6753429023006019,True,True,True,True,-76.09790411024608,True,True,0.09112564147655267,0.7753673002829697,False,False
2026-01-20,2026,610.52,-1.6939327579543972,2.3629717892567417,0.23645655877342495,1.835320710214261,0.5716168355160312,False,False,False,False,47.762563060997905,False,False,0.5036690034724511,0.032758959575429625,False,True
2026-01-21,2026,609.47,0.23518189592790506,0.9029011249259932,0.7304189435336947,0.24283393768356198,0.6623063455884814,True,False,True,False,72.75993896336041,False,False,0.7563949004873116,0.2635896762761103,False,False
2026-01-22,2026,622.36,1.012789716289042,0.9798253586963491,0.957445046298601,0.041278359791752095,0.9374290440818722,False,False,False,False,-52.38125843563202,False,False,0.01606787068577642,0.7359084774085756,False,False
2026-01-23,2026,619.71,-0.17236380038015975,0.7377815006926653,0.3537117903930197,0.47764276839166175,0.26209775275445324,True,False,True,False,53.8961772441926,False,False,0.605121750496207,0.1710477481402739,False,False
2026-01-26,2026,623.21,0.06904524872346496,0.6198015350524905,1.0077720207254113,-0.004813786685076149,0.6281082477556099,True,False,True,False,36.42431925033218,False,False,0.5208517193241446,0.17490091622407444,False,False
2026-01-27,2026,628.91,0.5483788450469929,0.8567819914305873,0.7312931517073998,0.22896757882686636,0.6270490295060327,True,False,True,False,22.419742093464645,True,False,0.34345136824029954,0.24963826302649705,False,False
2026-01-28,2026,635.46,0.6940482981555363,1.10176205869303,0.6907809578599187,0.3383375822239021,0.7615867262235954,False,False,False,False,-12.117206433134298,False,False,0.17939760173733,0.17310294904478996,False,False
2026-01-29,2026,632.67,-0.047395611166412,0.5418898210025852,0.0,0.5421467747799058,0.0,False,True,False,True,-150.94757140373227,False,False,0.15806028419238505,1.5758610333981293,False,False
2026-01-30,2026,625.7,-0.5815431549510586,0.9787720859285574,0.7256493506493589,0.2700974908102838,0.7195402668898732,True,False,True,False,-15.34281604602894,True,False,0.40850247722550304,0.16781205050344639,False,False
2026-02-02,2026,618.69,-0.5017609880831553,1.8259596983001307,0.7609652985731961,0.43866880020688725,1.416277354315243,True,False,True,False,125.91119946984807,False,False,1.4401396499054364,0.004848955050196224,False,True
2026-02-03,2026,628.28,0.3257537046499781,0.39282064384260384,0.08536585365850784,0.3581205831794776,0.03343576352952127,False,True,False,True,-148.97816260266094,False,False,0.2705799961800537,1.782644680715595,True,False
2026-02-04,2026,615.05,-0.22710682131561466,0.7364749776948598,0.3193832599118818,0.5023981790098331,0.23631029986961316,False,True,False,True,-54.14193967969938,False,True,0.008129420372338103,1.099097634338675,False,False
2026-02-05,2026,600.21,-0.8932994286846463,1.6495492222846024,0.14614614614614965,1.4211692574265689,0.24384133611692338,False,True,False,True,-76.97305942919952,False,True,0.7663984272171298,0.8813581912997193,False,True
2026-02-06,2026,600.23,0.534302559292521,1.7787752914377606,0.7467043314500998,0.44816153807705206,1.3388485564747699,True,False,True,False,56.978158372622545,True,False,0.8963230761541485,0.24324009129834678,False,True
2026-02-09,2026,607.54,-0.3428308974295913,1.103948296507702,0.3298662704308982,0.7423379530565821,0.3667481662591454,True,True,True,False,49.13256740296967,True,False,0.7736116140501181,0.4065575929156795,False,False
2026-02-10,2026,615.32,0.16115117282242686,0.5094981524587939,0.6421725239616723,0.18201911200677046,0.32772985928815057,True,True,True,True,9.913540921795416,True,True,0.2762790092959655,0.47454982773191823,True,False
2026-02-11,2026,616.39,0.8029698436579968,1.1905540655458842,0.8914835164835211,0.12816560943558208,1.0641088703066126,True,True,True,True,-134.1683025357321,True,True,0.18332549197748182,1.4114440532779438,False,False
2026-02-12,2026,614.71,0.27895595432301246,0.48939641109298526,0.4033333333333455,0.2911942216655028,0.19722901385492708,False,True,False,True,-44.411185762391895,False,False,0.1789461697385697,0.6897561451741474,True,False
2026-02-13,2026,600.42,-0.023311575862527967,0.8092447049420564,0.6172839506172823,0.30978315179375215,0.5021592849251855,True,True,True,True,42.137170647214006,True,True,0.5096432497252001,0.66620032643816,False,False
2026-02-17,2026,598.4,-0.5616670544052682,1.2132340722523067,0.4561019038487822,0.6636029411764666,0.5595980304837989,False,True,False,True,-53.47593582887611,False,True,0.6350267379679364,0.787098930481267,False,False
2026-02-18,2026,602.11,0.15136393878907306,0.6736526946107708,0.08888888888889325,0.6128448290179334,0.05982550893228744,True,True,True,True,98.9852352560172,False,True,1.0562853963561603,0.23085482719104045,False,False
2026-02-19,2026,602.81,-0.47713389466734757,1.0170051180452315,0.1493506493506435,0.8692622882832124,0.15285185000579737,False,True,False,True,9.787495230670906,False,True,0.4661501965793624,0.28533036943645396,False,False
2026-02-20,2026,600.12,-0.5600662800331446,1.144987572493781,0.06078147612155731,1.081450376591353,0.07003501750875163,True,True,True,False,103.81257081917062,True,False,1.4763713923881872,0.14830367259881516,False,False
2026-02-23,2026,606.63,-0.35480214852411374,0.8377272951263833,0.8176470588235359,0.1533059690420835,0.6921621352454776,True,False,False,False,-43.68395892059396,False,False,0.22748627664308518,0.5612976608476261,False,False
2026-02-24,2026,602.33,0.14464802314368974,0.5470022944169127,0.28875379939211426,0.38849135855758554,0.15797000232797842,True,True,True,True,83.84108379127619,True,True,0.848372154798871,0.43165706506400614,False,False
2026-02-25,2026,611.11,0.5445870352089655,0.6252056597564914,0.8973684210526339,0.06381829785144788,0.5611321375678768,True,False,True,False,67.90921438038833,False,False,0.7821832403331674,0.018000032727338855,False,False
2026-02-26,2026,615.59,-0.15084668786088384,0.5174203594368479,0.4451410658307362,0.28752903718383127,0.23120634352054026,False,True,False,True,-160.65888009876628,False,False,0.0,1.7934014522653197,False,False
2026-02-27,2026,602.98,-1.030758625217476,1.2047401766076933,0.06403269754768737,1.1393412716839801,0.07800700403313154,False,True,False,False,63.02033234933057,False,False,0.7330259710106368,0.13101595409465983,False,True
2026-03-02,2026,598.88,-1.4108157049963044,2.0347353691661887,0.3195792880258933,1.4042880042746342,0.6639436572369872,False,False,False,False,96.34651349185175,False,False,1.232300293881905,0.14861074004808295,False,True
2026-03-03,2026,596.33,-1.9323115379555333,2.51841862912774,0.2618519002220191,1.895594721043703,0.6769989195029691,False,True,False,True,-72.1077255881819,False,True,0.5131386983717068,0.7479080374960256,False,True
2026-03-04,2026,604.16,0.4138481227250912,1.7094088121395397,0.8351968886728192,0.28055481991526854,1.4423157647295737,True,False,True,False,113.04952330508434,True,False,1.1470471398305149,0.12082891949153352,False,True
2026-03-05,2026,607.39,-0.517566128900171,0.9630660879534838,0.09693877551019332,0.8742323712935818,0.0939323028245509,True,False,False,False,10.289929040649959,False,False,0.8841107031726025,0.003292777293006921,False,False
2026-03-06,2026,600.31,-1.4107406799146016,2.085268516997857,0.13602999086412215,1.8273891822558452,0.28854821755652793,False,True,False,False,55.3047592077438,False,False,0.5813662940813868,0.29484766204127544,False,True
2026-03-09,2026,594.2,-0.9352961771227353,1.6471882762874905,0.8431174089068871,0.2608549309996544,1.421817126666336,True,False,True,False,-12.285425782565529,True,False,0.3820262537866048,0.4830023561090524,False,True
2026-03-10,2026,607.78,0.004113499683255917,1.1106449144803416,0.4414814814814842,0.620290236598775,0.4927248677248697,False,False,False,False,5.594129454737917,False,False,0.360327750172762,0.38829839744645156,False,False
2026-03-11,2026,608.96,0.21558462930963973,0.8853780959433878,0.6245353159851331,0.3317130846032468,0.5548216644649884,True,False,True,False,-3.4485023646879664,True,False,0.5698239621649837,0.22661586967944736,False,False
2026-03-12,2026,602.73,-0.8227337798035306,1.1444226877066999,0.2214234363767045,0.8984122243790749,0.2561586187394882,False,True,False,True,-63.71011895873857,False,True,0.23393559305160405,0.6371011895873857,False,False
2026-03-13,2026,599.76,0.40512940703785194,1.3643820939498403,0.7374233128834365,0.3568093904228409,1.0122105263157932,True,False,True,False,11.41623315993101,True,False,0.6402394291049829,0.1383886888088659,False,True
2026-03-16,2026,600.04,1.0695817682628839,0.8438747494483636,0.8483033932135744,0.1266582227851476,0.7133385924570801,True,False,True,False,23.998400106659545,True,False,0.4266382241183919,0.13499100059994884,False,False
2026-03-17,2026,603.14,0.4714230980660039,1.1643983941630174,0.907010014306155,0.10776934045162445,1.0623324396782818,True,False,True,False,24.70404881122157,True,False,0.45760519945616807,0.1425871273667778,False,False
2026-03-18,2026,601.49,-0.31653960888299304,1.3689095127610196,0.18523002421307197,1.1188880945651736,0.2550170011333952,False,True,False,True,-41.89595837004734,False,True,0.2776438511030932,0.4621855724949664,False,True
2026-03-19,2026,589.51,-0.8860418978445805,1.045764820605943,0.08199356913183098,0.9686010415429935,0.08658743633276345,False,True,False,True,0.0,False,True,0.4851486828043594,0.41220674797712853,False,False
2026-03-20,2026,591.1,-0.3187237558812117,1.2209312130052798,0.5580110497237669,0.5413635594653909,0.6881749735972553,False,True,False,True,-87.21028590762958,False,True,0.011842327863287316,0.9922178988326813,False,False
2026-03-23,2026,590.52,1.4447441205270417,4.0799848825823295,0.7271578947368413,1.0973379394431992,3.012647187091133,False,False,False,False,56.64499085551667,False,False,0.7721838379733059,0.2572309151256502,False,True
2026-03-24,2026,584.81,-0.572953857662617,1.2598184229317502,0.19028340080971312,1.0259742480463796,0.24168666438120212,False,True,False,True,-20.17749354491172,False,True,0.2513636907713668,0.4924676390622551,False,False
2026-03-25,2026,589.14,0.8922302330758969,1.2540886750124123,0.6449542537211485,0.4413212479207118,0.8081558202447825,False,False,False,False,18.841022507383176,False,False,0.3785178395627531,0.4175577961095911,False,False
2026-03-26,2026,582.59,-0.8762377922210463,1.2777758872971026,0.2663115845539284,0.9457766182049188,0.34447716977556997,False,True,False,True,6.522597366931393,False,True,0.35016049022467133,0.3673252201376598,False,False
2026-03-27,2026,570.8,-0.5037563841098991,1.6594327947149126,0.20168067226890365,1.3314646110721862,0.33750527351990023,False,True,False,True,-74.80728801681823,False,True,0.03854239663629855,0.814646110721795,False,True
2026-03-30,2026,567.38,0.8675555555555547,1.1644444444444364,0.7908396946564864,0.24146074940956108,0.9213802917111158,False,True,False,False,-78.51880573865877,False,False,0.11808664387182866,0.9288307659769401,False,False
2026-03-31,2026,564.29,1.0747102760214178,1.3824356517222367,0.8328582534335236,0.22860585868968997,1.1522562927749114,True,False,True,False,78.86016055574262,True,False,0.8435378971805241,0.010632830636714274,False,True
2026-04-01,2026,581.49,0.7537166025574527,1.4627300135149197,0.5617152333570193,0.6362964109443148,0.8221961757994833,False,False,False,False,40.241448692153185,False,False,0.49355964848922795,0.18401004316498382,False,True
2026-04-02,2026,573.97,-1.7612022044979914,1.2819635093965032,0.30841121495327856,0.9024861926581362,0.4040863450302634,True,False,True,False,74.21990696377945,True,False,1.3990278237538512,0.3571615241214854,False,False
2026-04-06,2026,586.21,0.20683760683761765,0.8218803418803408,0.34692179700499354,0.5356442230599834,0.28535160860982955,True,False,True,False,39.405673734667076,True,False,0.750584261612719,0.08188191944866752,False,False
2026-04-07,2026,585.63,-0.49106232583429055,1.177530075443477,0.38383838383838204,0.7291293137305033,0.45628419987306934,False,True,False,True,-55.15427829858477,False,True,0.24418147977391946,1.0142923005993398,False,False
2026-04-08,2026,608.71,3.4007712038594207,0.7610117379265858,0.6964285714285696,0.22342330502209684,0.515200052841025,False,True,False,True,-58.484335726373125,False,True,0.19549539189431808,0.6324850914228519,False,False
2026-04-09,2026,605.93,0.006601858423138651,0.5099935631880427,0.9805825242718257,0.009902133909878152,0.5025709072814744,True,False,True,False,-39.60853563943046,True,False,0.1221263182215715,0.4687010050665741,True,False
2026-04-10,2026,611.82,0.2917841453019543,0.6458592879155555,0.7005076142132148,0.19286718315842943,0.453157324401543,True,False,True,False,9.80680592330918,True,False,0.21084632735117737,0.18959824785068635,True,False
2026-04-13,2026,609.47,-0.253674184151087,1.298157179797718,0.8560262228946122,0.18737591678015253,1.1266343664963374,True,False,True,False,31.174627135051036,True,False,0.45613401808128895,0.2231446994930053,False,False
2026-04-14,2026,620.23,0.47139247067971013,0.7748007516361068,0.6905707714823305,0.23862115666768435,0.5353955978584235,True,False,True,False,56.10821791915966,True,False,0.5723683149799097,0.020959966464051405,False,False
2026-04-15,2026,629.08,0.08113654803760806,0.4502282959733883,0.752650176678463,0.1112736059006636,0.3397400111651683,True,False,True,False,42.04552680104223,True,False,0.42125007948115023,0.1398868188465685,True,False
2026-04-16,2026,639.24,0.29417994398814873,0.5394083452966492,0.6742292030250121,0.1752080595707417,0.36393781342141107,False,True,False,True,-33.47725423940906,False,True,0.0531881609411311,0.6233965333833913,True,False
2026-04-17,2026,645.53,0.7994878281101236,1.3975421995284343,0.6681564245810042,0.4600870602450735,0.9350324446876668,False,False,False,False,17.040261490559594,False,False,0.30982293619197243,0.22617074342012877,False,True
2026-04-20,2026,648.04,-0.106361660475085,0.8872720546298108,0.7748436414176415,0.19998765508302263,0.6929985394201088,False,False,False,False,-25.229924078760124,False,False,0.11110425282390146,0.30245046602060954,False,False
2026-04-21,2026,648.41,0.2489177489177541,0.37878787878788583,0.11020408163264359,0.336207029502944,0.04165766655352954,False,True,False,True,11.693218796748894,False,True,0.2760599003716946,0.3716784133495743,True,False
2026-04-22,2026,650.15,0.9079621294428186,0.48168555020953807,0.8506524891251621,0.07129124048297353,0.4077157109542595,True,False,True,False,40.144582019534525,True,False,0.40606013996768997,0.2507113742982403,True,False
2026-04-23,2026,653.49,-0.24271844660194164,0.8548574219942637,0.5160714285714241,0.41469647584508884,0.44420534890869945,False,False,False,False,0.765122649160066,False,False,0.32594224854243237,0.180568945201931,False,False
2026-04-24,2026,658.51,1.0899433536482483,1.5768870603767113,0.6427180685358272,0.5573187954624803,1.0127195861992844,False,False,False,False,-4.70759745485938,False,False,0.20348969643588788,0.3006636193831569,False,True
2026-04-27,2026,663.4,-0.07982769267843581,0.5693371289141886,0.16666666666666666,0.4748266505878673,0.09505559998188584,False,True,False,True,-18.540850165812415,False,True,0.08290624057885054,0.40850165812480466,True,False
2026-04-28,2026,657.46,-1.0266754982838466,1.46173300415488,0.30484037075180487,1.0266784291059539,0.4522536287242307,False,False,False,False,2.7378091442820107,False,False,0.3315791074742114,0.33233961001430945,False,True
2026-04-29,2026,658.62,0.1596788174643038,0.4516629408275966,0.1346801346801258,0.39020983268045484,0.06076995533408347,False,True,False,True,21.713582946161214,False,True,0.2520421487352209,0.3082354012936217,True,False
2026-04-30,2026,665.39,0.5713335650912033,1.2968365048895936,0.8414918414918406,0.20439140954928714,1.0969810231399313,False,True,False,True,-94.0801635131272,False,True,0.0037571950284753797,1.1767534829198012,False,False
2026-05-01,2026,669.14,0.23067705212702627,0.4089275014979056,0.9230769230769102,0.03138356696656963,0.378026461852321,True,False,True,False,85.63230415159717,False,False,0.989329587231369,0.05081148937442492,True,False
2026-05-04,2026,674.66,0.07416637000119408,1.0783790198172514,0.6299862448418072,0.3987193549343404,0.6835004775548992,False,False,False,False,5.484243915454545,False,False,0.20751193193608852,0.16452731746361415,False,False
2026-05-05,2026,677.97,0.7564498870526792,0.6524194507192941,0.9088838268792759,0.05899966075195717,0.5920056974984433,True,False,True,False,46.462232842161555,False,False,0.5147720400607625,0.0678496098647452,False,False
2026-05-06,2026,687.75,0.9126524144204895,1.1694276114037574,0.2547051442910873,0.8636859323882362,0.2960391996733369,False,False,False,False,9.451108687750231,False,False,0.4027626317702593,0.18466012359141804,False,False
2026-05-07,2026,696.58,0.14448477878015176,0.44423678251806514,0.5048543689320527,0.21964454908265374,0.22445397254755584,True,False,True,False,42.20620747078519,False,False,0.5153751184357791,0.14930086996469694,True,False
2026-05-08,2026,699.92,0.718057933892613,1.1218396097448735,0.7056182657773142,0.3278946165276242,0.7921730252196335,True,False,True,False,79.15190307463904,True,False,0.9801120128014595,0.06000685792660887,False,False
2026-05-11,2026,710.34,-0.10828141918971523,0.4359381811534112,0.358064516129034,0.28014753498324385,0.1565077619390065,True,False,True,False,-7.179660444294189,True,False,0.4448573922346988,0.10276768871244624,True,False
2026-05-12,2026,708.2,-0.7261207210743192,1.0872185931761436,0.4125838060856185,0.6433210957356605,0.4539007092198677,False,True,False,False,-44.6187517650376,False,False,0.27958203897202605,0.46032194295396733,False,False
2026-05-13,2026,709.965,0.3895589711683911,0.8653723787842373,0.35702614379085906,0.5542526744276133,0.30871174658793077,False,True,False,True,-16.55011162522202,False,True,0.0007042600691509193,0.7232750910256103,False,False
2026-05-14,2026,714.62,0.02099458339748228,0.6452335297493266,0.1583514099783115,0.5429459013181814,0.10225665018419594,True,False,True,False,49.956620301698784,True,False,0.7094679689905181,0.05597380425960141,False,False
2026-05-15,2026,710.15,-1.331054701068457,1.725786058660878,0.2672892681748614,1.2815602337534315,0.46970275738154044,False,True,False,True,4.013236640145745,False,True,0.35485460818136527,0.6477504752517071,False,True
2026-05-18,2026,711.54,0.372407955988141,1.438848920863316,0.8078431372548992,0.275458863872724,1.17161950803355,False,False,False,False,-62.39143266717262,False,False,0.0744863254349859,0.7055119880821858,False,True
2026-05-19,2026,699.84,-0.8317864278527987,1.1095209080216983,0.1430395913154553,0.9587905807041608,0.16029310739638092,False,True,False,True,-48.725422953819205,False,True,0.7558870598993961,0.6558641975308643,False,False
2026-05-20,2026,705.29,0.5345383014510929,1.0105624768366799,0.677057620424561,0.3246182421415389,0.6852346214792471,True,False,True,False,47.07283528761374,True,False,0.5529640289809956,0.21267847268499063,False,False
2026-05-21,2026,708.99,-0.5721738398754783,0.9564278401839842,0.1304985337243394,0.8364010775892439,0.1256884620816301,False,True,False,True,-10.22581418637758,False,True,0.4090325674551032,0.31312148267254036,False,False
2026-05-22,2026,718.08,0.5080831408776021,0.8578067044579755,0.669810397154328,0.2818070409982054,0.5749501032949356,True,False,True,False,-5.0133689839571005,True,False,0.45259581105170366,0.2966243315507988,False,False
2026-05-26,2026,725.96,1.1889661709156396,1.2031835858550748,0.9131139944392963,0.10331147721638345,1.0976523441743158,True,False,True,False,54.54983745661002,True,False,0.6019615405807421,0.24794754531931584,False,False
2026-05-27,2026,732.96,0.37660399063284,1.0773613070212782,0.410194483284614,0.6330495524994539,0.44221653673330863,False,True,False,True,-90.11405806592433,False,True,0.04911591355598599,0.9945972495088551,False,False
2026-05-28,2026,729.73,0.032899697048627274,1.0884316440252855,0.877833753148612,0.13292587669413436,0.9643588466434316,True,False,True,False,30.146766612308973,True,False,0.42755539720169544,0.45496279445823573,False,False
2026-05-29,2026,737.84,0.3126954346466704,0.4065040650406517,0.9933110367893038,0.002710614767420516,0.40415311551702526,True,False,True,False,8.945028732516569,True,False,0.513661498427842,0.10842459069717592,True,False
2026-06-01,2026,737.05,-0.16254656281747826,0.9847612597358594,0.1678129298486818,0.8208398344752732,0.16579916556811458,False,False,False,False,14.653008615426177,False,False,0.41788209755104777,0.14381656604028903,False,False
2026-06-02,2026,742.4,-0.03904724716908836,0.7338189554188062,0.8605504587155962,0.10237068965517349,0.6357511759363277,True,False,True,False,1.346982758620996,True,False,0.30441810344827847,0.4269935344827558,False,False
2026-06-03,2026,747.31,0.1621766519233292,0.7757807264441745,0.8154662151655855,0.14292596111387113,0.6356131916669838,True,True,False,True,-10.16980904845366,False,True,0.1793097911174879,0.8430236448060291,False,False
2026-06-04,2026,735.48,-1.177039664624313,1.4272277759862504,0.23065336094897657,1.1111111111111072,0.33422915842462597,False,True,False,True,22.978191113285362,False,True,0.31679991298199095,0.38886169576330953,False,True
2026-06-05,2026,730.06,-1.409858203916281,1.4186360567184328,0.048548310328414196,1.3690655562556442,0.06990610650401408,False,True,False,True,-69.85864175547252,False,False,0.22326932032985525,0.9204722899487594,False,True
2026-06-08,2026,717.8,1.7780676629895353,2.1637410316762598,0.8741808650065482,0.26748397882419006,1.893649036141154,False,False,False,False,-3.343549735302931,False,False,0.19643354694902637,0.6589579269991486,False,True
2026-06-09,2026,722.98,0.972039887153997,1.0721767548392533,0.970040380356908,0.03181277490387213,1.0407626203124076,True,True,True,True,-97.23643807574179,True,True,0.3706879858363932,1.2406982212509354,False,False
2026-06-10,2026,701.66,-0.8786800022602792,1.6443464994066772,0.5154639175257738,0.8038081121910956,0.862490296984153,True,False,True,False,109.59724082889144,True,False,1.298349628024975,0.2907391044095431,False,True
2026-06-11,2026,699.29,0.8029176036441044,1.373753099233116,0.533053515215104,0.6363597363039819,0.7317670445542213,True,False,True,False,39.89761043344142,True,False,1.0196055999656783,0.35321540419567254,False,False
2026-06-12,2026,717.61,0.1633074646864907,1.369270280833,0.571865443425081,0.5852761249146354,0.7879213483146019,False,True,False,True,6.340491353242772,False,True,0.4466214238932009,0.8820947311213634,False,False
2026-06-15,2026,738.08,2.3306112828760384,0.6419232742246309,0.9676025917926615,0.020323000216770915,0.6106870229007688,True,False,True,False,39.45371775417206,False,False,0.5311077389984709,0.09484066767830868,True,False
2026-06-16,2026,742.25,-0.21375564637556854,0.6224456872445681,0.1295896328293787,0.542943752105085,0.08090069439763425,False,True,False,True,-42.30380599528405,False,True,0.2654092286965337,0.4513304142809038,True,False
2026-06-17,2026,735.19,0.7440802455601858,0.6385661039245736,0.6845493562231924,0.19994831268106417,0.4357923497267935,False,True,False,True,-4.896693371782002,False,True,0.06664943756033992,0.6678545682068715,False,False
2026-06-18,2026,737.2,2.034602076124581,2.163460207612453,0.9744098266265768,0.054259359739550206,2.109647367130729,True,False,True,False,-22.78893109061375,True,False,0.16684753119911022,0.636190992946295,False,True
2026-06-22,2026,742.02,0.3190655165887124,1.1113214179487911,0.854014598540141,0.16172070833671004,0.9551020408163247,True,False,True,False,-21.360610226139887,True,False,0.4622516913290742,0.25201477049136,False,False
2026-06-23,2026,715.74,-3.0163915767051797,3.0673400171544563,0.04329195564783389,3.0258194316372,0.13710895965080017,False,True,False,True,87.6715008243223,False,True,1.0995612932070298,0.34370022633918307,False,True
2026-06-24,2026,715.4,0.23959982625507692,0.7594333674284295,0.25645756457564517,0.5633212188985048,0.19467514460582702,False,True,False,True,-3.4945485043336166,False,True,0.433310036343304,0.6318143695834499,False,False
2026-06-25,2026,725.9,2.157422913998608,0.8697243058389672,0.5922330097087375,0.34715525554482873,0.5067567567567544,False,True,False,True,-187.2158699545401,False,False,0.12811682049869155,2.8378564540570306,False,False
2026-06-26,2026,707.13,-1.274676793343199,1.7092955072180407,0.28832802417708003,1.2321638171199023,0.5017055144968641,False,True,False,True,78.20344208278485,False,True,1.0182003309151089,0.6109201985490698,False,True
2026-06-29,2026,713.99,1.1546526124900813,1.5313668820129163,0.7400314552687618,0.39356293505510287,1.1330172764242086,True,True,True,True,-30.112466561156292,True,True,0.6540707853051053,1.2350313029594218,False,True
2026-06-30,2026,724.18,0.03177014987221227,0.72656951446923,0.22433460076044714,0.5633958408130635,0.16320885200553636,True,False,True,False,121.63274324063167,True,False,1.2607362810350908,0.037283548289102075,False,False
2026-07-01,2026,729.18,-0.8943133630531785,1.1229205175600663,0.0593076736867464,1.0658547957980158,0.0672439583361717,False,True,False,True,15.085438437696386,False,True,0.289366137304925,0.5019336789270135,False,False
2026-07-02,2026,725.56,0.05516024049865287,1.638259142809862,0.5143097643097561,0.7952478085892389,0.8492598512752636,False,False,False,False,-47.27382986934203,False,False,0.7263355201499566,0.5568112905893319,False,True
2026-07-06,2026,719.84,0.9961556808934624,0.7730729298201294,0.5444646098003639,0.3486885974661069,0.4185034317281344,True,False,True,False,59.179817737273765,True,False,0.6939042009335372,0.19309846632584726,False,False
